/* The picture a corona is drawn with (dc_corona): a white star glow on
 * black, so the vertex colour tints it and adding it over the frame leaves
 * the black out. From corona.png, made 128x128 and grey, the same 32 levels in
 * each of R, G and B (plain RGB565 goes rainbow on grey), ordered dither.
 * RGB565, not twiddled. */
#define CORONA_DEFAULT_SIZE 128
static const uint16_t corona_default[CORONA_DEFAULT_SIZE * CORONA_DEFAULT_SIZE]
    __attribute__((aligned(32))) = {
  0x0000, 0x0000, 0x0000, 0x0000, 0x0000, 0x0000, 0x0000, 0x0000, 0x0000, 0x0000, 0x0000, 0x0000,
  0x0000, 0x0000, 0x0000, 0x0000, 0x0000, 0x0000, 0x0000, 0x0000, 0x0000, 0x0000, 0x0000, 0x0000,
  0x0000, 0x0000, 0x0000, 0x0000, 0x0000, 0x0000, 0x0000, 0x0000, 0x0000, 0x0000, 0x0000, 0x0000,
  0x0000, 0x0000, 0x0000, 0x0000, 0x0000, 0x0000, 0x0000, 0x0000, 0x0000, 0x0000, 0x0000, 0x0000,
  0x0000, 0x0000, 0x0000, 0x0000, 0x0000, 0x0000, 0x0000, 0x0000, 0x0000, 0x0000, 0x0000, 0x0000,
  0x0000, 0x0000, 0x0000, 0x0000, 0x0000, 0x0000, 0x0000, 0x0000, 0x0000, 0x0000, 0x0000, 0x0000,
  0x0000, 0x0000, 0x0000, 0x0000, 0x0000, 0x0000, 0x0000, 0x0000, 0x0000, 0x0000, 0x0000, 0x0000,
  0x0000, 0x0000, 0x0000, 0x0000, 0x0000, 0x0000, 0x0000, 0x0000, 0x0000, 0x0000, 0x0000, 0x0000,
  0x0000, 0x0000, 0x0000, 0x0000, 0x0000, 0x0000, 0x0000, 0x0000, 0x0000, 0x0000, 0x0000, 0x0000,
  0x0000, 0x0000, 0x0000, 0x0000, 0x0000, 0x0000, 0x0000, 0x0000, 0x0000, 0x0000, 0x0000, 0x0000,
  0x0000, 0x0000, 0x0000, 0x0000, 0x0000, 0x0000, 0x0000, 0x0000, 0x0000, 0x0000, 0x0000, 0x0000,
  0x0000, 0x0000, 0x0000, 0x0000, 0x0000, 0x0000, 0x0000, 0x0000, 0x0000, 0x0000, 0x0000, 0x0000,
  0x0000, 0x0000, 0x0000, 0x0000, 0x0000, 0x0000, 0x0000, 0x0000, 0x0000, 0x0000, 0x0000, 0x0000,
  0x0000, 0x0000, 0x0000, 0x0000, 0x0000, 0x0000, 0x0000, 0x0000, 0x0000, 0x0000, 0x0000, 0x0000,
  0x0000, 0x0000, 0x0000, 0x0000, 0x0000, 0x0000, 0x0000, 0x0000, 0x0000, 0x0000, 0x0000, 0x0000,
  0x0000, 0x0000, 0x0000, 0x0000, 0x0000, 0x0000, 0x0000, 0x0000, 0x0000, 0x0000, 0x0000, 0x0000,
  0x0000, 0x0000, 0x0000, 0x0000, 0x0000, 0x0000, 0x0000, 0x0000, 0x0000, 0x0000, 0x0000, 0x0000,
  0x0000, 0x0000, 0x0000, 0x0000, 0x0000, 0x0000, 0x0000, 0x0000, 0x0000, 0x0000, 0x0000, 0x0000,
  0x0000, 0x0000, 0x0000, 0x0000, 0x0000, 0x0000, 0x0000, 0x0000, 0x0000, 0x0000, 0x0000, 0x0000,
  0x0000, 0x0000, 0x0000, 0x0000, 0x0000, 0x0000, 0x0000, 0x0000, 0x0000, 0x0000, 0x0000, 0x0000,
  0x0000, 0x0000, 0x0000, 0x0000, 0x0000, 0x0000, 0x0000, 0x0000, 0x0000, 0x0000, 0x0000, 0x0000,
  0x0000, 0x0000, 0x0000, 0x0000, 0x0000, 0x0000, 0x0000, 0x0000, 0x0000, 0x0000, 0x0000, 0x0000,
  0x0000, 0x0000, 0x0000, 0x0000, 0x0000, 0x0000, 0x0000, 0x0000, 0x0000, 0x0000, 0x0000, 0x0000,
  0x0000, 0x0000, 0x0000, 0x0000, 0x0000, 0x0000, 0x0000, 0x0000, 0x0000, 0x0000, 0x0000, 0x0000,
  0x0000, 0x0000, 0x0000, 0x0000, 0x0000, 0x0000, 0x0000, 0x0000, 0x0000, 0x0000, 0x0000, 0x0000,
  0x0000, 0x0000, 0x0000, 0x0000, 0x0000, 0x0000, 0x0000, 0x0000, 0x0000, 0x0000, 0x0000, 0x0000,
  0x0000, 0x0000, 0x0000, 0x0000, 0x0000, 0x0000, 0x0000, 0x0000, 0x0000, 0x0000, 0x0000, 0x0000,
  0x0000, 0x0000, 0x0000, 0x0000, 0x0000, 0x0000, 0x0000, 0x0000, 0x0000, 0x0000, 0x0000, 0x0000,
  0x0000, 0x0000, 0x0000, 0x0000, 0x0000, 0x0000, 0x0000, 0x0000, 0x0000, 0x0000, 0x0000, 0x0000,
  0x0000, 0x0000, 0x0000, 0x0000, 0x0000, 0x0000, 0x0000, 0x0000, 0x0000, 0x0000, 0x0000, 0x0000,
  0x0000, 0x0000, 0x0000, 0x0000, 0x0000, 0x0000, 0x0000, 0x0000, 0x0000, 0x0000, 0x0000, 0x0000,
  0x0000, 0x0000, 0x0000, 0x0000, 0x0000, 0x0000, 0x0000, 0x0000, 0x0000, 0x0000, 0x0000, 0x0000,
  0x0000, 0x0000, 0x0000, 0x0000, 0x0000, 0x0000, 0x0000, 0x0000, 0x0000, 0x0000, 0x0000, 0x0000,
  0x0000, 0x0000, 0x0000, 0x0000, 0x0000, 0x0000, 0x0000, 0x0000, 0x0000, 0x0000, 0x0000, 0x0000,
  0x0000, 0x0000, 0x0000, 0x0000, 0x0000, 0x0000, 0x0000, 0x0000, 0x0000, 0x0000, 0x0000, 0x0000,
  0x0000, 0x0000, 0x0000, 0x0000, 0x0000, 0x0000, 0x0000, 0x0000, 0x0000, 0x0000, 0x0000, 0x0000,
  0x0000, 0x0000, 0x0000, 0x0000, 0x0000, 0x0000, 0x0000, 0x0000, 0x0000, 0x0000, 0x0000, 0x0000,
  0x0000, 0x0000, 0x0000, 0x0000, 0x0000, 0x0000, 0x0000, 0x0000, 0x0000, 0x0000, 0x0000, 0x0000,
  0x0000, 0x0000, 0x0000, 0x0000, 0x0000, 0x0000, 0x0000, 0x0000, 0x0000, 0x0000, 0x0000, 0x0000,
  0x0000, 0x0000, 0x0000, 0x0000, 0x0000, 0x0000, 0x0000, 0x0000, 0x0000, 0x0000, 0x0000, 0x0000,
  0x0000, 0x0000, 0x0000, 0x0000, 0x0000, 0x0000, 0x0000, 0x0000, 0x0000, 0x0000, 0x0000, 0x0000,
  0x0000, 0x0000, 0x0000, 0x0000, 0x0000, 0x0000, 0x0000, 0x0000, 0x0000, 0x0000, 0x0000, 0x0000,
  0x0000, 0x0000, 0x0000, 0x0000, 0x0000, 0x0000, 0x0000, 0x0000, 0x0000, 0x0000, 0x0000, 0x0000,
  0x0000, 0x0000, 0x0000, 0x0000, 0x0000, 0x0000, 0x0000, 0x0000, 0x0000, 0x0000, 0x0000, 0x0000,
  0x0000, 0x0000, 0x0000, 0x0000, 0x0000, 0x0000, 0x0000, 0x0000, 0x0000, 0x0000, 0x0000, 0x0000,
  0x0000, 0x0000, 0x0000, 0x0000, 0x0000, 0x0000, 0x0000, 0x0000, 0x0000, 0x0000, 0x0000, 0x0000,
  0x0000, 0x0000, 0x0000, 0x0000, 0x0000, 0x0000, 0x0000, 0x0000, 0x0000, 0x0000, 0x0000, 0x0000,
  0x0000, 0x0000, 0x0000, 0x0000, 0x0000, 0x0000, 0x0000, 0x0000, 0x0000, 0x0000, 0x0000, 0x0000,
  0x0000, 0x0000, 0x0000, 0x0000, 0x0000, 0x0000, 0x0000, 0x0000, 0x0000, 0x0000, 0x0000, 0x0000,
  0x0000, 0x0000, 0x0000, 0x0000, 0x0000, 0x0000, 0x0000, 0x0000, 0x0000, 0x0000, 0x0000, 0x0000,
  0x0000, 0x0000, 0x0000, 0x0000, 0x0000, 0x0000, 0x0000, 0x0000, 0x0000, 0x0000, 0x0000, 0x0000,
  0x0000, 0x0000, 0x0000, 0x0000, 0x0000, 0x0000, 0x0000, 0x0000, 0x0000, 0x0000, 0x0000, 0x0000,
  0x0000, 0x0000, 0x0000, 0x0000, 0x0000, 0x0000, 0x0000, 0x0000, 0x0000, 0x0000, 0x0000, 0x0000,
  0x0000, 0x0000, 0x0000, 0x0000, 0x0000, 0x0000, 0x0000, 0x0000, 0x0000, 0x0000, 0x0000, 0x0000,
  0x0000, 0x0000, 0x0000, 0x0000, 0x0000, 0x0000, 0x0000, 0x0000, 0x0000, 0x0000, 0x0000, 0x0000,
  0x0000, 0x0000, 0x0000, 0x0000, 0x0000, 0x0000, 0x0000, 0x0000, 0x0000, 0x0000, 0x0000, 0x0000,
  0x0000, 0x0000, 0x0000, 0x0000, 0x0000, 0x0000, 0x0000, 0x0000, 0x0000, 0x0000, 0x0000, 0x0000,
  0x0000, 0x0000, 0x0000, 0x0000, 0x0000, 0x0000, 0x0000, 0x0000, 0x0000, 0x0000, 0x0000, 0x0000,
  0x0000, 0x0000, 0x0000, 0x0000, 0x0000, 0x0000, 0x0000, 0x0000, 0x0000, 0x0000, 0x0000, 0x0000,
  0x0000, 0x0000, 0x0000, 0x0000, 0x0000, 0x0000, 0x0000, 0x0000, 0x0000, 0x0000, 0x0000, 0x0000,
  0x0000, 0x0000, 0x0000, 0x0000, 0x0000, 0x0000, 0x0000, 0x0000, 0x0000, 0x0000, 0x0000, 0x0000,
  0x0000, 0x0000, 0x0000, 0x0000, 0x0000, 0x0000, 0x0000, 0x0000, 0x0000, 0x0000, 0x0000, 0x0000,
  0x0000, 0x0000, 0x0000, 0x0000, 0x0000, 0x0000, 0x0000, 0x0000, 0x0000, 0x0000, 0x0000, 0x0000,
  0x0000, 0x0000, 0x0000, 0x0000, 0x0000, 0x0000, 0x0000, 0x0000, 0x0000, 0x0000, 0x0000, 0x0000,
  0x0000, 0x0000, 0x0000, 0x0000, 0x0000, 0x0000, 0x0000, 0x0000, 0x0000, 0x0000, 0x0000, 0x0000,
  0x0000, 0x0000, 0x0000, 0x0000, 0x0000, 0x0000, 0x0000, 0x0000, 0x0000, 0x0000, 0x0000, 0x0000,
  0x0000, 0x0000, 0x0000, 0x0000, 0x0000, 0x0000, 0x0000, 0x0000, 0x0000, 0x0000, 0x0000, 0x0000,
  0x0000, 0x0000, 0x0000, 0x0000, 0x0000, 0x0000, 0x0000, 0x0000, 0x0000, 0x0000, 0x0000, 0x0000,
  0x0000, 0x0000, 0x0000, 0x0000, 0x0000, 0x0000, 0x0000, 0x0000, 0x0000, 0x0000, 0x0000, 0x0000,
  0x0000, 0x0000, 0x0000, 0x0000, 0x0000, 0x0000, 0x0000, 0x0000, 0x0000, 0x0000, 0x0000, 0x0000,
  0x0000, 0x0000, 0x0000, 0x0000, 0x0000, 0x0000, 0x0000, 0x0000, 0x0000, 0x0000, 0x0000, 0x0000,
  0x0000, 0x0000, 0x0000, 0x0000, 0x0000, 0x0000, 0x0000, 0x0000, 0x0000, 0x0000, 0x0000, 0x0000,
  0x0000, 0x0000, 0x0000, 0x0000, 0x0000, 0x0000, 0x0000, 0x0000, 0x0000, 0x0000, 0x0000, 0x0000,
  0x0000, 0x0000, 0x0000, 0x0000, 0x0000, 0x0000, 0x0000, 0x0000, 0x0000, 0x0000, 0x0000, 0x0000,
  0x0000, 0x0000, 0x0000, 0x0000, 0x0000, 0x0000, 0x0000, 0x0000, 0x0000, 0x0000, 0x0000, 0x0000,
  0x0000, 0x0000, 0x0000, 0x0000, 0x0000, 0x0000, 0x0000, 0x0000, 0x0000, 0x0000, 0x0000, 0x0000,
  0x0000, 0x0000, 0x0000, 0x0000, 0x0000, 0x0000, 0x0000, 0x0000, 0x0000, 0x0000, 0x0000, 0x0000,
  0x0000, 0x0000, 0x0000, 0x0000, 0x0000, 0x0000, 0x0000, 0x0000, 0x0000, 0x0000, 0x0000, 0x0000,
  0x0000, 0x0000, 0x0000, 0x0000, 0x0000, 0x0000, 0x0000, 0x0000, 0x0841, 0x0000, 0x0000, 0x0000,
  0x0841, 0x0000, 0x0841, 0x0000, 0x0841, 0x0000, 0x0841, 0x0000, 0x0841, 0x0000, 0x0841, 0x0000,
  0x0841, 0x0000, 0x0841, 0x0000, 0x0841, 0x0000, 0x0841, 0x0000, 0x0841, 0x0000, 0x0841, 0x0000,
  0x0841, 0x0000, 0x0000, 0x0000, 0x0841, 0x0000, 0x0000, 0x0000, 0x0000, 0x0000, 0x0000, 0x0000,
  0x0000, 0x0000, 0x0000, 0x0000, 0x0000, 0x0000, 0x0000, 0x0000, 0x0000, 0x0000, 0x0000, 0x0000,
  0x0000, 0x0000, 0x0000, 0x0000, 0x0000, 0x0000, 0x0000, 0x0000, 0x0000, 0x0000, 0x0000, 0x0000,
  0x0000, 0x0000, 0x0000, 0x0000, 0x0000, 0x0000, 0x0000, 0x0000, 0x0000, 0x0000, 0x0000, 0x0000,
  0x0000, 0x0000, 0x0000, 0x0000, 0x0000, 0x0000, 0x0000, 0x0000, 0x0000, 0x0000, 0x0000, 0x0000,
  0x0000, 0x0000, 0x0000, 0x0000, 0x0000, 0x0000, 0x0000, 0x0000, 0x0000, 0x0000, 0x0000, 0x0000,
  0x0000, 0x0000, 0x0000, 0x0000, 0x0000, 0x0000, 0x0000, 0x0000, 0x0000, 0x0000, 0x0000, 0x0000,
  0x0000, 0x0000, 0x0000, 0x0000, 0x0000, 0x0000, 0x0000, 0x0000, 0x0000, 0x0000, 0x0000, 0x0000,
  0x0000, 0x0000, 0x0000, 0x0000, 0x0000, 0x0000, 0x0000, 0x0000, 0x0000, 0x0000, 0x0000, 0x0000,
  0x0000, 0x0000, 0x0000, 0x0841, 0x0000, 0x0000, 0x0000, 0x0841, 0x0000, 0x0000, 0x0000, 0x0000,
  0x0000, 0x0000, 0x0000, 0x0000, 0x0000, 0x0000, 0x0000, 0x0000, 0x0000, 0x0000, 0x0000, 0x0000,
  0x0000, 0x0000, 0x0000, 0x0000, 0x0000, 0x0000, 0x0000, 0x0000, 0x0000, 0x0000, 0x0000, 0x0000,
  0x0000, 0x0000, 0x0000, 0x0000, 0x0000, 0x0000, 0x0000, 0x0000, 0x0000, 0x0000, 0x0000, 0x0000,
  0x0000, 0x0000, 0x0000, 0x0000, 0x0000, 0x0000, 0x0000, 0x0000, 0x0000, 0x0000, 0x0000, 0x0000,
  0x0000, 0x0000, 0x0000, 0x0000, 0x0000, 0x0000, 0x0000, 0x0000, 0x0000, 0x0000, 0x0000, 0x0000,
  0x0000, 0x0000, 0x0000, 0x0000, 0x0000, 0x0000, 0x0000, 0x0000, 0x0000, 0x0000, 0x0000, 0x0000,
  0x0000, 0x0000, 0x0000, 0x0000, 0x0000, 0x0000, 0x0000, 0x0000, 0x0000, 0x0000, 0x0000, 0x0000,
  0x0000, 0x0000, 0x0000, 0x0000, 0x0000, 0x0000, 0x0000, 0x0000, 0x0000, 0x0000, 0x0000, 0x0000,
  0x0000, 0x0000, 0x0000, 0x0000, 0x0000, 0x0000, 0x0841, 0x0000, 0x0000, 0x0000, 0x0841, 0x0000,
  0x0841, 0x0000, 0x0841, 0x0000, 0x0841, 0x0000, 0x0841, 0x0000, 0x0841, 0x0000, 0x0841, 0x0000,
  0x0841, 0x0000, 0x0841, 0x0000, 0x0841, 0x0000, 0x0841, 0x0000, 0x0841, 0x0000, 0x0841, 0x0000,
  0x0841, 0x0000, 0x0841, 0x0000, 0x0841, 0x0000, 0x0841, 0x0000, 0x0841, 0x0000, 0x0841, 0x0000,
  0x0000, 0x0000, 0x0841, 0x0000, 0x0000, 0x0000, 0x0000, 0x0000, 0x0000, 0x0000, 0x0000, 0x0000,
  0x0000, 0x0000, 0x0000, 0x0000, 0x0000, 0x0000, 0x0000, 0x0000, 0x0000, 0x0000, 0x0000, 0x0000,
  0x0000, 0x0000, 0x0000, 0x0000, 0x0000, 0x0000, 0x0000, 0x0000, 0x0000, 0x0000, 0x0000, 0x0000,
  0x0000, 0x0000, 0x0000, 0x0000, 0x0000, 0x0000, 0x0000, 0x0000, 0x0000, 0x0000, 0x0000, 0x0000,
  0x0000, 0x0000, 0x0000, 0x0000, 0x0000, 0x0000, 0x0000, 0x0000, 0x0000, 0x0000, 0x0000, 0x0000,
  0x0000, 0x0000, 0x0000, 0x0000, 0x0000, 0x0000, 0x0000, 0x0000, 0x0000, 0x0000, 0x0000, 0x0000,
  0x0000, 0x0000, 0x0000, 0x0000, 0x0000, 0x0000, 0x0000, 0x0000, 0x0000, 0x0000, 0x0000, 0x0000,
  0x0000, 0x0000, 0x0000, 0x0000, 0x0000, 0x0000, 0x0000, 0x0000, 0x0000, 0x0841, 0x0000, 0x0000,
  0x0000, 0x0841, 0x0000, 0x0841, 0x0000, 0x0841, 0x0000, 0x0841, 0x0000, 0x0841, 0x0000, 0x0841,
  0x0000, 0x0841, 0x0000, 0x0841, 0x0000, 0x0841, 0x0000, 0x0841, 0x0000, 0x0841, 0x0000, 0x0000,
  0x0000, 0x0841, 0x0000, 0x0000, 0x0000, 0x0000, 0x0000, 0x0000, 0x0000, 0x0000, 0x0000, 0x0000,
  0x0000, 0x0000, 0x0000, 0x0000, 0x0000, 0x0000, 0x0000, 0x0000, 0x0000, 0x0000, 0x0000, 0x0000,
  0x0000, 0x0000, 0x0000, 0x0000, 0x0000, 0x0000, 0x0000, 0x0000, 0x0000, 0x0000, 0x0000, 0x0000,
  0x0000, 0x0000, 0x0000, 0x0000, 0x0000, 0x0000, 0x0000, 0x0000, 0x0000, 0x0000, 0x0000, 0x0000,
  0x0000, 0x0000, 0x0000, 0x0000, 0x0000, 0x0000, 0x0000, 0x0000, 0x0000, 0x0000, 0x0000, 0x0000,
  0x0000, 0x0000, 0x0000, 0x0000, 0x0000, 0x0000, 0x0000, 0x0000, 0x0000, 0x0000, 0x0000, 0x0000,
  0x0000, 0x0000, 0x0000, 0x0000, 0x0000, 0x0000, 0x0000, 0x0000, 0x0000, 0x0000, 0x0000, 0x0000,
  0x0000, 0x0000, 0x0000, 0x0000, 0x0841, 0x0000, 0x0000, 0x0000, 0x0841, 0x0000, 0x0841, 0x0000,
  0x0841, 0x0000, 0x0841, 0x0000, 0x0841, 0x0000, 0x0841, 0x0000, 0x0841, 0x0000, 0x0841, 0x0000,
  0x0841, 0x0841, 0x0841, 0x0000, 0x0841, 0x0841, 0x0841, 0x0000, 0x0841, 0x0841, 0x0841, 0x0000,
  0x0841, 0x0841, 0x0841, 0x0000, 0x0841, 0x0000, 0x0841, 0x0000, 0x0841, 0x0000, 0x0841, 0x0000,
  0x0841, 0x0000, 0x0841, 0x0000, 0x0841, 0x0000, 0x0841, 0x0000, 0x0841, 0x0000, 0x0000, 0x0000,
  0x0841, 0x0000, 0x0000, 0x0000, 0x0000, 0x0000, 0x0000, 0x0000, 0x0000, 0x0000, 0x0000, 0x0000,
  0x0000, 0x0000, 0x0000, 0x0000, 0x0000, 0x0000, 0x0000, 0x0000, 0x0000, 0x0000, 0x0000, 0x0000,
  0x0000, 0x0000, 0x0000, 0x0000, 0x0000, 0x0000, 0x0000, 0x0000, 0x0000, 0x0000, 0x0000, 0x0000,
  0x0000, 0x0000, 0x0000, 0x0000, 0x0000, 0x0000, 0x0000, 0x0000, 0x0000, 0x0000, 0x0000, 0x0000,
  0x0000, 0x0000, 0x0000, 0x0000, 0x0000, 0x0000, 0x0000, 0x0000, 0x0000, 0x0000, 0x0000, 0x0000,
  0x0000, 0x0000, 0x0000, 0x0000, 0x0000, 0x0000, 0x0000, 0x0000, 0x0000, 0x0000, 0x0000, 0x0000,
  0x0000, 0x0000, 0x0000, 0x0000, 0x0000, 0x0000, 0x0000, 0x0841, 0x0000, 0x0000, 0x0000, 0x0841,
  0x0000, 0x0841, 0x0000, 0x0841, 0x0000, 0x0841, 0x0000, 0x0841, 0x0000, 0x0841, 0x0000, 0x0841,
  0x0000, 0x0841, 0x0000, 0x0841, 0x0000, 0x0841, 0x0000, 0x0841, 0x0000, 0x0841, 0x0000, 0x0841,
  0x0000, 0x0841, 0x0000, 0x0841, 0x0000, 0x0841, 0x0000, 0x0841, 0x0000, 0x0841, 0x0000, 0x0841,
  0x0000, 0x0000, 0x0000, 0x0000, 0x0000, 0x0000, 0x0000, 0x0000, 0x0000, 0x0000, 0x0000, 0x0000,
  0x0000, 0x0000, 0x0000, 0x0000, 0x0000, 0x0000, 0x0000, 0x0000, 0x0000, 0x0000, 0x0000, 0x0000,
  0x0000, 0x0000, 0x0000, 0x0000, 0x0000, 0x0000, 0x0000, 0x0000, 0x0000, 0x0000, 0x0000, 0x0000,
  0x0000, 0x0000, 0x0000, 0x0000, 0x0000, 0x0000, 0x0000, 0x0000, 0x0000, 0x0000, 0x0000, 0x0000,
  0x0000, 0x0000, 0x0000, 0x0000, 0x0000, 0x0000, 0x0000, 0x0000, 0x0000, 0x0000, 0x0000, 0x0000,
  0x0000, 0x0000, 0x0000, 0x0000, 0x0000, 0x0000, 0x0000, 0x0000, 0x0000, 0x0000, 0x0000, 0x0000,
  0x0000, 0x0000, 0x0000, 0x0000, 0x0000, 0x0000, 0x0841, 0x0000, 0x0000, 0x0000, 0x0841, 0x0000,
  0x0841, 0x0000, 0x0841, 0x0000, 0x0841, 0x0000, 0x0841, 0x0000, 0x0841, 0x0000, 0x0841, 0x0841,
  0x0841, 0x0841, 0x0841, 0x0841, 0x0841, 0x0841, 0x0841, 0x0841, 0x0841, 0x0841, 0x0841, 0x0841,
  0x0841, 0x0841, 0x0841, 0x0841, 0x0841, 0x0841, 0x0841, 0x0841, 0x0841, 0x0841, 0x0841, 0x0841,
  0x0841, 0x0841, 0x0841, 0x0841, 0x0841, 0x0000, 0x0841, 0x0000, 0x0841, 0x0000, 0x0841, 0x0000,
  0x0841, 0x0000, 0x0841, 0x0000, 0x0000, 0x0000, 0x0841, 0x0000, 0x0000, 0x0000, 0x0000, 0x0000,
  0x0000, 0x0000, 0x0000, 0x0000, 0x0000, 0x0000, 0x0000, 0x0000, 0x0000, 0x0000, 0x0000, 0x0000,
  0x0000, 0x0000, 0x0000, 0x0000, 0x0000, 0x0000, 0x0000, 0x0000, 0x0000, 0x0000, 0x0000, 0x0000,
  0x0000, 0x0000, 0x0000, 0x0000, 0x0000, 0x0000, 0x0000, 0x0000, 0x0000, 0x0000, 0x0000, 0x0000,
  0x0000, 0x0000, 0x0000, 0x0000, 0x0000, 0x0000, 0x0000, 0x0000, 0x0000, 0x0000, 0x0000, 0x0000,
  0x0000, 0x0000, 0x0000, 0x0000, 0x0000, 0x0000, 0x0000, 0x0000, 0x0000, 0x0000, 0x0000, 0x0000,
  0x0000, 0x0000, 0x0000, 0x0000, 0x0000, 0x0000, 0x0000, 0x0000, 0x0000, 0x0841, 0x0000, 0x0841,
  0x0000, 0x0841, 0x0000, 0x0841, 0x0000, 0x0841, 0x0000, 0x0841, 0x0000, 0x0841, 0x0000, 0x0841,
  0x0841, 0x0841, 0x0841, 0x0841, 0x0841, 0x0841, 0x0841, 0x0841, 0x0841, 0x0841, 0x0841, 0x0841,
  0x0841, 0x0841, 0x0841, 0x0841, 0x0841, 0x0841, 0x0000, 0x0841, 0x0841, 0x0841, 0x0000, 0x0841,
  0x0000, 0x0841, 0x0000, 0x0841, 0x0000, 0x0841, 0x0000, 0x0000, 0x0000, 0x0841, 0x0000, 0x0000,
  0x0000, 0x0000, 0x0000, 0x0000, 0x0000, 0x0000, 0x0000, 0x0000, 0x0000, 0x0000, 0x0000, 0x0000,
  0x0000, 0x0000, 0x0000, 0x0000, 0x0000, 0x0000, 0x0000, 0x0000, 0x0000, 0x0000, 0x0000, 0x0000,
  0x0000, 0x0000, 0x0000, 0x0000, 0x0000, 0x0000, 0x0000, 0x0000, 0x0000, 0x0000, 0x0000, 0x0000,
  0x0000, 0x0000, 0x0000, 0x0000, 0x0000, 0x0000, 0x0000, 0x0000, 0x0000, 0x0000, 0x0000, 0x0000,
  0x0000, 0x0000, 0x0000, 0x0000, 0x0000, 0x0000, 0x0000, 0x0000, 0x0000, 0x0000, 0x0000, 0x0000,
  0x0000, 0x0000, 0x0000, 0x0000, 0x0000, 0x0000, 0x0000, 0x0000, 0x0841, 0x0000, 0x0841, 0x0000,
  0x0841, 0x0000, 0x0841, 0x0000, 0x0841, 0x0000, 0x0841, 0x0000, 0x0841, 0x0841, 0x0841, 0x0841,
  0x0841, 0x0841, 0x0841, 0x0841, 0x0841, 0x0841, 0x0841, 0x0841, 0x1082, 0x0841, 0x1082, 0x0841,
  0x1082, 0x0841, 0x1082, 0x0841, 0x1082, 0x0841, 0x1082, 0x0841, 0x1082, 0x0841, 0x0841, 0x0841,
  0x1082, 0x0841, 0x0841, 0x0841, 0x1082, 0x0841, 0x0841, 0x0841, 0x0841, 0x0841, 0x0841, 0x0000,
  0x0841, 0x0000, 0x0841, 0x0000, 0x0841, 0x0000, 0x0841, 0x0000, 0x0841, 0x0000, 0x0841, 0x0000,
  0x0841, 0x0000, 0x0000, 0x0000, 0x0000, 0x0000, 0x0000, 0x0000, 0x0000, 0x0000, 0x0000, 0x0000,
  0x0000, 0x0000, 0x0000, 0x0000, 0x0000, 0x0000, 0x0000, 0x0000, 0x0000, 0x0000, 0x0000, 0x0000,
  0x0000, 0x0000, 0x0000, 0x0000, 0x0000, 0x0000, 0x0000, 0x0000, 0x0000, 0x0000, 0x0000, 0x0000,
  0x0000, 0x0000, 0x0000, 0x0000, 0x0000, 0x0000, 0x0000, 0x0000, 0x0000, 0x0000, 0x0000, 0x0000,
  0x0000, 0x0000, 0x0000, 0x0000, 0x0000, 0x0000, 0x0000, 0x0000, 0x0000, 0x0000, 0x0000, 0x0000,
  0x0000, 0x0000, 0x0000, 0x0000, 0x0000, 0x0000, 0x0000, 0x0841, 0x0000, 0x0841, 0x0000, 0x0841,
  0x0000, 0x0841, 0x0000, 0x0841, 0x0000, 0x0841, 0x0841, 0x0841, 0x0841, 0x0841, 0x0841, 0x0841,
  0x0841, 0x0841, 0x0841, 0x0841, 0x0841, 0x0841, 0x0841, 0x1082, 0x0841, 0x1082, 0x0841, 0x1082,
  0x0841, 0x0841, 0x0841, 0x1082, 0x0841, 0x0841, 0x0841, 0x0841, 0x0841, 0x0841, 0x0841, 0x0841,
  0x0841, 0x0841, 0x0841, 0x0841, 0x0841, 0x0841, 0x0841, 0x0841, 0x0000, 0x0841, 0x0000, 0x0841,
  0x0000, 0x0841, 0x0000, 0x0841, 0x0000, 0x0000, 0x0000, 0x0000, 0x0000, 0x0000, 0x0000, 0x0000,
  0x0000, 0x0000, 0x0000, 0x0000, 0x0000, 0x0000, 0x0000, 0x0000, 0x0000, 0x0000, 0x0000, 0x0000,
  0x0000, 0x0000, 0x0000, 0x0000, 0x0000, 0x0000, 0x0000, 0x0000, 0x0000, 0x0000, 0x0000, 0x0000,
  0x0000, 0x0000, 0x0000, 0x0000, 0x0000, 0x0000, 0x0000, 0x0000, 0x0000, 0x0000, 0x0000, 0x0000,
  0x0000, 0x0000, 0x0000, 0x0000, 0x0000, 0x0000, 0x0000, 0x0000, 0x0000, 0x0000, 0x0000, 0x0000,
  0x0000, 0x0000, 0x0000, 0x0000, 0x0000, 0x0000, 0x0000, 0x0000, 0x0000, 0x0000, 0x0841, 0x0000,
  0x0841, 0x0000, 0x0841, 0x0000, 0x0841, 0x0000, 0x0841, 0x0841, 0x0841, 0x0841, 0x0841, 0x0841,
  0x0841, 0x0841, 0x0841, 0x0841, 0x0841, 0x0841, 0x1082, 0x0841, 0x1082, 0x0841, 0x1082, 0x0841,
  0x1082, 0x0841, 0x1082, 0x1082, 0x1082, 0x1082, 0x1082, 0x1082, 0x1082, 0x1082, 0x1082, 0x1082,
  0x1082, 0x1082, 0x1082, 0x1082, 0x1082, 0x0841, 0x1082, 0x0841, 0x1082, 0x0841, 0x1082, 0x0841,
  0x0841, 0x0841, 0x0841, 0x0841, 0x0841, 0x0841, 0x0841, 0x0841, 0x0841, 0x0000, 0x0841, 0x0000,
  0x0841, 0x0000, 0x0841, 0x0000, 0x0841, 0x0000, 0x0841, 0x0000, 0x0000, 0x0000, 0x0000, 0x0000,
  0x0000, 0x0000, 0x0000, 0x0000, 0x0000, 0x0000, 0x0000, 0x0000, 0x0000, 0x0000, 0x0000, 0x0000,
  0x0000, 0x0000, 0x0000, 0x0000, 0x0000, 0x0000, 0x0000, 0x0000, 0x0000, 0x0000, 0x0000, 0x0000,
  0x0000, 0x0000, 0x0000, 0x0000, 0x0000, 0x0000, 0x0000, 0x0000, 0x0000, 0x0000, 0x0000, 0x0000,
  0x0000, 0x0000, 0x0000, 0x0000, 0x0000, 0x0000, 0x0000, 0x0000, 0x0000, 0x0000, 0x0000, 0x0000,
  0x0000, 0x0000, 0x0000, 0x0000, 0x0000, 0x0000, 0x0000, 0x0000, 0x0000, 0x0841, 0x0000, 0x0841,
  0x0000, 0x0841, 0x0000, 0x0841, 0x0841, 0x0841, 0x0000, 0x0841, 0x0841, 0x0841, 0x0841, 0x0841,
  0x0841, 0x1082, 0x0841, 0x1082, 0x0841, 0x1082, 0x0841, 0x1082, 0x1082, 0x1082, 0x1082, 0x1082,
  0x1082, 0x1082, 0x1082, 0x1082, 0x1082, 0x1082, 0x1082, 0x1082, 0x1082, 0x1082, 0x0841, 0x1082,
  0x1082, 0x1082, 0x0841, 0x1082, 0x0841, 0x1082, 0x0841, 0x0841, 0x0841, 0x0841, 0x0841, 0x0841,
  0x0841, 0x0841, 0x0000, 0x0841, 0x0841, 0x0841, 0x0000, 0x0841, 0x0000, 0x0841, 0x0000, 0x0000,
  0x0000, 0x0000, 0x0000, 0x0000, 0x0000, 0x0000, 0x0000, 0x0000, 0x0000, 0x0000, 0x0000, 0x0000,
  0x0000, 0x0000, 0x0000, 0x0000, 0x0000, 0x0000, 0x0000, 0x0000, 0x0000, 0x0000, 0x0000, 0x0000,
  0x0000, 0x0000, 0x0000, 0x0000, 0x0000, 0x0000, 0x0000, 0x0000, 0x0000, 0x0000, 0x0000, 0x0000,
  0x0000, 0x0000, 0x0000, 0x0000, 0x0000, 0x0000, 0x0000, 0x0000, 0x0000, 0x0000, 0x0000, 0x0000,
  0x0000, 0x0000, 0x0000, 0x0000, 0x0000, 0x0000, 0x0000, 0x0000, 0x0000, 0x0000, 0x0000, 0x0000,
  0x0841, 0x0000, 0x0841, 0x0000, 0x0841, 0x0000, 0x0841, 0x0000, 0x0841, 0x0841, 0x0841, 0x0841,
  0x0841, 0x0841, 0x0841, 0x0841, 0x1082, 0x0841, 0x1082, 0x0841, 0x1082, 0x1082, 0x1082, 0x1082,
  0x1082, 0x1082, 0x1082, 0x1082, 0x1082, 0x1082, 0x1082, 0x1082, 0x18c3, 0x1082, 0x18c3, 0x1082,
  0x18c3, 0x1082, 0x18c3, 0x1082, 0x18c3, 0x1082, 0x1082, 0x1082, 0x1082, 0x1082, 0x1082, 0x1082,
  0x1082, 0x1082, 0x1082, 0x1082, 0x1082, 0x0841, 0x1082, 0x0841, 0x1082, 0x0841, 0x0841, 0x0841,
  0x0841, 0x0841, 0x0841, 0x0841, 0x0841, 0x0000, 0x0841, 0x0000, 0x0841, 0x0000, 0x0841, 0x0000,
  0x0841, 0x0000, 0x0000, 0x0000, 0x0000, 0x0000, 0x0000, 0x0000, 0x0000, 0x0000, 0x0000, 0x0000,
  0x0000, 0x0000, 0x0000, 0x0000, 0x0000, 0x0000, 0x0000, 0x0000, 0x0000, 0x0000, 0x0000, 0x0000,
  0x0000, 0x0000, 0x0000, 0x0000, 0x0000, 0x0000, 0x0000, 0x0000, 0x0000, 0x0000, 0x0000, 0x0000,
  0x0000, 0x0000, 0x0000, 0x0000, 0x0000, 0x0000, 0x0000, 0x0000, 0x0000, 0x0000, 0x0000, 0x0000,
  0x0000, 0x0000, 0x0000, 0x0000, 0x0000, 0x0000, 0x0000, 0x0000, 0x0000, 0x0000, 0x0000, 0x0841,
  0x0000, 0x0841, 0x0000, 0x0841, 0x0000, 0x0841, 0x0841, 0x0841, 0x0841, 0x0841, 0x0841, 0x0841,
  0x0841, 0x1082, 0x0841, 0x1082, 0x0841, 0x1082, 0x1082, 0x1082, 0x1082, 0x1082, 0x1082, 0x1082,
  0x1082, 0x1082, 0x1082, 0x1082, 0x1082, 0x1082, 0x1082, 0x18c3, 0x1082, 0x1082, 0x1082, 0x18c3,
  0x1082, 0x1082, 0x1082, 0x1082, 0x1082, 0x1082, 0x1082, 0x1082, 0x1082, 0x1082, 0x0841, 0x1082,
  0x0841, 0x1082, 0x0841, 0x0841, 0x0841, 0x0841, 0x0841, 0x0841, 0x0841, 0x0841, 0x0841, 0x0841,
  0x0000, 0x0841, 0x0000, 0x0841, 0x0000, 0x0000, 0x0000, 0x0000, 0x0000, 0x0000, 0x0000, 0x0000,
  0x0000, 0x0000, 0x0000, 0x0000, 0x0000, 0x0000, 0x0000, 0x0000, 0x0000, 0x0000, 0x0000, 0x0000,
  0x0000, 0x0000, 0x0000, 0x0000, 0x0000, 0x0000, 0x0000, 0x0000, 0x0000, 0x0000, 0x0000, 0x0000,
  0x0000, 0x0000, 0x0000, 0x0000, 0x0000, 0x0000, 0x0000, 0x0000, 0x0000, 0x0000, 0x0000, 0x0000,
  0x0000, 0x0000, 0x0000, 0x0000, 0x0000, 0x0000, 0x0000, 0x0000, 0x0000, 0x0000, 0x0000, 0x0000,
  0x0000, 0x0000, 0x0841, 0x0000, 0x0841, 0x0000, 0x0841, 0x0000, 0x0841, 0x0000, 0x0841, 0x0841,
  0x0841, 0x0841, 0x0841, 0x0841, 0x0841, 0x0841, 0x1082, 0x0841, 0x1082, 0x1082, 0x1082, 0x1082,
  0x1082, 0x1082, 0x1082, 0x1082, 0x1082, 0x1082, 0x18c3, 0x1082, 0x18c3, 0x1082, 0x18c3, 0x1082,
  0x18c3, 0x18c3, 0x18c3, 0x18c3, 0x18c3, 0x1082, 0x18c3, 0x18c3, 0x18c3, 0x1082, 0x18c3, 0x1082,
  0x18c3, 0x1082, 0x18c3, 0x1082, 0x1082, 0x1082, 0x18c3, 0x1082, 0x1082, 0x1082, 0x1082, 0x1082,
  0x1082, 0x0841, 0x1082, 0x0841, 0x0841, 0x0841, 0x0841, 0x0841, 0x0841, 0x0841, 0x0841, 0x0841,
  0x0841, 0x0000, 0x0841, 0x0000, 0x0841, 0x0000, 0x0841, 0x0000, 0x0000, 0x0000, 0x0000, 0x0000,
  0x0000, 0x0000, 0x0000, 0x0000, 0x0000, 0x0000, 0x0000, 0x0000, 0x0000, 0x0000, 0x0000, 0x0000,
  0x0000, 0x0000, 0x0000, 0x0000, 0x0000, 0x0000, 0x0000, 0x0000, 0x0000, 0x0000, 0x0000, 0x0000,
  0x0000, 0x0000, 0x0000, 0x0000, 0x0000, 0x0000, 0x0000, 0x0000, 0x0000, 0x0000, 0x0000, 0x0000,
  0x0000, 0x0000, 0x0000, 0x0000, 0x0000, 0x0000, 0x0000, 0x0000, 0x0000, 0x0000, 0x0000, 0x0000,
  0x0000, 0x0841, 0x0000, 0x0841, 0x0000, 0x0841, 0x0000, 0x0841, 0x0841, 0x0841, 0x0841, 0x0841,
  0x0841, 0x1082, 0x0841, 0x1082, 0x1082, 0x1082, 0x1082, 0x1082, 0x1082, 0x1082, 0x1082, 0x18c3,
  0x1082, 0x18c3, 0x1082, 0x18c3, 0x1082, 0x18c3, 0x18c3, 0x18c3, 0x18c3, 0x18c3, 0x18c3, 0x18c3,
  0x18c3, 0x18c3, 0x18c3, 0x18c3, 0x18c3, 0x18c3, 0x1082, 0x18c3, 0x18c3, 0x18c3, 0x1082, 0x18c3,
  0x1082, 0x18c3, 0x1082, 0x1082, 0x1082, 0x1082, 0x1082, 0x1082, 0x1082, 0x1082, 0x0841, 0x0841,
  0x0841, 0x0841, 0x0841, 0x0841, 0x0841, 0x0841, 0x0000, 0x0841, 0x0000, 0x0841, 0x0000, 0x0000,
  0x0000, 0x0000, 0x0000, 0x0000, 0x0000, 0x0000, 0x0000, 0x0000, 0x0000, 0x0000, 0x0000, 0x0000,
  0x0000, 0x0000, 0x0000, 0x0000, 0x0000, 0x0000, 0x0000, 0x0000, 0x0000, 0x0000, 0x0000, 0x0000,
  0x0000, 0x0000, 0x0000, 0x0000, 0x0000, 0x0000, 0x0000, 0x0000, 0x0000, 0x0000, 0x0000, 0x0000,
  0x0000, 0x0000, 0x0000, 0x0000, 0x0000, 0x0000, 0x0000, 0x0000, 0x0000, 0x0000, 0x0000, 0x0000,
  0x0000, 0x0000, 0x0000, 0x0000, 0x0841, 0x0000, 0x0841, 0x0000, 0x0841, 0x0000, 0x0841, 0x0000,
  0x0841, 0x0841, 0x0841, 0x0841, 0x1082, 0x0841, 0x1082, 0x0841, 0x1082, 0x1082, 0x1082, 0x1082,
  0x1082, 0x1082, 0x18c3, 0x1082, 0x18c3, 0x1082, 0x18c3, 0x18c3, 0x18c3, 0x18c3, 0x18c3, 0x18c3,
  0x2104, 0x18c3, 0x2104, 0x18c3, 0x2104, 0x18c3, 0x2104, 0x18c3, 0x2104, 0x18c3, 0x2104, 0x18c3,
  0x2104, 0x18c3, 0x18c3, 0x18c3, 0x2104, 0x18c3, 0x18c3, 0x18c3, 0x18c3, 0x18c3, 0x18c3, 0x1082,
  0x18c3, 0x1082, 0x18c3, 0x1082, 0x1082, 0x1082, 0x1082, 0x1082, 0x1082, 0x0841, 0x1082, 0x0841,
  0x1082, 0x0841, 0x0841, 0x0841, 0x0841, 0x0841, 0x0841, 0x0000, 0x0841, 0x0000, 0x0841, 0x0000,
  0x0841, 0x0000, 0x0000, 0x0000, 0x0000, 0x0000, 0x0000, 0x0000, 0x0000, 0x0000, 0x0000, 0x0000,
  0x0000, 0x0000, 0x0000, 0x0000, 0x0000, 0x0000, 0x0000, 0x0000, 0x0000, 0x0000, 0x0000, 0x0000,
  0x0000, 0x0000, 0x0000, 0x0000, 0x0000, 0x0000, 0x0000, 0x0000, 0x0000, 0x0000, 0x0000, 0x0000,
  0x0000, 0x0000, 0x0000, 0x0000, 0x0000, 0x0000, 0x0000, 0x0000, 0x0000, 0x0000, 0x0000, 0x0000,
  0x0000, 0x0000, 0x0000, 0x0841, 0x0000, 0x0841, 0x0000, 0x0841, 0x0000, 0x0841, 0x0841, 0x0841,
  0x0841, 0x0841, 0x0841, 0x1082, 0x0841, 0x1082, 0x1082, 0x1082, 0x1082, 0x1082, 0x1082, 0x18c3,
  0x1082, 0x18c3, 0x18c3, 0x18c3, 0x18c3, 0x18c3, 0x18c3, 0x18c3, 0x18c3, 0x18c3, 0x18c3, 0x2104,
  0x18c3, 0x2104, 0x18c3, 0x2104, 0x18c3, 0x2104, 0x18c3, 0x2104, 0x18c3, 0x18c3, 0x18c3, 0x18c3,
  0x18c3, 0x18c3, 0x18c3, 0x18c3, 0x18c3, 0x18c3, 0x18c3, 0x18c3, 0x1082, 0x18c3, 0x1082, 0x1082,
  0x1082, 0x1082, 0x1082, 0x1082, 0x0841, 0x1082, 0x0841, 0x0841, 0x0841, 0x0841, 0x0841, 0x0841,
  0x0000, 0x0841, 0x0000, 0x0841, 0x0000, 0x0000, 0x0000, 0x0000, 0x0000, 0x0000, 0x0000, 0x0000,
  0x0000, 0x0000, 0x0000, 0x0000, 0x0000, 0x0000, 0x0000, 0x0000, 0x0000, 0x0000, 0x0000, 0x0000,
  0x0000, 0x0000, 0x0000, 0x0000, 0x0000, 0x0000, 0x0000, 0x0000, 0x0000, 0x0000, 0x0000, 0x0000,
  0x0000, 0x0000, 0x0000, 0x0000, 0x0000, 0x0000, 0x0000, 0x0000, 0x0000, 0x0000, 0x0000, 0x0000,
  0x0000, 0x0000, 0x0000, 0x0000, 0x0000, 0x0000, 0x0841, 0x0000, 0x0841, 0x0000, 0x0841, 0x0000,
  0x0841, 0x0000, 0x0841, 0x0841, 0x0841, 0x0841, 0x1082, 0x0841, 0x1082, 0x0841, 0x1082, 0x1082,
  0x1082, 0x1082, 0x18c3, 0x1082, 0x18c3, 0x1082, 0x18c3, 0x18c3, 0x18c3, 0x18c3, 0x2104, 0x18c3,
  0x2104, 0x18c3, 0x2104, 0x18c3, 0x2104, 0x2104, 0x2104, 0x2104, 0x2104, 0x2104, 0x2104, 0x2104,
  0x2104, 0x2104, 0x2104, 0x2104, 0x2104, 0x2104, 0x2104, 0x2104, 0x2104, 0x18c3, 0x2104, 0x18c3,
  0x2104, 0x18c3, 0x18c3, 0x18c3, 0x18c3, 0x18c3, 0x18c3, 0x1082, 0x18c3, 0x1082, 0x18c3, 0x1082,
  0x1082, 0x1082, 0x1082, 0x0841, 0x1082, 0x0841, 0x1082, 0x0841, 0x0841, 0x0841, 0x0841, 0x0841,
  0x0841, 0x0000, 0x0841, 0x0000, 0x0841, 0x0000, 0x0841, 0x0000, 0x0000, 0x0000, 0x0000, 0x0000,
  0x0000, 0x0000, 0x0000, 0x0000, 0x0000, 0x0000, 0x0000, 0x0000, 0x0000, 0x0000, 0x0000, 0x0000,
  0x0000, 0x0000, 0x0000, 0x0000, 0x0000, 0x0000, 0x0000, 0x0000, 0x0000, 0x0000, 0x0000, 0x0000,
  0x0000, 0x0000, 0x0000, 0x0000, 0x0000, 0x0000, 0x0000, 0x0000, 0x0000, 0x0000, 0x0000, 0x0000,
  0x0000, 0x0000, 0x0000, 0x0000, 0x0000, 0x0841, 0x0000, 0x0841, 0x0000, 0x0841, 0x0000, 0x0841,
  0x0841, 0x0841, 0x0841, 0x1082, 0x0841, 0x1082, 0x1082, 0x1082, 0x1082, 0x18c3, 0x1082, 0x18c3,
  0x1082, 0x18c3, 0x18c3, 0x18c3, 0x18c3, 0x2104, 0x18c3, 0x18c3, 0x18c3, 0x2104, 0x18c3, 0x2104,
  0x2104, 0x2104, 0x2104, 0x2104, 0x2104, 0x2104, 0x2104, 0x2104, 0x2104, 0x2104, 0x2104, 0x2104,
  0x2104, 0x2104, 0x2104, 0x2104, 0x2104, 0x2104, 0x18c3, 0x2104, 0x18c3, 0x2104, 0x18c3, 0x18c3,
  0x18c3, 0x18c3, 0x18c3, 0x18c3, 0x18c3, 0x18c3, 0x1082, 0x1082, 0x1082, 0x1082, 0x0841, 0x1082,
  0x0841, 0x1082, 0x0841, 0x0841, 0x0841, 0x0841, 0x0000, 0x0841, 0x0000, 0x0841, 0x0000, 0x0000,
  0x0000, 0x0000, 0x0000, 0x0000, 0x0000, 0x0000, 0x0000, 0x0000, 0x0000, 0x0000, 0x0000, 0x0000,
  0x0000, 0x0000, 0x0000, 0x0000, 0x0000, 0x0000, 0x0000, 0x0000, 0x0000, 0x0000, 0x0000, 0x0000,
  0x0000, 0x0000, 0x0000, 0x0000, 0x0000, 0x0000, 0x0000, 0x0000, 0x0000, 0x0000, 0x0000, 0x0000,
  0x0000, 0x0000, 0x0000, 0x0000, 0x0000, 0x0000, 0x0000, 0x0000, 0x0841, 0x0000, 0x0841, 0x0000,
  0x0841, 0x0000, 0x0841, 0x0000, 0x0841, 0x0841, 0x0841, 0x0841, 0x1082, 0x0841, 0x1082, 0x1082,
  0x1082, 0x1082, 0x1082, 0x1082, 0x18c3, 0x18c3, 0x18c3, 0x18c3, 0x18c3, 0x18c3, 0x2104, 0x18c3,
  0x2104, 0x18c3, 0x2104, 0x2104, 0x2104, 0x2104, 0x2104, 0x2104, 0x2945, 0x2104, 0x2945, 0x2104,
  0x2945, 0x2945, 0x2945, 0x2945, 0x2945, 0x2945, 0x2945, 0x2104, 0x2945, 0x2104, 0x2945, 0x2104,
  0x2945, 0x2104, 0x2104, 0x2104, 0x2104, 0x2104, 0x2104, 0x18c3, 0x2104, 0x18c3, 0x2104, 0x18c3,
  0x18c3, 0x18c3, 0x18c3, 0x1082, 0x18c3, 0x1082, 0x1082, 0x1082, 0x1082, 0x1082, 0x1082, 0x0841,
  0x1082, 0x0841, 0x0841, 0x0841, 0x0841, 0x0841, 0x0841, 0x0000, 0x0841, 0x0000, 0x0841, 0x0000,
  0x0841, 0x0000, 0x0000, 0x0000, 0x0000, 0x0000, 0x0000, 0x0000, 0x0000, 0x0000, 0x0000, 0x0000,
  0x0000, 0x0000, 0x0000, 0x0000, 0x0000, 0x0000, 0x0000, 0x0000, 0x0000, 0x0000, 0x0000, 0x0000,
  0x0000, 0x0000, 0x0000, 0x0000, 0x0000, 0x0000, 0x0000, 0x0000, 0x0000, 0x0000, 0x0000, 0x0000,
  0x0000, 0x0000, 0x0000, 0x0000, 0x0000, 0x0000, 0x0000, 0x0841, 0x0000, 0x0841, 0x0000, 0x0841,
  0x0000, 0x0841, 0x0841, 0x0841, 0x0841, 0x1082, 0x0841, 0x1082, 0x0841, 0x1082, 0x1082, 0x18c3,
  0x1082, 0x18c3, 0x18c3, 0x18c3, 0x18c3, 0x18c3, 0x18c3, 0x2104, 0x18c3, 0x2104, 0x2104, 0x2104,
  0x2104, 0x2104, 0x2104, 0x2945, 0x2104, 0x2945, 0x2945, 0x2945, 0x2104, 0x2945, 0x2945, 0x3186,
  0x2945, 0x2945, 0x2945, 0x2945, 0x2945, 0x2945, 0x2945, 0x2945, 0x2104, 0x2945, 0x2104, 0x2945,
  0x2104, 0x2104, 0x2104, 0x2104, 0x18c3, 0x2104, 0x18c3, 0x18c3, 0x18c3, 0x18c3, 0x18c3, 0x18c3,
  0x1082, 0x1082, 0x1082, 0x1082, 0x0841, 0x1082, 0x0841, 0x1082, 0x0841, 0x0841, 0x0841, 0x0841,
  0x0000, 0x0841, 0x0000, 0x0841, 0x0000, 0x0000, 0x0000, 0x0000, 0x0000, 0x0000, 0x0000, 0x0000,
  0x0000, 0x0000, 0x0000, 0x0000, 0x0000, 0x0000, 0x0000, 0x0000, 0x0000, 0x0000, 0x0000, 0x0000,
  0x0000, 0x0000, 0x0000, 0x0000, 0x0000, 0x0000, 0x0000, 0x0000, 0x0000, 0x0000, 0x0000, 0x0000,
  0x0000, 0x0000, 0x0000, 0x0000, 0x0000, 0x0000, 0x0000, 0x0000, 0x0000, 0x0000, 0x0841, 0x0000,
  0x0841, 0x0000, 0x0841, 0x0000, 0x0841, 0x0000, 0x0841, 0x0841, 0x0841, 0x0841, 0x1082, 0x0841,
  0x1082, 0x1082, 0x1082, 0x1082, 0x1082, 0x1082, 0x18c3, 0x18c3, 0x18c3, 0x18c3, 0x2104, 0x18c3,
  0x2104, 0x2104, 0x2104, 0x2104, 0x2104, 0x2104, 0x2945, 0x2104, 0x2945, 0x2945, 0x2945, 0x2945,
  0x2945, 0x2945, 0x3186, 0x2945, 0x3186, 0x2945, 0x3186, 0x2945, 0x3186, 0x2945, 0x3186, 0x3186,
  0x3186, 0x2945, 0x3186, 0x2945, 0x3186, 0x2945, 0x2945, 0x2945, 0x2945, 0x2104, 0x2945, 0x2104,
  0x2104, 0x2104, 0x2104, 0x2104, 0x2104, 0x18c3, 0x2104, 0x18c3, 0x18c3, 0x1082, 0x18c3, 0x1082,
  0x1082, 0x1082, 0x1082, 0x1082, 0x1082, 0x0841, 0x1082, 0x0841, 0x0841, 0x0841, 0x0841, 0x0841,
  0x0841, 0x0000, 0x0841, 0x0000, 0x0841, 0x0000, 0x0841, 0x0000, 0x0000, 0x0000, 0x0000, 0x0000,
  0x0000, 0x0000, 0x0000, 0x0000, 0x0000, 0x0000, 0x0000, 0x0000, 0x0000, 0x0000, 0x0000, 0x0000,
  0x0000, 0x0000, 0x0000, 0x0000, 0x0000, 0x0000, 0x0000, 0x0000, 0x0000, 0x0000, 0x0000, 0x0000,
  0x0000, 0x0000, 0x0000, 0x0000, 0x0000, 0x0000, 0x0000, 0x0000, 0x0000, 0x0841, 0x0000, 0x0841,
  0x0000, 0x0841, 0x0000, 0x0841, 0x0841, 0x0841, 0x0841, 0x1082, 0x1082, 0x1082, 0x1082, 0x1082,
  0x1082, 0x18c3, 0x1082, 0x18c3, 0x18c3, 0x2104, 0x18c3, 0x2104, 0x18c3, 0x2104, 0x2104, 0x2104,
  0x2104, 0x2945, 0x2104, 0x2945, 0x2945, 0x2945, 0x2945, 0x3186, 0x2945, 0x3186, 0x2945, 0x3186,
  0x2945, 0x3186, 0x2945, 0x3186, 0x3186, 0x3186, 0x2945, 0x39c7, 0x3186, 0x3186, 0x2945, 0x3186,
  0x2945, 0x3186, 0x2945, 0x2945, 0x2945, 0x2945, 0x2104, 0x2945, 0x2104, 0x2104, 0x2104, 0x2104,
  0x18c3, 0x2104, 0x18c3, 0x18c3, 0x18c3, 0x18c3, 0x1082, 0x18c3, 0x1082, 0x1082, 0x1082, 0x1082,
  0x0841, 0x1082, 0x0841, 0x0841, 0x0841, 0x0841, 0x0000, 0x0841, 0x0000, 0x0841, 0x0000, 0x0000,
  0x0000, 0x0000, 0x0000, 0x0000, 0x0000, 0x0000, 0x0000, 0x0000, 0x0000, 0x0000, 0x0000, 0x0000,
  0x0000, 0x0000, 0x0000, 0x0000, 0x0000, 0x0000, 0x0000, 0x0000, 0x0000, 0x0000, 0x0000, 0x0000,
  0x0000, 0x0000, 0x0000, 0x0000, 0x0000, 0x0000, 0x0000, 0x0000, 0x0000, 0x0000, 0x0000, 0x0000,
  0x0841, 0x0000, 0x0841, 0x0000, 0x0841, 0x0000, 0x0841, 0x0000, 0x0841, 0x0841, 0x0841, 0x0841,
  0x1082, 0x0841, 0x1082, 0x1082, 0x1082, 0x1082, 0x18c3, 0x1082, 0x18c3, 0x18c3, 0x18c3, 0x18c3,
  0x2104, 0x18c3, 0x2104, 0x2104, 0x2945, 0x2104, 0x2945, 0x2104, 0x2945, 0x2945, 0x2945, 0x2945,
  0x3186, 0x2945, 0x3186, 0x3186, 0x3186, 0x3186, 0x3186, 0x3186, 0x39c7, 0x3186, 0x39c7, 0x3186,
  0x39c7, 0x3186, 0x39c7, 0x39c7, 0x39c7, 0x3186, 0x3186, 0x3186, 0x3186, 0x3186, 0x3186, 0x2945,
  0x3186, 0x2945, 0x3186, 0x2945, 0x2945, 0x2945, 0x2945, 0x2104, 0x2104, 0x2104, 0x2104, 0x18c3,
  0x2104, 0x18c3, 0x18c3, 0x18c3, 0x18c3, 0x1082, 0x18c3, 0x1082, 0x1082, 0x1082, 0x1082, 0x0841,
  0x1082, 0x0841, 0x0841, 0x0841, 0x0841, 0x0841, 0x0841, 0x0000, 0x0841, 0x0000, 0x0841, 0x0000,
  0x0841, 0x0000, 0x0000, 0x0000, 0x0000, 0x0000, 0x0000, 0x0000, 0x0000, 0x0000, 0x0000, 0x0000,
  0x0000, 0x0000, 0x0000, 0x0000, 0x0000, 0x0000, 0x0000, 0x0000, 0x0000, 0x0000, 0x0000, 0x0000,
  0x0000, 0x0000, 0x0000, 0x0000, 0x0000, 0x0000, 0x0000, 0x0000, 0x0000, 0x0000, 0x0000, 0x0841,
  0x0000, 0x0841, 0x0000, 0x0841, 0x0000, 0x0841, 0x0841, 0x0841, 0x0841, 0x1082, 0x0841, 0x1082,
  0x1082, 0x1082, 0x1082, 0x18c3, 0x1082, 0x18c3, 0x18c3, 0x2104, 0x18c3, 0x2104, 0x2104, 0x2104,
  0x2104, 0x2945, 0x2104, 0x2945, 0x2945, 0x2945, 0x2945, 0x3186, 0x2945, 0x3186, 0x3186, 0x3186,
  0x3186, 0x3186, 0x3186, 0x39c7, 0x3186, 0x39c7, 0x3186, 0x39c7, 0x3186, 0x39c7, 0x39c7, 0x4208,
  0x3186, 0x39c7, 0x3186, 0x39c7, 0x3186, 0x3186, 0x3186, 0x3186, 0x2945, 0x3186, 0x2945, 0x2945,
  0x2945, 0x2945, 0x2104, 0x2945, 0x2104, 0x2104, 0x2104, 0x2104, 0x18c3, 0x18c3, 0x18c3, 0x18c3,
  0x1082, 0x18c3, 0x1082, 0x1082, 0x0841, 0x1082, 0x0841, 0x1082, 0x0841, 0x0841, 0x0841, 0x0841,
  0x0000, 0x0841, 0x0000, 0x0841, 0x0000, 0x0000, 0x0000, 0x0000, 0x0000, 0x0000, 0x0000, 0x0000,
  0x0000, 0x0000, 0x0000, 0x0000, 0x0000, 0x0000, 0x0000, 0x0000, 0x0000, 0x0000, 0x0000, 0x0000,
  0x0000, 0x0000, 0x0000, 0x0000, 0x0000, 0x0000, 0x0000, 0x0000, 0x0000, 0x0000, 0x0000, 0x0000,
  0x0000, 0x0000, 0x0841, 0x0000, 0x0841, 0x0000, 0x0841, 0x0000, 0x0841, 0x0000, 0x0841, 0x0841,
  0x0841, 0x0841, 0x1082, 0x0841, 0x1082, 0x1082, 0x1082, 0x1082, 0x1082, 0x1082, 0x18c3, 0x18c3,
  0x18c3, 0x18c3, 0x2104, 0x18c3, 0x2104, 0x2104, 0x2945, 0x2104, 0x2945, 0x2945, 0x3186, 0x2945,
  0x3186, 0x2945, 0x3186, 0x3186, 0x3186, 0x3186, 0x39c7, 0x39c7, 0x39c7, 0x39c7, 0x4208, 0x39c7,
  0x39c7, 0x39c7, 0x4208, 0x39c7, 0x4208, 0x39c7, 0x4208, 0x4208, 0x4208, 0x39c7, 0x39c7, 0x39c7,
  0x39c7, 0x39c7, 0x39c7, 0x3186, 0x3186, 0x3186, 0x3186, 0x2945, 0x3186, 0x2945, 0x3186, 0x2945,
  0x2945, 0x2104, 0x2945, 0x2104, 0x2104, 0x18c3, 0x2104, 0x18c3, 0x18c3, 0x18c3, 0x18c3, 0x1082,
  0x1082, 0x1082, 0x1082, 0x0841, 0x1082, 0x0841, 0x1082, 0x0841, 0x0841, 0x0841, 0x0841, 0x0841,
  0x0841, 0x0000, 0x0841, 0x0000, 0x0841, 0x0000, 0x0841, 0x0000, 0x0000, 0x0000, 0x0000, 0x0000,
  0x0000, 0x0000, 0x0000, 0x0000, 0x0000, 0x0000, 0x0000, 0x0000, 0x0000, 0x0000, 0x0000, 0x0000,
  0x0000, 0x0000, 0x0000, 0x0000, 0x0000, 0x0000, 0x0000, 0x0000, 0x0000, 0x0000, 0x0000, 0x0000,
  0x0000, 0x0841, 0x0000, 0x0841, 0x0000, 0x0841, 0x0000, 0x0841, 0x0841, 0x0841, 0x0841, 0x1082,
  0x1082, 0x1082, 0x1082, 0x1082, 0x1082, 0x18c3, 0x1082, 0x18c3, 0x18c3, 0x2104, 0x18c3, 0x2104,
  0x2104, 0x2945, 0x2104, 0x2945, 0x2945, 0x2945, 0x2945, 0x3186, 0x3186, 0x3186, 0x3186, 0x39c7,
  0x3186, 0x39c7, 0x39c7, 0x39c7, 0x39c7, 0x4208, 0x39c7, 0x4208, 0x39c7, 0x4208, 0x39c7, 0x4208,
  0x4208, 0x4208, 0x4208, 0x4a49, 0x39c7, 0x4208, 0x39c7, 0x4208, 0x39c7, 0x39c7, 0x39c7, 0x39c7,
  0x39c7, 0x39c7, 0x3186, 0x3186, 0x3186, 0x3186, 0x2945, 0x2945, 0x2945, 0x2945, 0x2104, 0x2104,
  0x2104, 0x2104, 0x18c3, 0x18c3, 0x18c3, 0x18c3, 0x1082, 0x18c3, 0x1082, 0x1082, 0x1082, 0x1082,
  0x0841, 0x1082, 0x0841, 0x0841, 0x0841, 0x0841, 0x0000, 0x0841, 0x0000, 0x0841, 0x0000, 0x0000,
  0x0000, 0x0000, 0x0000, 0x0000, 0x0000, 0x0000, 0x0000, 0x0000, 0x0000, 0x0000, 0x0000, 0x0000,
  0x0000, 0x0000, 0x0000, 0x0000, 0x0000, 0x0000, 0x0000, 0x0000, 0x0000, 0x0000, 0x0000, 0x0000,
  0x0000, 0x0000, 0x0000, 0x0000, 0x0841, 0x0000, 0x0000, 0x0000, 0x0841, 0x0000, 0x0841, 0x0000,
  0x0841, 0x0841, 0x0841, 0x0841, 0x1082, 0x0841, 0x1082, 0x1082, 0x1082, 0x1082, 0x18c3, 0x1082,
  0x18c3, 0x18c3, 0x18c3, 0x18c3, 0x2104, 0x2104, 0x2104, 0x2104, 0x2945, 0x2945, 0x2945, 0x2945,
  0x3186, 0x3186, 0x3186, 0x3186, 0x39c7, 0x39c7, 0x39c7, 0x39c7, 0x4208, 0x39c7, 0x4208, 0x4208,
  0x4208, 0x4208, 0x4208, 0x4208, 0x4a49, 0x4208, 0x4a49, 0x4208, 0x4a49, 0x4208, 0x4a49, 0x4a49,
  0x4a49, 0x4208, 0x4a49, 0x4208, 0x4208, 0x4208, 0x4208, 0x39c7, 0x4208, 0x39c7, 0x39c7, 0x39c7,
  0x39c7, 0x3186, 0x3186, 0x2945, 0x3186, 0x2945, 0x2945, 0x2945, 0x2945, 0x2104, 0x2104, 0x18c3,
  0x2104, 0x18c3, 0x18c3, 0x18c3, 0x18c3, 0x1082, 0x18c3, 0x1082, 0x1082, 0x0841, 0x1082, 0x0841,
  0x1082, 0x0841, 0x0841, 0x0000, 0x0841, 0x0000, 0x0841, 0x0000, 0x0841, 0x0000, 0x0000, 0x0000,
  0x0841, 0x0000, 0x0000, 0x0000, 0x0000, 0x0000, 0x0000, 0x0000, 0x0000, 0x0000, 0x0000, 0x0000,
  0x0000, 0x0000, 0x0000, 0x0000, 0x0000, 0x0000, 0x0000, 0x0000, 0x0000, 0x0000, 0x0000, 0x0000,
  0x0000, 0x0000, 0x0000, 0x0000, 0x0000, 0x0000, 0x0000, 0x0841, 0x0000, 0x0841, 0x0841, 0x0841,
  0x0841, 0x0841, 0x0841, 0x1082, 0x0841, 0x1082, 0x1082, 0x18c3, 0x1082, 0x18c3, 0x18c3, 0x2104,
  0x18c3, 0x2104, 0x2104, 0x2945, 0x2104, 0x2945, 0x2945, 0x3186, 0x2945, 0x3186, 0x3186, 0x3186,
  0x3186, 0x39c7, 0x39c7, 0x4208, 0x39c7, 0x4208, 0x4208, 0x4208, 0x4208, 0x4a49, 0x4208, 0x4a49,
  0x4208, 0x4a49, 0x4a49, 0x4a49, 0x4a49, 0x4a49, 0x4a49, 0x528a, 0x4208, 0x4a49, 0x4208, 0x4a49,
  0x4208, 0x4208, 0x4208, 0x4208, 0x39c7, 0x39c7, 0x39c7, 0x39c7, 0x3186, 0x39c7, 0x3186, 0x3186,
  0x2945, 0x3186, 0x2945, 0x2945, 0x2104, 0x2104, 0x2104, 0x2104, 0x18c3, 0x18c3, 0x18c3, 0x18c3,
  0x1082, 0x18c3, 0x1082, 0x1082, 0x0841, 0x1082, 0x0841, 0x0841, 0x0841, 0x0841, 0x0841, 0x0841,
  0x0000, 0x0841, 0x0000, 0x0841, 0x0000, 0x0000, 0x0000, 0x0000, 0x0000, 0x0000, 0x0000, 0x0000,
  0x0000, 0x0000, 0x0000, 0x0000, 0x0000, 0x0000, 0x0000, 0x0000, 0x0000, 0x0000, 0x0000, 0x0000,
  0x0000, 0x0000, 0x0000, 0x0000, 0x0000, 0x0000, 0x0000, 0x0000, 0x0000, 0x0000, 0x0841, 0x0000,
  0x0841, 0x0000, 0x0841, 0x0841, 0x0841, 0x0841, 0x0841, 0x0841, 0x1082, 0x0841, 0x1082, 0x1082,
  0x1082, 0x1082, 0x18c3, 0x18c3, 0x18c3, 0x18c3, 0x2104, 0x2104, 0x2104, 0x2104, 0x2945, 0x2945,
  0x2945, 0x2945, 0x3186, 0x3186, 0x3186, 0x3186, 0x39c7, 0x39c7, 0x39c7, 0x39c7, 0x4208, 0x4208,
  0x4208, 0x4208, 0x4a49, 0x4a49, 0x4a49, 0x4a49, 0x4a49, 0x4a49, 0x528a, 0x4a49, 0x528a, 0x528a,
  0x528a, 0x4a49, 0x5acb, 0x528a, 0x528a, 0x4a49, 0x528a, 0x4a49, 0x4a49, 0x4208, 0x4a49, 0x4208,
  0x4208, 0x4208, 0x4208, 0x39c7, 0x39c7, 0x39c7, 0x39c7, 0x3186, 0x3186, 0x2945, 0x3186, 0x2945,
  0x2945, 0x2104, 0x2945, 0x2104, 0x2104, 0x18c3, 0x2104, 0x18c3, 0x18c3, 0x1082, 0x18c3, 0x1082,
  0x1082, 0x1082, 0x1082, 0x0841, 0x0841, 0x0841, 0x0841, 0x0841, 0x0841, 0x0000, 0x0841, 0x0000,
  0x0841, 0x0000, 0x0841, 0x0000, 0x0000, 0x0000, 0x0000, 0x0000, 0x0000, 0x0000, 0x0000, 0x0000,
  0x0000, 0x0000, 0x0000, 0x0000, 0x0000, 0x0000, 0x0000, 0x0000, 0x0000, 0x0000, 0x0000, 0x0000,
  0x0000, 0x0000, 0x0000, 0x0000, 0x0000, 0x0000, 0x0000, 0x0000, 0x0000, 0x0841, 0x0000, 0x0841,
  0x0841, 0x0841, 0x0841, 0x0841, 0x0841, 0x1082, 0x1082, 0x1082, 0x1082, 0x18c3, 0x1082, 0x18c3,
  0x18c3, 0x2104, 0x18c3, 0x2104, 0x2104, 0x2945, 0x2104, 0x2945, 0x2945, 0x3186, 0x2945, 0x3186,
  0x3186, 0x39c7, 0x39c7, 0x39c7, 0x39c7, 0x4208, 0x4208, 0x4208, 0x4208, 0x4a49, 0x4208, 0x4a49,
  0x4a49, 0x528a, 0x4a49, 0x528a, 0x528a, 0x528a, 0x528a, 0x528a, 0x528a, 0x528a, 0x5acb, 0x5acb,
  0x4a49, 0x528a, 0x4a49, 0x528a, 0x4a49, 0x4a49, 0x4a49, 0x4a49, 0x4208, 0x4a49, 0x4208, 0x4208,
  0x39c7, 0x4208, 0x39c7, 0x39c7, 0x3186, 0x3186, 0x2945, 0x3186, 0x2945, 0x2945, 0x2104, 0x2104,
  0x2104, 0x2104, 0x18c3, 0x18c3, 0x18c3, 0x18c3, 0x1082, 0x18c3, 0x1082, 0x1082, 0x0841, 0x1082,
  0x0841, 0x0841, 0x0841, 0x0841, 0x0000, 0x0841, 0x0000, 0x0841, 0x0000, 0x0000, 0x0000, 0x0000,
  0x0000, 0x0000, 0x0000, 0x0000, 0x0000, 0x0000, 0x0000, 0x0000, 0x0000, 0x0000, 0x0000, 0x0000,
  0x0000, 0x0000, 0x0000, 0x0000, 0x0000, 0x0000, 0x0000, 0x0000, 0x0000, 0x0000, 0x0000, 0x0000,
  0x0841, 0x0000, 0x0841, 0x0000, 0x0841, 0x0841, 0x0841, 0x0841, 0x0841, 0x0841, 0x1082, 0x0841,
  0x1082, 0x1082, 0x1082, 0x1082, 0x18c3, 0x18c3, 0x18c3, 0x18c3, 0x2104, 0x18c3, 0x2104, 0x2104,
  0x2945, 0x2945, 0x2945, 0x2945, 0x3186, 0x3186, 0x39c7, 0x3186, 0x39c7, 0x39c7, 0x4208, 0x4208,
  0x4208, 0x4208, 0x4a49, 0x4a49, 0x528a, 0x4a49, 0x528a, 0x528a, 0x528a, 0x528a, 0x5acb, 0x528a,
  0x5acb, 0x5acb, 0x5acb, 0x528a, 0x5acb, 0x528a, 0x630c, 0x5acb, 0x5acb, 0x528a, 0x5acb, 0x528a,
  0x528a, 0x528a, 0x528a, 0x4a49, 0x528a, 0x4a49, 0x4a49, 0x4208, 0x4208, 0x4208, 0x4208, 0x39c7,
  0x39c7, 0x3186, 0x3186, 0x3186, 0x3186, 0x2945, 0x2945, 0x2104, 0x2945, 0x2104, 0x2104, 0x18c3,
  0x2104, 0x18c3, 0x18c3, 0x1082, 0x18c3, 0x1082, 0x1082, 0x1082, 0x1082, 0x0841, 0x0841, 0x0841,
  0x0841, 0x0841, 0x0841, 0x0000, 0x0841, 0x0000, 0x0841, 0x0000, 0x0841, 0x0000, 0x0000, 0x0000,
  0x0000, 0x0000, 0x0000, 0x0000, 0x0000, 0x0000, 0x0000, 0x0000, 0x0000, 0x0000, 0x0000, 0x0000,
  0x0000, 0x0000, 0x0000, 0x0000, 0x0000, 0x0000, 0x0000, 0x0000, 0x0000, 0x0000, 0x0000, 0x0841,
  0x0000, 0x0841, 0x0000, 0x0841, 0x0841, 0x0841, 0x0841, 0x0841, 0x0841, 0x1082, 0x1082, 0x1082,
  0x1082, 0x18c3, 0x18c3, 0x18c3, 0x18c3, 0x2104, 0x2104, 0x2104, 0x2104, 0x2945, 0x2945, 0x3186,
  0x2945, 0x3186, 0x3186, 0x39c7, 0x39c7, 0x4208, 0x4208, 0x4208, 0x4208, 0x4a49, 0x4a49, 0x528a,
  0x4a49, 0x528a, 0x528a, 0x528a, 0x528a, 0x5acb, 0x528a, 0x5acb, 0x528a, 0x5acb, 0x5acb, 0x5acb,
  0x5acb, 0x5acb, 0x630c, 0x630c, 0x528a, 0x5acb, 0x528a, 0x5acb, 0x528a, 0x528a, 0x528a, 0x528a,
  0x4a49, 0x4a49, 0x4a49, 0x4a49, 0x4208, 0x4208, 0x39c7, 0x4208, 0x39c7, 0x39c7, 0x3186, 0x3186,
  0x2945, 0x3186, 0x2945, 0x2945, 0x2104, 0x2104, 0x2104, 0x2104, 0x18c3, 0x18c3, 0x18c3, 0x18c3,
  0x1082, 0x1082, 0x1082, 0x1082, 0x0841, 0x0841, 0x0841, 0x0841, 0x0000, 0x0841, 0x0000, 0x0841,
  0x0000, 0x0000, 0x0000, 0x0000, 0x0000, 0x0000, 0x0000, 0x0000, 0x0000, 0x0000, 0x0000, 0x0000,
  0x0000, 0x0000, 0x0000, 0x0000, 0x0000, 0x0000, 0x0000, 0x0000, 0x0000, 0x0000, 0x0000, 0x0000,
  0x0000, 0x0000, 0x0841, 0x0000, 0x0841, 0x0000, 0x0841, 0x0000, 0x0841, 0x0000, 0x0841, 0x0841,
  0x0841, 0x0841, 0x1082, 0x0841, 0x1082, 0x1082, 0x1082, 0x1082, 0x18c3, 0x18c3, 0x2104, 0x18c3,
  0x2104, 0x2104, 0x2945, 0x2104, 0x2945, 0x2945, 0x3186, 0x3186, 0x3186, 0x3186, 0x39c7, 0x39c7,
  0x4208, 0x4208, 0x4a49, 0x4208, 0x4a49, 0x4a49, 0x528a, 0x528a, 0x5acb, 0x528a, 0x5acb, 0x5acb,
  0x5acb, 0x5acb, 0x630c, 0x5acb, 0x630c, 0x5acb, 0x630c, 0x630c, 0x630c, 0x5acb, 0x738e, 0x630c,
  0x630c, 0x5acb, 0x630c, 0x5acb, 0x5acb, 0x528a, 0x5acb, 0x528a, 0x528a, 0x4a49, 0x528a, 0x4a49,
  0x4a49, 0x4208, 0x4a49, 0x4208, 0x4208, 0x39c7, 0x39c7, 0x3186, 0x3186, 0x2945, 0x3186, 0x2945,
  0x2945, 0x2104, 0x2945, 0x2104, 0x2104, 0x18c3, 0x2104, 0x18c3, 0x18c3, 0x1082, 0x18c3, 0x1082,
  0x1082, 0x0841, 0x1082, 0x0841, 0x0841, 0x0841, 0x0841, 0x0841, 0x0841, 0x0000, 0x0841, 0x0000,
  0x0841, 0x0000, 0x0841, 0x0000, 0x0000, 0x0000, 0x0000, 0x0000, 0x0000, 0x0000, 0x0000, 0x0000,
  0x0000, 0x0000, 0x0000, 0x0000, 0x0000, 0x0000, 0x0000, 0x0000, 0x0000, 0x0000, 0x0000, 0x0000,
  0x0000, 0x0841, 0x0000, 0x0841, 0x0000, 0x0841, 0x0000, 0x0841, 0x0841, 0x1082, 0x0841, 0x1082,
  0x1082, 0x1082, 0x1082, 0x18c3, 0x18c3, 0x18c3, 0x18c3, 0x2104, 0x18c3, 0x2104, 0x2104, 0x2945,
  0x2945, 0x3186, 0x2945, 0x3186, 0x3186, 0x39c7, 0x39c7, 0x4208, 0x4208, 0x4208, 0x4208, 0x4a49,
  0x4a49, 0x528a, 0x528a, 0x528a, 0x528a, 0x5acb, 0x5acb, 0x5acb, 0x5acb, 0x630c, 0x5acb, 0x630c,
  0x630c, 0x630c, 0x630c, 0x6b4d, 0x630c, 0x630c, 0x6b4d, 0x6b4d, 0x630c, 0x6b4d, 0x5acb, 0x630c,
  0x5acb, 0x5acb, 0x5acb, 0x5acb, 0x528a, 0x5acb, 0x528a, 0x528a, 0x4a49, 0x4a49, 0x4208, 0x4208,
  0x4208, 0x4208, 0x39c7, 0x39c7, 0x3186, 0x3186, 0x2945, 0x3186, 0x2945, 0x2945, 0x2104, 0x2104,
  0x2104, 0x2104, 0x18c3, 0x18c3, 0x18c3, 0x18c3, 0x1082, 0x1082, 0x1082, 0x1082, 0x0841, 0x0841,
  0x0841, 0x0841, 0x0000, 0x0841, 0x0000, 0x0841, 0x0000, 0x0000, 0x0000, 0x0000, 0x0000, 0x0000,
  0x0000, 0x0000, 0x0000, 0x0000, 0x0000, 0x0000, 0x0000, 0x0000, 0x0000, 0x0000, 0x0000, 0x0000,
  0x0000, 0x0000, 0x0000, 0x0000, 0x0841, 0x0000, 0x0000, 0x0000, 0x0841, 0x0000, 0x0841, 0x0000,
  0x0841, 0x0841, 0x0841, 0x0841, 0x1082, 0x0841, 0x1082, 0x1082, 0x18c3, 0x1082, 0x18c3, 0x18c3,
  0x18c3, 0x18c3, 0x2104, 0x18c3, 0x2104, 0x2104, 0x2945, 0x2945, 0x3186, 0x3186, 0x3186, 0x3186,
  0x39c7, 0x39c7, 0x4208, 0x4208, 0x4a49, 0x4a49, 0x4a49, 0x4a49, 0x528a, 0x528a, 0x5acb, 0x528a,
  0x5acb, 0x5acb, 0x630c, 0x5acb, 0x630c, 0x630c, 0x6b4d, 0x6b4d, 0x6b4d, 0x6b4d, 0x6b4d, 0x6b4d,
  0x738e, 0x6b4d, 0x7bcf, 0x6b4d, 0x6b4d, 0x6b4d, 0x6b4d, 0x630c, 0x6b4d, 0x630c, 0x630c, 0x5acb,
  0x5acb, 0x5acb, 0x5acb, 0x528a, 0x528a, 0x4a49, 0x4a49, 0x4208, 0x4a49, 0x4208, 0x4208, 0x39c7,
  0x39c7, 0x3186, 0x3186, 0x2945, 0x3186, 0x2945, 0x2945, 0x2104, 0x2104, 0x2104, 0x2104, 0x18c3,
  0x18c3, 0x18c3, 0x18c3, 0x1082, 0x1082, 0x1082, 0x1082, 0x0841, 0x1082, 0x0841, 0x0841, 0x0841,
  0x0841, 0x0000, 0x0841, 0x0000, 0x0841, 0x0000, 0x0000, 0x0000, 0x0000, 0x0000, 0x0000, 0x0000,
  0x0000, 0x0000, 0x0000, 0x0000, 0x0000, 0x0000, 0x0000, 0x0000, 0x0000, 0x0000, 0x0000, 0x0000,
  0x0000, 0x0000, 0x0000, 0x0000, 0x0000, 0x0000, 0x0000, 0x0841, 0x0000, 0x0841, 0x0841, 0x0841,
  0x0841, 0x0841, 0x0841, 0x1082, 0x1082, 0x1082, 0x1082, 0x18c3, 0x18c3, 0x18c3, 0x18c3, 0x2104,
  0x2104, 0x2945, 0x2945, 0x2945, 0x2945, 0x3186, 0x3186, 0x39c7, 0x39c7, 0x4208, 0x4208, 0x4208,
  0x4208, 0x4a49, 0x4a49, 0x528a, 0x528a, 0x528a, 0x528a, 0x5acb, 0x5acb, 0x630c, 0x630c, 0x6b4d,
  0x630c, 0x6b4d, 0x6b4d, 0x6b4d, 0x6b4d, 0x6b4d, 0x6b4d, 0x738e, 0x6b4d, 0x738e, 0x7bcf, 0x6b4d,
  0x6b4d, 0x738e, 0x6b4d, 0x6b4d, 0x630c, 0x630c, 0x630c, 0x630c, 0x5acb, 0x5acb, 0x528a, 0x5acb,
  0x528a, 0x528a, 0x4a49, 0x4a49, 0x4208, 0x4208, 0x4208, 0x4208, 0x39c7, 0x39c7, 0x3186, 0x3186,
  0x2945, 0x3186, 0x2104, 0x2945, 0x2104, 0x2104, 0x18c3, 0x18c3, 0x18c3, 0x18c3, 0x1082, 0x1082,
  0x1082, 0x1082, 0x0841, 0x1082, 0x0841, 0x0841, 0x0841, 0x0841, 0x0000, 0x0841, 0x0000, 0x0841,
  0x0000, 0x0000, 0x0000, 0x0000, 0x0000, 0x0000, 0x0000, 0x0000, 0x0000, 0x0000, 0x0000, 0x0000,
  0x0000, 0x0000, 0x0000, 0x0000, 0x0000, 0x0000, 0x0000, 0x0000, 0x0000, 0x0000, 0x0841, 0x0000,
  0x0841, 0x0000, 0x0841, 0x0841, 0x0841, 0x0841, 0x0841, 0x0841, 0x1082, 0x0841, 0x1082, 0x1082,
  0x1082, 0x1082, 0x18c3, 0x18c3, 0x2104, 0x18c3, 0x2104, 0x2104, 0x2945, 0x2945, 0x3186, 0x2945,
  0x3186, 0x3186, 0x39c7, 0x39c7, 0x4208, 0x4208, 0x4a49, 0x4a49, 0x4a49, 0x4a49, 0x528a, 0x528a,
  0x5acb, 0x5acb, 0x630c, 0x5acb, 0x630c, 0x630c, 0x6b4d, 0x6b4d, 0x6b4d, 0x6b4d, 0x738e, 0x738e,
  0x738e, 0x738e, 0x7bcf, 0x738e, 0x7bcf, 0x738e, 0x8430, 0x738e, 0x738e, 0x6b4d, 0x738e, 0x6b4d,
  0x6b4d, 0x6b4d, 0x6b4d, 0x630c, 0x630c, 0x5acb, 0x5acb, 0x5acb, 0x5acb, 0x528a, 0x528a, 0x4a49,
  0x4a49, 0x4208, 0x4a49, 0x4208, 0x4208, 0x39c7, 0x39c7, 0x3186, 0x3186, 0x2945, 0x3186, 0x2945,
  0x2945, 0x2104, 0x2104, 0x18c3, 0x18c3, 0x18c3, 0x18c3, 0x1082, 0x1082, 0x1082, 0x1082, 0x0841,
  0x0841, 0x0841, 0x0841, 0x0841, 0x0841, 0x0000, 0x0841, 0x0000, 0x0841, 0x0000, 0x0841, 0x0000,
  0x0000, 0x0000, 0x0000, 0x0000, 0x0000, 0x0000, 0x0000, 0x0000, 0x0000, 0x0000, 0x0000, 0x0000,
  0x0000, 0x0000, 0x0000, 0x0000, 0x0000, 0x0000, 0x0000, 0x0000, 0x0000, 0x0841, 0x0000, 0x0841,
  0x0000, 0x0841, 0x0841, 0x0841, 0x0841, 0x1082, 0x1082, 0x1082, 0x1082, 0x18c3, 0x1082, 0x18c3,
  0x18c3, 0x2104, 0x2104, 0x2104, 0x2104, 0x2945, 0x2945, 0x3186, 0x3186, 0x39c7, 0x39c7, 0x39c7,
  0x39c7, 0x4208, 0x4208, 0x4a49, 0x4a49, 0x528a, 0x528a, 0x5acb, 0x5acb, 0x630c, 0x5acb, 0x630c,
  0x630c, 0x6b4d, 0x6b4d, 0x738e, 0x6b4d, 0x738e, 0x738e, 0x7bcf, 0x738e, 0x7bcf, 0x7bcf, 0x7bcf,
  0x7bcf, 0x8430, 0x8430, 0x7bcf, 0x7bcf, 0x7bcf, 0x738e, 0x738e, 0x6b4d, 0x738e, 0x6b4d, 0x6b4d,
  0x630c, 0x630c, 0x5acb, 0x5acb, 0x5acb, 0x5acb, 0x528a, 0x528a, 0x4a49, 0x4a49, 0x4208, 0x4208,
  0x39c7, 0x4208, 0x39c7, 0x39c7, 0x3186, 0x3186, 0x2945, 0x2945, 0x2104, 0x2104, 0x18c3, 0x2104,
  0x18c3, 0x18c3, 0x1082, 0x18c3, 0x1082, 0x1082, 0x0841, 0x1082, 0x0841, 0x0841, 0x0841, 0x0841,
  0x0000, 0x0841, 0x0000, 0x0000, 0x0000, 0x0000, 0x0000, 0x0000, 0x0000, 0x0000, 0x0000, 0x0000,
  0x0000, 0x0000, 0x0000, 0x0000, 0x0000, 0x0000, 0x0000, 0x0000, 0x0000, 0x0000, 0x0000, 0x0000,
  0x0841, 0x0000, 0x0841, 0x0000, 0x0841, 0x0000, 0x0841, 0x0000, 0x0841, 0x0841, 0x0841, 0x0841,
  0x1082, 0x1082, 0x1082, 0x1082, 0x18c3, 0x18c3, 0x18c3, 0x18c3, 0x2104, 0x2104, 0x2104, 0x2104,
  0x2945, 0x2945, 0x3186, 0x3186, 0x39c7, 0x39c7, 0x39c7, 0x4208, 0x4208, 0x4208, 0x4a49, 0x4a49,
  0x528a, 0x528a, 0x5acb, 0x5acb, 0x630c, 0x630c, 0x6b4d, 0x630c, 0x738e, 0x6b4d, 0x738e, 0x738e,
  0x7bcf, 0x7bcf, 0x7bcf, 0x7bcf, 0x8430, 0x8430, 0x8430, 0x8430, 0x8c71, 0x8c71, 0x8c71, 0x7bcf,
  0x8430, 0x7bcf, 0x8430, 0x738e, 0x7bcf, 0x738e, 0x738e, 0x6b4d, 0x6b4d, 0x6b4d, 0x6b4d, 0x630c,
  0x630c, 0x5acb, 0x5acb, 0x528a, 0x528a, 0x4a49, 0x4a49, 0x4208, 0x4a49, 0x4208, 0x39c7, 0x3186,
  0x39c7, 0x3186, 0x3186, 0x2945, 0x2945, 0x2104, 0x2104, 0x18c3, 0x2104, 0x18c3, 0x18c3, 0x18c3,
  0x18c3, 0x1082, 0x1082, 0x0841, 0x1082, 0x0841, 0x0841, 0x0841, 0x0841, 0x0841, 0x0841, 0x0000,
  0x0841, 0x0000, 0x0841, 0x0000, 0x0841, 0x0000, 0x0000, 0x0000, 0x0000, 0x0000, 0x0000, 0x0000,
  0x0000, 0x0000, 0x0000, 0x0000, 0x0000, 0x0000, 0x0000, 0x0000, 0x0000, 0x0000, 0x0000, 0x0841,
  0x0000, 0x0841, 0x0000, 0x0841, 0x0000, 0x0841, 0x0841, 0x0841, 0x0841, 0x1082, 0x1082, 0x1082,
  0x1082, 0x18c3, 0x18c3, 0x18c3, 0x18c3, 0x2104, 0x2104, 0x2945, 0x2104, 0x2945, 0x2945, 0x3186,
  0x3186, 0x39c7, 0x39c7, 0x4208, 0x4208, 0x4a49, 0x4a49, 0x528a, 0x4a49, 0x528a, 0x5acb, 0x5acb,
  0x5acb, 0x630c, 0x6b4d, 0x6b4d, 0x6b4d, 0x738e, 0x738e, 0x7bcf, 0x7bcf, 0x7bcf, 0x7bcf, 0x8430,
  0x8430, 0x8c71, 0x8430, 0x8c71, 0x8c71, 0x94b2, 0x8c71, 0x8c71, 0x8430, 0x8430, 0x8430, 0x8430,
  0x7bcf, 0x7bcf, 0x738e, 0x738e, 0x6b4d, 0x6b4d, 0x630c, 0x630c, 0x5acb, 0x5acb, 0x5acb, 0x5acb,
  0x528a, 0x528a, 0x4a49, 0x4a49, 0x4208, 0x4208, 0x39c7, 0x39c7, 0x3186, 0x3186, 0x2945, 0x3186,
  0x2104, 0x2945, 0x2104, 0x2104, 0x18c3, 0x18c3, 0x18c3, 0x18c3, 0x1082, 0x1082, 0x1082, 0x1082,
  0x0841, 0x0841, 0x0841, 0x0841, 0x0000, 0x0841, 0x0000, 0x0841, 0x0000, 0x0000, 0x0000, 0x0000,
  0x0000, 0x0000, 0x0000, 0x0000, 0x0000, 0x0000, 0x0000, 0x0000, 0x0000, 0x0000, 0x0000, 0x0000,
  0x0000, 0x0000, 0x0000, 0x0000, 0x0000, 0x0000, 0x0841, 0x0000, 0x0841, 0x0000, 0x0841, 0x0841,
  0x0841, 0x0841, 0x1082, 0x0841, 0x1082, 0x1082, 0x18c3, 0x1082, 0x18c3, 0x18c3, 0x18c3, 0x18c3,
  0x2104, 0x2104, 0x2945, 0x2945, 0x3186, 0x2945, 0x3186, 0x3186, 0x39c7, 0x39c7, 0x4208, 0x4208,
  0x4a49, 0x4a49, 0x528a, 0x528a, 0x5acb, 0x528a, 0x5acb, 0x5acb, 0x630c, 0x630c, 0x6b4d, 0x6b4d,
  0x738e, 0x738e, 0x7bcf, 0x7bcf, 0x8430, 0x8430, 0x8c71, 0x8c71, 0x94b2, 0x8c71, 0x94b2, 0x94b2,
  0x9cf3, 0x9cf3, 0x9cf3, 0x94b2, 0x94b2, 0x8c71, 0x8c71, 0x8430, 0x8430, 0x7bcf, 0x7bcf, 0x738e,
  0x738e, 0x6b4d, 0x738e, 0x6b4d, 0x6b4d, 0x630c, 0x630c, 0x5acb, 0x5acb, 0x528a, 0x528a, 0x4a49,
  0x4a49, 0x4208, 0x4208, 0x39c7, 0x39c7, 0x3186, 0x3186, 0x2945, 0x2945, 0x2104, 0x2945, 0x2104,
  0x2104, 0x18c3, 0x2104, 0x18c3, 0x18c3, 0x1082, 0x18c3, 0x1082, 0x1082, 0x0841, 0x1082, 0x0841,
  0x0841, 0x0841, 0x0841, 0x0000, 0x0841, 0x0000, 0x0841, 0x0000, 0x0000, 0x0000, 0x0000, 0x0000,
  0x0000, 0x0000, 0x0000, 0x0000, 0x0000, 0x0000, 0x0000, 0x0000, 0x0000, 0x0000, 0x0000, 0x0000,
  0x0000, 0x0000, 0x0000, 0x0000, 0x0000, 0x0841, 0x0000, 0x0841, 0x0841, 0x0841, 0x0841, 0x0841,
  0x1082, 0x1082, 0x1082, 0x18c3, 0x1082, 0x18c3, 0x18c3, 0x2104, 0x2104, 0x2104, 0x2104, 0x2945,
  0x2945, 0x3186, 0x3186, 0x39c7, 0x39c7, 0x4208, 0x39c7, 0x4208, 0x4a49, 0x4a49, 0x4a49, 0x528a,
  0x528a, 0x5acb, 0x5acb, 0x630c, 0x630c, 0x6b4d, 0x6b4d, 0x738e, 0x738e, 0x7bcf, 0x7bcf, 0x8430,
  0x8430, 0x8c71, 0x8c71, 0x94b2, 0x94b2, 0x9cf3, 0x94b2, 0x9cf3, 0x9cf3, 0xa534, 0x9cf3, 0x9cf3,
  0x94b2, 0x94b2, 0x8c71, 0x8c71, 0x8430, 0x8430, 0x7bcf, 0x7bcf, 0x738e, 0x738e, 0x6b4d, 0x6b4d,
  0x630c, 0x630c, 0x5acb, 0x5acb, 0x528a, 0x528a, 0x4a49, 0x4a49, 0x4208, 0x4208, 0x39c7, 0x39c7,
  0x39c7, 0x39c7, 0x3186, 0x3186, 0x2945, 0x2945, 0x2104, 0x2104, 0x2104, 0x2104, 0x18c3, 0x18c3,
  0x1082, 0x18c3, 0x1082, 0x1082, 0x0841, 0x1082, 0x0841, 0x0841, 0x0841, 0x0841, 0x0000, 0x0841,
  0x0000, 0x0841, 0x0000, 0x0000, 0x0000, 0x0000, 0x0000, 0x0000, 0x0000, 0x0000, 0x0000, 0x0000,
  0x0000, 0x0000, 0x0000, 0x0000, 0x0000, 0x0000, 0x0000, 0x0000, 0x0841, 0x0000, 0x0841, 0x0000,
  0x0841, 0x0841, 0x0841, 0x0841, 0x0841, 0x0841, 0x1082, 0x0841, 0x1082, 0x1082, 0x18c3, 0x1082,
  0x18c3, 0x18c3, 0x2104, 0x18c3, 0x2104, 0x2104, 0x2945, 0x2945, 0x3186, 0x3186, 0x3186, 0x3186,
  0x4208, 0x4208, 0x4208, 0x4208, 0x4a49, 0x4a49, 0x528a, 0x528a, 0x5acb, 0x5acb, 0x630c, 0x630c,
  0x6b4d, 0x6b4d, 0x738e, 0x738e, 0x7bcf, 0x8430, 0x8c71, 0x8c71, 0x94b2, 0x94b2, 0x9cf3, 0x9cf3,
  0xa534, 0xa534, 0xa534, 0xa534, 0xad75, 0xad75, 0xad75, 0xa534, 0xa534, 0x9cf3, 0x9cf3, 0x94b2,
  0x94b2, 0x8c71, 0x8c71, 0x7bcf, 0x8430, 0x738e, 0x738e, 0x6b4d, 0x6b4d, 0x6b4d, 0x6b4d, 0x5acb,
  0x5acb, 0x528a, 0x528a, 0x4a49, 0x4a49, 0x4a49, 0x4208, 0x39c7, 0x39c7, 0x39c7, 0x3186, 0x2945,
  0x3186, 0x2945, 0x2945, 0x2104, 0x2104, 0x18c3, 0x2104, 0x18c3, 0x18c3, 0x18c3, 0x18c3, 0x1082,
  0x1082, 0x0841, 0x1082, 0x0841, 0x0841, 0x0841, 0x0841, 0x0000, 0x0841, 0x0000, 0x0841, 0x0000,
  0x0841, 0x0000, 0x0000, 0x0000, 0x0000, 0x0000, 0x0000, 0x0000, 0x0000, 0x0000, 0x0000, 0x0000,
  0x0000, 0x0000, 0x0000, 0x0000, 0x0000, 0x0000, 0x0000, 0x0841, 0x0000, 0x0841, 0x0000, 0x0841,
  0x0841, 0x0841, 0x0841, 0x1082, 0x0841, 0x1082, 0x1082, 0x18c3, 0x1082, 0x18c3, 0x18c3, 0x2104,
  0x2104, 0x2104, 0x2104, 0x2945, 0x2945, 0x3186, 0x3186, 0x39c7, 0x39c7, 0x4208, 0x4208, 0x4a49,
  0x4a49, 0x528a, 0x528a, 0x5acb, 0x528a, 0x630c, 0x630c, 0x6b4d, 0x6b4d, 0x738e, 0x738e, 0x7bcf,
  0x7bcf, 0x8430, 0x8c71, 0x94b2, 0x94b2, 0x9cf3, 0x9cf3, 0xa534, 0xa534, 0xad75, 0xad75, 0xad75,
  0xad75, 0xb5b6, 0xad75, 0xad75, 0xa534, 0xa534, 0x9cf3, 0x9cf3, 0x94b2, 0x94b2, 0x8c71, 0x8430,
  0x7bcf, 0x7bcf, 0x738e, 0x738e, 0x6b4d, 0x6b4d, 0x630c, 0x630c, 0x5acb, 0x5acb, 0x528a, 0x528a,
  0x4a49, 0x4a49, 0x4208, 0x4208, 0x39c7, 0x39c7, 0x3186, 0x3186, 0x2945, 0x2945, 0x2104, 0x2104,
  0x2104, 0x2104, 0x18c3, 0x18c3, 0x1082, 0x18c3, 0x1082, 0x1082, 0x0841, 0x0841, 0x0841, 0x0841,
  0x0841, 0x0841, 0x0841, 0x0841, 0x0000, 0x0841, 0x0000, 0x0000, 0x0000, 0x0000, 0x0000, 0x0000,
  0x0000, 0x0000, 0x0000, 0x0000, 0x0000, 0x0000, 0x0000, 0x0000, 0x0000, 0x0000, 0x0000, 0x0000,
  0x0841, 0x0000, 0x0841, 0x0000, 0x0841, 0x0000, 0x0841, 0x0841, 0x0841, 0x0841, 0x1082, 0x0841,
  0x1082, 0x1082, 0x18c3, 0x18c3, 0x18c3, 0x18c3, 0x2104, 0x2104, 0x2104, 0x2104, 0x2945, 0x2945,
  0x3186, 0x3186, 0x39c7, 0x39c7, 0x4208, 0x4208, 0x4a49, 0x4a49, 0x528a, 0x528a, 0x5acb, 0x5acb,
  0x630c, 0x630c, 0x6b4d, 0x6b4d, 0x738e, 0x738e, 0x7bcf, 0x7bcf, 0x8430, 0x8c71, 0x94b2, 0x94b2,
  0x9cf3, 0xa534, 0xad75, 0xad75, 0xb5b6, 0xb5b6, 0xbdf7, 0xb5b6, 0xbdf7, 0xbdf7, 0xbdf7, 0xb5b6,
  0xb5b6, 0xad75, 0xad75, 0xa534, 0x9cf3, 0x94b2, 0x94b2, 0x8c71, 0x8430, 0x7bcf, 0x7bcf, 0x738e,
  0x738e, 0x6b4d, 0x6b4d, 0x630c, 0x630c, 0x5acb, 0x5acb, 0x528a, 0x528a, 0x4a49, 0x4a49, 0x4208,
  0x4208, 0x39c7, 0x39c7, 0x3186, 0x3186, 0x2945, 0x2945, 0x2104, 0x2104, 0x18c3, 0x2104, 0x18c3,
  0x18c3, 0x1082, 0x18c3, 0x1082, 0x1082, 0x0841, 0x1082, 0x0841, 0x0841, 0x0841, 0x0841, 0x0841,
  0x0841, 0x0000, 0x0841, 0x0000, 0x0841, 0x0000, 0x0841, 0x0000, 0x0000, 0x0000, 0x0000, 0x0000,
  0x0000, 0x0000, 0x0000, 0x0000, 0x0000, 0x0000, 0x0000, 0x0000, 0x0000, 0x0841, 0x0000, 0x0841,
  0x0000, 0x0841, 0x0000, 0x0841, 0x0841, 0x0841, 0x0841, 0x1082, 0x1082, 0x18c3, 0x1082, 0x18c3,
  0x18c3, 0x2104, 0x18c3, 0x2104, 0x2104, 0x2945, 0x2104, 0x2945, 0x2945, 0x39c7, 0x3186, 0x39c7,
  0x39c7, 0x4208, 0x4208, 0x4a49, 0x4a49, 0x528a, 0x528a, 0x5acb, 0x5acb, 0x6b4d, 0x630c, 0x6b4d,
  0x6b4d, 0x7bcf, 0x7bcf, 0x8430, 0x8430, 0x94b2, 0x94b2, 0x9cf3, 0xa534, 0xad75, 0xad75, 0xb5b6,
  0xb5b6, 0xbdf7, 0xbdf7, 0xbdf7, 0xc638, 0xc638, 0xbdf7, 0xbdf7, 0xb5b6, 0xb5b6, 0xad75, 0xad75,
  0xa534, 0x9cf3, 0x94b2, 0x94b2, 0x8430, 0x8430, 0x7bcf, 0x7bcf, 0x6b4d, 0x6b4d, 0x630c, 0x630c,
  0x630c, 0x5acb, 0x528a, 0x528a, 0x528a, 0x528a, 0x4208, 0x4208, 0x39c7, 0x39c7, 0x3186, 0x3186,
  0x2945, 0x3186, 0x2104, 0x2945, 0x2104, 0x2104, 0x18c3, 0x18c3, 0x18c3, 0x18c3, 0x1082, 0x1082,
  0x1082, 0x1082, 0x0841, 0x0841, 0x0841, 0x0841, 0x0000, 0x0841, 0x0000, 0x0841, 0x0000, 0x0000,
  0x0000, 0x0000, 0x0000, 0x0000, 0x0000, 0x0000, 0x0000, 0x0000, 0x0000, 0x0000, 0x0000, 0x0000,
  0x0000, 0x0000, 0x0000, 0x0000, 0x0841, 0x0000, 0x0841, 0x0000, 0x0841, 0x0841, 0x0841, 0x0841,
  0x1082, 0x0841, 0x1082, 0x1082, 0x18c3, 0x1082, 0x18c3, 0x18c3, 0x2104, 0x18c3, 0x2104, 0x2104,
  0x2945, 0x2945, 0x2945, 0x2945, 0x3186, 0x3186, 0x39c7, 0x39c7, 0x4208, 0x4208, 0x4a49, 0x4a49,
  0x528a, 0x528a, 0x5acb, 0x5acb, 0x630c, 0x630c, 0x6b4d, 0x6b4d, 0x7bcf, 0x7bcf, 0x8430, 0x8430,
  0x94b2, 0x94b2, 0x9cf3, 0xa534, 0xad75, 0xad75, 0xbdf7, 0xbdf7, 0xc638, 0xc638, 0xce79, 0xc638,
  0xd6ba, 0xce79, 0xce79, 0xc638, 0xc638, 0xbdf7, 0xbdf7, 0xad75, 0xad75, 0xa534, 0x9cf3, 0x94b2,
  0x94b2, 0x8430, 0x8430, 0x7bcf, 0x7bcf, 0x6b4d, 0x6b4d, 0x630c, 0x6b4d, 0x630c, 0x630c, 0x528a,
  0x528a, 0x4a49, 0x4a49, 0x4208, 0x4208, 0x39c7, 0x39c7, 0x3186, 0x3186, 0x2945, 0x2945, 0x2945,
  0x2945, 0x2104, 0x2104, 0x18c3, 0x2104, 0x18c3, 0x18c3, 0x1082, 0x1082, 0x1082, 0x1082, 0x0841,
  0x1082, 0x0841, 0x0841, 0x0000, 0x0841, 0x0000, 0x0841, 0x0000, 0x0841, 0x0000, 0x0000, 0x0000,
  0x0000, 0x0000, 0x0000, 0x0000, 0x0000, 0x0000, 0x0000, 0x0000, 0x0000, 0x0000, 0x0000, 0x0000,
  0x0000, 0x0000, 0x0000, 0x0841, 0x0000, 0x0841, 0x0841, 0x0841, 0x0841, 0x0841, 0x0841, 0x1082,
  0x1082, 0x1082, 0x1082, 0x18c3, 0x18c3, 0x18c3, 0x18c3, 0x2104, 0x2104, 0x2945, 0x2945, 0x3186,
  0x2945, 0x3186, 0x39c7, 0x39c7, 0x39c7, 0x4208, 0x4a49, 0x528a, 0x4a49, 0x528a, 0x5acb, 0x630c,
  0x630c, 0x6b4d, 0x6b4d, 0x738e, 0x738e, 0x7bcf, 0x8430, 0x8c71, 0x8c71, 0x9cf3, 0x9cf3, 0xad75,
  0xad75, 0xb5b6, 0xbdf7, 0xc638, 0xc638, 0xce79, 0xce79, 0xd6ba, 0xd6ba, 0xd6ba, 0xce79, 0xce79,
  0xc638, 0xc638, 0xbdf7, 0xbdf7, 0xad75, 0xad75, 0x9cf3, 0x9cf3, 0x8c71, 0x8c71, 0x8430, 0x8430,
  0x738e, 0x738e, 0x6b4d, 0x6b4d, 0x630c, 0x630c, 0x5acb, 0x528a, 0x4a49, 0x4a49, 0x4a49, 0x4a49,
  0x39c7, 0x39c7, 0x39c7, 0x39c7, 0x3186, 0x3186, 0x2945, 0x2945, 0x2104, 0x2104, 0x18c3, 0x18c3,
  0x18c3, 0x18c3, 0x1082, 0x1082, 0x1082, 0x1082, 0x0841, 0x0841, 0x0841, 0x0841, 0x0841, 0x0841,
  0x0000, 0x0841, 0x0000, 0x0000, 0x0000, 0x0000, 0x0000, 0x0000, 0x0000, 0x0000, 0x0000, 0x0000,
  0x0000, 0x0000, 0x0000, 0x0000, 0x0000, 0x0000, 0x0000, 0x0000, 0x0841, 0x0000, 0x0841, 0x0000,
  0x0841, 0x0841, 0x0841, 0x0841, 0x0841, 0x0841, 0x1082, 0x1082, 0x1082, 0x1082, 0x18c3, 0x18c3,
  0x18c3, 0x18c3, 0x2104, 0x2104, 0x2945, 0x2945, 0x3186, 0x2945, 0x3186, 0x3186, 0x39c7, 0x39c7,
  0x4208, 0x4208, 0x4a49, 0x4a49, 0x528a, 0x528a, 0x5acb, 0x5acb, 0x6b4d, 0x6b4d, 0x738e, 0x738e,
  0x7bcf, 0x7bcf, 0x8c71, 0x8c71, 0x9cf3, 0x9cf3, 0xad75, 0xad75, 0xb5b6, 0xbdf7, 0xc638, 0xce79,
  0xd6ba, 0xd6ba, 0xe73c, 0xe73c, 0xef7d, 0xe73c, 0xe73c, 0xd6ba, 0xd6ba, 0xc638, 0xc638, 0xbdf7,
  0xb5b6, 0xad75, 0xad75, 0x9cf3, 0x94b2, 0x8c71, 0x8c71, 0x8430, 0x7bcf, 0x738e, 0x738e, 0x6b4d,
  0x6b4d, 0x5acb, 0x630c, 0x528a, 0x528a, 0x4a49, 0x528a, 0x4a49, 0x4208, 0x39c7, 0x39c7, 0x3186,
  0x3186, 0x2945, 0x3186, 0x2945, 0x2945, 0x2104, 0x2104, 0x18c3, 0x18c3, 0x18c3, 0x18c3, 0x1082,
  0x1082, 0x0841, 0x1082, 0x0841, 0x0841, 0x0841, 0x0841, 0x0841, 0x0841, 0x0000, 0x0841, 0x0000,
  0x0841, 0x0000, 0x0841, 0x0000, 0x0000, 0x0000, 0x0000, 0x0000, 0x0000, 0x0000, 0x0000, 0x0000,
  0x0000, 0x0000, 0x0000, 0x0000, 0x0000, 0x0841, 0x0000, 0x0841, 0x0000, 0x0841, 0x0000, 0x0841,
  0x0841, 0x1082, 0x0841, 0x1082, 0x1082, 0x18c3, 0x1082, 0x18c3, 0x18c3, 0x2104, 0x18c3, 0x2104,
  0x2104, 0x2945, 0x2945, 0x3186, 0x3186, 0x39c7, 0x39c7, 0x4208, 0x4208, 0x4a49, 0x4a49, 0x528a,
  0x528a, 0x5acb, 0x5acb, 0x630c, 0x630c, 0x6b4d, 0x6b4d, 0x738e, 0x7bcf, 0x8430, 0x8430, 0x94b2,
  0x94b2, 0xa534, 0xa534, 0xb5b6, 0xb5b6, 0xc638, 0xc638, 0xd6ba, 0xdefb, 0xe73c, 0xef7d, 0xf7be,
  0xf7be, 0xf7be, 0xef7d, 0xe73c, 0xdefb, 0xd6ba, 0xc638, 0xc638, 0xb5b6, 0xb5b6, 0xa534, 0xa534,
  0x9cf3, 0x94b2, 0x8c71, 0x8430, 0x7bcf, 0x738e, 0x6b4d, 0x6b4d, 0x630c, 0x630c, 0x5acb, 0x5acb,
  0x528a, 0x528a, 0x4a49, 0x4a49, 0x4208, 0x4208, 0x39c7, 0x39c7, 0x3186, 0x3186, 0x2945, 0x2945,
  0x2104, 0x2104, 0x18c3, 0x18c3, 0x18c3, 0x18c3, 0x1082, 0x1082, 0x1082, 0x1082, 0x0841, 0x0841,
  0x0841, 0x0841, 0x0000, 0x0841, 0x0000, 0x0841, 0x0000, 0x0000, 0x0000, 0x0000, 0x0000, 0x0000,
  0x0000, 0x0000, 0x0000, 0x0000, 0x0000, 0x0000, 0x0000, 0x0000, 0x0000, 0x0000, 0x0000, 0x0000,
  0x0841, 0x0000, 0x0841, 0x0000, 0x0841, 0x0841, 0x0841, 0x0841, 0x1082, 0x0841, 0x1082, 0x1082,
  0x18c3, 0x1082, 0x18c3, 0x18c3, 0x2104, 0x18c3, 0x2104, 0x2104, 0x2945, 0x2945, 0x3186, 0x3186,
  0x39c7, 0x39c7, 0x39c7, 0x39c7, 0x4a49, 0x4a49, 0x528a, 0x528a, 0x5acb, 0x5acb, 0x630c, 0x630c,
  0x6b4d, 0x6b4d, 0x738e, 0x738e, 0x8430, 0x8430, 0x8c71, 0x94b2, 0xa534, 0xa534, 0xad75, 0xb5b6,
  0xc638, 0xc638, 0xd6ba, 0xdefb, 0xef7d, 0xf7be, 0xffff, 0xffff, 0xffff, 0xffff, 0xffff, 0xef7d,
  0xef7d, 0xdefb, 0xd6ba, 0xc638, 0xbdf7, 0xb5b6, 0xb5b6, 0xa534, 0xa534, 0x94b2, 0x8c71, 0x8430,
  0x8430, 0x7bcf, 0x738e, 0x6b4d, 0x6b4d, 0x630c, 0x630c, 0x5acb, 0x5acb, 0x528a, 0x4a49, 0x4208,
  0x4208, 0x4208, 0x39c7, 0x3186, 0x39c7, 0x3186, 0x3186, 0x2945, 0x2945, 0x2104, 0x2104, 0x18c3,
  0x2104, 0x18c3, 0x18c3, 0x1082, 0x18c3, 0x1082, 0x1082, 0x0841, 0x1082, 0x0841, 0x0841, 0x0841,
  0x0841, 0x0000, 0x0841, 0x0000, 0x0841, 0x0000, 0x0000, 0x0000, 0x0000, 0x0000, 0x0000, 0x0000,
  0x0000, 0x0000, 0x0000, 0x0000, 0x0000, 0x0000, 0x0000, 0x0000, 0x0000, 0x0000, 0x0000, 0x0841,
  0x0000, 0x0841, 0x0841, 0x0841, 0x0841, 0x0841, 0x0841, 0x1082, 0x1082, 0x1082, 0x1082, 0x18c3,
  0x18c3, 0x2104, 0x2104, 0x2104, 0x2104, 0x2945, 0x2945, 0x3186, 0x3186, 0x39c7, 0x39c7, 0x4208,
  0x4208, 0x4a49, 0x4a49, 0x528a, 0x528a, 0x5acb, 0x5acb, 0x630c, 0x630c, 0x6b4d, 0x6b4d, 0x7bcf,
  0x7bcf, 0x8430, 0x8c71, 0x94b2, 0x9cf3, 0xa534, 0xad75, 0xbdf7, 0xbdf7, 0xce79, 0xd6ba, 0xe73c,
  0xef7d, 0xffff, 0xffff, 0xffff, 0xffff, 0xffff, 0xffff, 0xffff, 0xef7d, 0xe73c, 0xd6ba, 0xce79,
  0xbdf7, 0xbdf7, 0xad75, 0xad75, 0x9cf3, 0x94b2, 0x8c71, 0x8430, 0x7bcf, 0x7bcf, 0x6b4d, 0x6b4d,
  0x630c, 0x630c, 0x5acb, 0x5acb, 0x528a, 0x528a, 0x4a49, 0x4a49, 0x4208, 0x4208, 0x39c7, 0x39c7,
  0x3186, 0x3186, 0x2945, 0x2945, 0x2104, 0x2104, 0x18c3, 0x2104, 0x18c3, 0x18c3, 0x1082, 0x18c3,
  0x1082, 0x1082, 0x0841, 0x0841, 0x0841, 0x0841, 0x0841, 0x0841, 0x0000, 0x0841, 0x0000, 0x0841,
  0x0000, 0x0000, 0x0000, 0x0000, 0x0000, 0x0000, 0x0000, 0x0000, 0x0000, 0x0000, 0x0000, 0x0000,
  0x0000, 0x0000, 0x0000, 0x0000, 0x0841, 0x0000, 0x0841, 0x0000, 0x0841, 0x0841, 0x0841, 0x0841,
  0x0841, 0x0841, 0x1082, 0x1082, 0x18c3, 0x1082, 0x18c3, 0x18c3, 0x18c3, 0x18c3, 0x2104, 0x2104,
  0x2945, 0x2945, 0x3186, 0x3186, 0x3186, 0x3186, 0x4208, 0x4208, 0x4208, 0x4a49, 0x528a, 0x528a,
  0x5acb, 0x5acb, 0x630c, 0x630c, 0x6b4d, 0x6b4d, 0x738e, 0x738e, 0x8430, 0x8430, 0x94b2, 0x94b2,
  0xa534, 0xa534, 0xb5b6, 0xbdf7, 0xc638, 0xce79, 0xdefb, 0xe73c, 0xffff, 0xffff, 0xffff, 0xffff,
  0xffff, 0xffff, 0xffff, 0xffff, 0xffff, 0xe73c, 0xdefb, 0xce79, 0xc638, 0xb5b6, 0xb5b6, 0xad75,
  0xa534, 0x94b2, 0x94b2, 0x8430, 0x8430, 0x738e, 0x738e, 0x6b4d, 0x6b4d, 0x630c, 0x630c, 0x5acb,
  0x5acb, 0x528a, 0x528a, 0x4a49, 0x4208, 0x39c7, 0x4208, 0x39c7, 0x3186, 0x2945, 0x3186, 0x2945,
  0x2945, 0x2104, 0x2104, 0x18c3, 0x18c3, 0x18c3, 0x18c3, 0x1082, 0x1082, 0x1082, 0x1082, 0x0841,
  0x0841, 0x0841, 0x0841, 0x0841, 0x0841, 0x0000, 0x0841, 0x0000, 0x0841, 0x0000, 0x0841, 0x0000,
  0x0000, 0x0000, 0x0000, 0x0000, 0x0000, 0x0000, 0x0000, 0x0000, 0x0000, 0x0000, 0x0000, 0x0000,
  0x0000, 0x0841, 0x0000, 0x0841, 0x0000, 0x0841, 0x0000, 0x0841, 0x0841, 0x1082, 0x0841, 0x1082,
  0x1082, 0x18c3, 0x1082, 0x18c3, 0x18c3, 0x2104, 0x2104, 0x2104, 0x2104, 0x2945, 0x2945, 0x3186,
  0x3186, 0x39c7, 0x39c7, 0x4208, 0x4208, 0x4a49, 0x4a49, 0x528a, 0x528a, 0x5acb, 0x5acb, 0x630c,
  0x630c, 0x6b4d, 0x6b4d, 0x7bcf, 0x7bcf, 0x8c71, 0x8c71, 0x94b2, 0x9cf3, 0xad75, 0xad75, 0xbdf7,
  0xbdf7, 0xce79, 0xd6ba, 0xef7d, 0xf7be, 0xffff, 0xffff, 0xffff, 0xffff, 0xffff, 0xffff, 0xffff,
  0xf7be, 0xef7d, 0xdefb, 0xd6ba, 0xc638, 0xbdf7, 0xb5b6, 0xad75, 0xa534, 0x9cf3, 0x8c71, 0x8c71,
  0x8430, 0x7bcf, 0x738e, 0x738e, 0x6b4d, 0x630c, 0x5acb, 0x5acb, 0x528a, 0x528a, 0x4a49, 0x4a49,
  0x4208, 0x4208, 0x39c7, 0x39c7, 0x3186, 0x3186, 0x2945, 0x2945, 0x2104, 0x2104, 0x18c3, 0x18c3,
  0x18c3, 0x18c3, 0x1082, 0x18c3, 0x1082, 0x1082, 0x0841, 0x0841, 0x0841, 0x0841, 0x0841, 0x0841,
  0x0000, 0x0841, 0x0000, 0x0000, 0x0000, 0x0000, 0x0000, 0x0000, 0x0000, 0x0000, 0x0000, 0x0000,
  0x0000, 0x0000, 0x0000, 0x0000, 0x0000, 0x0000, 0x0000, 0x0000, 0x0841, 0x0000, 0x0841, 0x0000,
  0x0841, 0x0841, 0x0841, 0x0841, 0x1082, 0x0841, 0x1082, 0x1082, 0x18c3, 0x1082, 0x18c3, 0x18c3,
  0x2104, 0x18c3, 0x2104, 0x2104, 0x2945, 0x2945, 0x3186, 0x3186, 0x39c7, 0x39c7, 0x4208, 0x4208,
  0x4a49, 0x4a49, 0x528a, 0x528a, 0x5acb, 0x5acb, 0x630c, 0x630c, 0x6b4d, 0x6b4d, 0x738e, 0x738e,
  0x8430, 0x8430, 0x94b2, 0x94b2, 0xa534, 0xad75, 0xb5b6, 0xb5b6, 0xc638, 0xce79, 0xdefb, 0xef7d,
  0xffff, 0xffff, 0xffff, 0xffff, 0xffff, 0xffff, 0xffff, 0xffff, 0xffff, 0xef7d, 0xe73c, 0xd6ba,
  0xce79, 0xc638, 0xbdf7, 0xad75, 0xad75, 0x9cf3, 0x9cf3, 0x8c71, 0x8c71, 0x7bcf, 0x7bcf, 0x738e,
  0x738e, 0x630c, 0x630c, 0x5acb, 0x5acb, 0x528a, 0x528a, 0x4a49, 0x4a49, 0x4208, 0x4208, 0x39c7,
  0x39c7, 0x3186, 0x3186, 0x2945, 0x2945, 0x2104, 0x2104, 0x18c3, 0x2104, 0x18c3, 0x18c3, 0x1082,
  0x18c3, 0x1082, 0x1082, 0x0841, 0x1082, 0x0841, 0x0841, 0x0841, 0x0841, 0x0000, 0x0841, 0x0000,
  0x0841, 0x0000, 0x0000, 0x0000, 0x0000, 0x0000, 0x0000, 0x0000, 0x0000, 0x0000, 0x0000, 0x0000,
  0x0000, 0x0000, 0x0000, 0x0000, 0x0000, 0x0000, 0x0000, 0x0841, 0x0000, 0x0841, 0x0841, 0x0841,
  0x0841, 0x0841, 0x0841, 0x1082, 0x1082, 0x1082, 0x1082, 0x18c3, 0x18c3, 0x2104, 0x18c3, 0x2104,
  0x2104, 0x2945, 0x2945, 0x3186, 0x3186, 0x39c7, 0x39c7, 0x4208, 0x4208, 0x4a49, 0x4a49, 0x528a,
  0x528a, 0x5acb, 0x5acb, 0x630c, 0x630c, 0x6b4d, 0x738e, 0x7bcf, 0x7bcf, 0x8430, 0x8c71, 0x9cf3,
  0x9cf3, 0xad75, 0xad75, 0xbdf7, 0xbdf7, 0xce79, 0xd6ba, 0xe73c, 0xf7be, 0xffff, 0xffff, 0xffff,
  0xffff, 0xffff, 0xffff, 0xffff, 0xf7be, 0xef7d, 0xdefb, 0xd6ba, 0xc638, 0xbdf7, 0xb5b6, 0xad75,
  0xa534, 0x9cf3, 0x94b2, 0x8c71, 0x8430, 0x7bcf, 0x738e, 0x738e, 0x6b4d, 0x630c, 0x5acb, 0x5acb,
  0x528a, 0x528a, 0x4a49, 0x4a49, 0x4208, 0x4208, 0x39c7, 0x39c7, 0x3186, 0x3186, 0x2945, 0x2945,
  0x2104, 0x2104, 0x18c3, 0x2104, 0x18c3, 0x18c3, 0x1082, 0x18c3, 0x1082, 0x1082, 0x0841, 0x0841,
  0x0841, 0x0841, 0x0841, 0x0841, 0x0000, 0x0841, 0x0000, 0x0841, 0x0000, 0x0000, 0x0000, 0x0000,
  0x0000, 0x0000, 0x0000, 0x0000, 0x0000, 0x0000, 0x0000, 0x0000, 0x0000, 0x0000, 0x0000, 0x0000,
  0x0841, 0x0000, 0x0841, 0x0000, 0x0841, 0x0841, 0x0841, 0x0841, 0x0841, 0x0841, 0x1082, 0x1082,
  0x1082, 0x1082, 0x18c3, 0x18c3, 0x2104, 0x18c3, 0x2104, 0x2104, 0x2945, 0x2945, 0x3186, 0x3186,
  0x39c7, 0x3186, 0x4208, 0x4208, 0x4208, 0x4a49, 0x528a, 0x528a, 0x528a, 0x5acb, 0x630c, 0x630c,
  0x6b4d, 0x6b4d, 0x738e, 0x738e, 0x8430, 0x8430, 0x94b2, 0x94b2, 0x9cf3, 0xa534, 0xb5b6, 0xb5b6,
  0xc638, 0xce79, 0xd6ba, 0xe73c, 0xf7be, 0xf7be, 0xffff, 0xffff, 0xffff, 0xffff, 0xffff, 0xffff,
  0xf7be, 0xe73c, 0xdefb, 0xce79, 0xc638, 0xb5b6, 0xb5b6, 0xa534, 0xa534, 0x94b2, 0x94b2, 0x8430,
  0x8430, 0x7bcf, 0x7bcf, 0x738e, 0x738e, 0x630c, 0x630c, 0x5acb, 0x5acb, 0x528a, 0x528a, 0x4a49,
  0x4208, 0x39c7, 0x4208, 0x39c7, 0x3186, 0x2945, 0x3186, 0x2945, 0x2945, 0x2104, 0x2104, 0x18c3,
  0x18c3, 0x18c3, 0x18c3, 0x1082, 0x1082, 0x1082, 0x1082, 0x0841, 0x0841, 0x0841, 0x0841, 0x0841,
  0x0841, 0x0000, 0x0841, 0x0000, 0x0841, 0x0000, 0x0841, 0x0000, 0x0000, 0x0000, 0x0000, 0x0000,
  0x0000, 0x0000, 0x0000, 0x0000, 0x0000, 0x0000, 0x0000, 0x0000, 0x0000, 0x0841, 0x0000, 0x0841,
  0x0000, 0x0841, 0x0000, 0x0841, 0x0841, 0x1082, 0x0841, 0x1082, 0x1082, 0x18c3, 0x1082, 0x18c3,
  0x18c3, 0x2104, 0x18c3, 0x2104, 0x2104, 0x2945, 0x2945, 0x3186, 0x3186, 0x39c7, 0x39c7, 0x4208,
  0x4208, 0x4a49, 0x4a49, 0x528a, 0x528a, 0x5acb, 0x5acb, 0x630c, 0x630c, 0x738e, 0x738e, 0x7bcf,
  0x7bcf, 0x8430, 0x8430, 0x94b2, 0x9cf3, 0xad75, 0xad75, 0xb5b6, 0xbdf7, 0xce79, 0xce79, 0xdefb,
  0xe73c, 0xf7be, 0xf7be, 0xffff, 0xffff, 0xffff, 0xffff, 0xf7be, 0xe73c, 0xe73c, 0xce79, 0xce79,
  0xbdf7, 0xb5b6, 0xad75, 0xad75, 0x9cf3, 0x94b2, 0x8c71, 0x8430, 0x7bcf, 0x7bcf, 0x6b4d, 0x6b4d,
  0x630c, 0x630c, 0x5acb, 0x5acb, 0x528a, 0x528a, 0x4a49, 0x4a49, 0x4208, 0x4208, 0x39c7, 0x39c7,
  0x3186, 0x3186, 0x2945, 0x2945, 0x2104, 0x2104, 0x18c3, 0x18c3, 0x18c3, 0x18c3, 0x1082, 0x18c3,
  0x1082, 0x1082, 0x0841, 0x0841, 0x0841, 0x0841, 0x0000, 0x0841, 0x0000, 0x0841, 0x0000, 0x0000,
  0x0000, 0x0000, 0x0000, 0x0000, 0x0000, 0x0000, 0x0000, 0x0000, 0x0000, 0x0000, 0x0000, 0x0000,
  0x0000, 0x0000, 0x0000, 0x0000, 0x0841, 0x0000, 0x0841, 0x0000, 0x0841, 0x0841, 0x0841, 0x0841,
  0x1082, 0x0841, 0x1082, 0x1082, 0x18c3, 0x1082, 0x18c3, 0x18c3, 0x2104, 0x18c3, 0x2104, 0x2104,
  0x2945, 0x2945, 0x3186, 0x2945, 0x39c7, 0x3186, 0x39c7, 0x39c7, 0x4a49, 0x4a49, 0x528a, 0x528a,
  0x5acb, 0x5acb, 0x630c, 0x630c, 0x6b4d, 0x6b4d, 0x738e, 0x738e, 0x7bcf, 0x8430, 0x8c71, 0x94b2,
  0x9cf3, 0xa534, 0xad75, 0xad75, 0xbdf7, 0xc638, 0xce79, 0xd6ba, 0xe73c, 0xe73c, 0xf7be, 0xf7be,
  0xffff, 0xffff, 0xf7be, 0xe73c, 0xe73c, 0xd6ba, 0xd6ba, 0xc638, 0xc638, 0xb5b6, 0xb5b6, 0xa534,
  0x9cf3, 0x94b2, 0x8c71, 0x8430, 0x8430, 0x738e, 0x738e, 0x6b4d, 0x6b4d, 0x630c, 0x630c, 0x5acb,
  0x5acb, 0x528a, 0x4a49, 0x4208, 0x4208, 0x4208, 0x4208, 0x39c7, 0x39c7, 0x3186, 0x3186, 0x2945,
  0x2945, 0x2104, 0x2104, 0x18c3, 0x2104, 0x18c3, 0x18c3, 0x1082, 0x18c3, 0x1082, 0x1082, 0x0841,
  0x1082, 0x0841, 0x0841, 0x0841, 0x0841, 0x0000, 0x0841, 0x0000, 0x0841, 0x0000, 0x0000, 0x0000,
  0x0000, 0x0000, 0x0000, 0x0000, 0x0000, 0x0000, 0x0000, 0x0000, 0x0000, 0x0000, 0x0000, 0x0000,
  0x0000, 0x0000, 0x0000, 0x0841, 0x0000, 0x0841, 0x0841, 0x0841, 0x0841, 0x0841, 0x0841, 0x1082,
  0x1082, 0x1082, 0x1082, 0x18c3, 0x18c3, 0x18c3, 0x18c3, 0x2104, 0x2104, 0x2945, 0x2945, 0x3186,
  0x3186, 0x39c7, 0x39c7, 0x4208, 0x4208, 0x4a49, 0x4a49, 0x528a, 0x528a, 0x5acb, 0x5acb, 0x630c,
  0x630c, 0x6b4d, 0x6b4d, 0x738e, 0x738e, 0x8430, 0x8430, 0x8c71, 0x94b2, 0x9cf3, 0xa534, 0xad75,
  0xb5b6, 0xbdf7, 0xbdf7, 0xce79, 0xd6ba, 0xdefb, 0xdefb, 0xef7d, 0xe73c, 0xe73c, 0xdefb, 0xdefb,
  0xd6ba, 0xd6ba, 0xc638, 0xc638, 0xb5b6, 0xad75, 0xa534, 0xa534, 0x94b2, 0x8c71, 0x8430, 0x8430,
  0x738e, 0x738e, 0x6b4d, 0x6b4d, 0x630c, 0x630c, 0x5acb, 0x5acb, 0x528a, 0x528a, 0x4a49, 0x4a49,
  0x4208, 0x4208, 0x39c7, 0x39c7, 0x2945, 0x3186, 0x2945, 0x2945, 0x2104, 0x2104, 0x18c3, 0x2104,
  0x18c3, 0x18c3, 0x1082, 0x1082, 0x1082, 0x1082, 0x0841, 0x0841, 0x0841, 0x0841, 0x0841, 0x0841,
  0x0000, 0x0841, 0x0000, 0x0000, 0x0000, 0x0000, 0x0000, 0x0000, 0x0000, 0x0000, 0x0000, 0x0000,
  0x0000, 0x0000, 0x0000, 0x0000, 0x0000, 0x0000, 0x0000, 0x0000, 0x0841, 0x0000, 0x0841, 0x0000,
  0x0841, 0x0841, 0x0841, 0x0841, 0x0841, 0x0841, 0x1082, 0x1082, 0x1082, 0x1082, 0x18c3, 0x18c3,
  0x18c3, 0x18c3, 0x2104, 0x2104, 0x2945, 0x2945, 0x3186, 0x3186, 0x3186, 0x3186, 0x39c7, 0x39c7,
  0x4208, 0x4208, 0x4a49, 0x4a49, 0x528a, 0x528a, 0x630c, 0x630c, 0x6b4d, 0x6b4d, 0x738e, 0x738e,
  0x7bcf, 0x7bcf, 0x8430, 0x8c71, 0x94b2, 0x94b2, 0xa534, 0xad75, 0xb5b6, 0xb5b6, 0xbdf7, 0xc638,
  0xce79, 0xd6ba, 0xdefb, 0xdefb, 0xdefb, 0xd6ba, 0xdefb, 0xd6ba, 0xd6ba, 0xce79, 0xc638, 0xbdf7,
  0xbdf7, 0xad75, 0xa534, 0x9cf3, 0x94b2, 0x8c71, 0x8c71, 0x7bcf, 0x7bcf, 0x738e, 0x738e, 0x6b4d,
  0x6b4d, 0x5acb, 0x630c, 0x5acb, 0x528a, 0x4a49, 0x4a49, 0x4208, 0x4208, 0x39c7, 0x39c7, 0x3186,
  0x3186, 0x2945, 0x3186, 0x2945, 0x2945, 0x2104, 0x2104, 0x18c3, 0x18c3, 0x18c3, 0x18c3, 0x1082,
  0x1082, 0x0841, 0x1082, 0x0841, 0x0841, 0x0841, 0x0841, 0x0841, 0x0841, 0x0000, 0x0841, 0x0000,
  0x0841, 0x0000, 0x0841, 0x0000, 0x0000, 0x0000, 0x0000, 0x0000, 0x0000, 0x0000, 0x0000, 0x0000,
  0x0000, 0x0000, 0x0000, 0x0000, 0x0000, 0x0841, 0x0000, 0x0841, 0x0000, 0x0841, 0x0000, 0x0841,
  0x0841, 0x1082, 0x0841, 0x1082, 0x1082, 0x18c3, 0x1082, 0x18c3, 0x18c3, 0x2104, 0x18c3, 0x2104,
  0x2104, 0x2945, 0x2945, 0x3186, 0x3186, 0x39c7, 0x3186, 0x39c7, 0x39c7, 0x4208, 0x4208, 0x528a,
  0x528a, 0x5acb, 0x5acb, 0x630c, 0x630c, 0x6b4d, 0x6b4d, 0x738e, 0x738e, 0x7bcf, 0x7bcf, 0x8c71,
  0x8c71, 0x94b2, 0x94b2, 0xa534, 0xad75, 0xb5b6, 0xb5b6, 0xbdf7, 0xc638, 0xce79, 0xce79, 0xd6ba,
  0xce79, 0xd6ba, 0xce79, 0xce79, 0xc638, 0xc638, 0xbdf7, 0xbdf7, 0xad75, 0xad75, 0x9cf3, 0x94b2,
  0x8c71, 0x8c71, 0x7bcf, 0x7bcf, 0x738e, 0x738e, 0x6b4d, 0x630c, 0x630c, 0x630c, 0x5acb, 0x5acb,
  0x4a49, 0x4a49, 0x4208, 0x4208, 0x39c7, 0x4208, 0x39c7, 0x39c7, 0x3186, 0x3186, 0x2945, 0x2945,
  0x2104, 0x2104, 0x18c3, 0x18c3, 0x18c3, 0x18c3, 0x1082, 0x1082, 0x1082, 0x1082, 0x0841, 0x0841,
  0x0841, 0x0841, 0x0000, 0x0841, 0x0000, 0x0841, 0x0000, 0x0000, 0x0000, 0x0000, 0x0000, 0x0000,
  0x0000, 0x0000, 0x0000, 0x0000, 0x0000, 0x0000, 0x0000, 0x0000, 0x0000, 0x0000, 0x0000, 0x0000,
  0x0841, 0x0000, 0x0841, 0x0000, 0x0841, 0x0841, 0x0841, 0x0841, 0x1082, 0x0841, 0x1082, 0x1082,
  0x18c3, 0x1082, 0x18c3, 0x18c3, 0x2104, 0x18c3, 0x2104, 0x2104, 0x2945, 0x2104, 0x2945, 0x2945,
  0x3186, 0x3186, 0x39c7, 0x39c7, 0x4208, 0x4208, 0x4a49, 0x4a49, 0x528a, 0x528a, 0x5acb, 0x5acb,
  0x630c, 0x630c, 0x6b4d, 0x6b4d, 0x738e, 0x738e, 0x7bcf, 0x8430, 0x8c71, 0x8c71, 0x9cf3, 0x9cf3,
  0xa534, 0xad75, 0xb5b6, 0xb5b6, 0xbdf7, 0xc638, 0xc638, 0xce79, 0xce79, 0xc638, 0xc638, 0xc638,
  0xc638, 0xbdf7, 0xbdf7, 0xb5b6, 0xad75, 0xa534, 0x9cf3, 0x8c71, 0x8c71, 0x8430, 0x8430, 0x738e,
  0x738e, 0x6b4d, 0x6b4d, 0x630c, 0x630c, 0x5acb, 0x5acb, 0x528a, 0x528a, 0x4a49, 0x4a49, 0x4208,
  0x4208, 0x39c7, 0x39c7, 0x3186, 0x3186, 0x2945, 0x2945, 0x2104, 0x2945, 0x2104, 0x2104, 0x18c3,
  0x2104, 0x18c3, 0x18c3, 0x1082, 0x1082, 0x1082, 0x1082, 0x0841, 0x1082, 0x0841, 0x0841, 0x0000,
  0x0841, 0x0000, 0x0841, 0x0000, 0x0841, 0x0000, 0x0000, 0x0000, 0x0000, 0x0000, 0x0000, 0x0000,
  0x0000, 0x0000, 0x0000, 0x0000, 0x0000, 0x0000, 0x0000, 0x0000, 0x0000, 0x0000, 0x0000, 0x0841,
  0x0000, 0x0841, 0x0841, 0x0841, 0x0841, 0x0841, 0x0841, 0x1082, 0x1082, 0x1082, 0x1082, 0x18c3,
  0x1082, 0x18c3, 0x18c3, 0x2104, 0x2104, 0x2945, 0x2945, 0x3186, 0x2945, 0x3186, 0x3186, 0x39c7,
  0x39c7, 0x4208, 0x4208, 0x4a49, 0x4a49, 0x528a, 0x528a, 0x5acb, 0x5acb, 0x630c, 0x630c, 0x6b4d,
  0x6b4d, 0x738e, 0x738e, 0x7bcf, 0x7bcf, 0x8c71, 0x8c71, 0x94b2, 0x9cf3, 0xa534, 0xa534, 0xb5b6,
  0xad75, 0xb5b6, 0xbdf7, 0xc638, 0xbdf7, 0xbdf7, 0xbdf7, 0xbdf7, 0xb5b6, 0xb5b6, 0xad75, 0xa534,
  0x9cf3, 0x9cf3, 0x8c71, 0x8c71, 0x8430, 0x7bcf, 0x738e, 0x738e, 0x6b4d, 0x6b4d, 0x630c, 0x630c,
  0x5acb, 0x5acb, 0x528a, 0x528a, 0x4a49, 0x4a49, 0x4208, 0x4208, 0x39c7, 0x39c7, 0x3186, 0x3186,
  0x2945, 0x2945, 0x2945, 0x2945, 0x2104, 0x2104, 0x18c3, 0x18c3, 0x1082, 0x18c3, 0x1082, 0x1082,
  0x0841, 0x1082, 0x0841, 0x0841, 0x0841, 0x0841, 0x0000, 0x0841, 0x0000, 0x0841, 0x0000, 0x0000,
  0x0000, 0x0000, 0x0000, 0x0000, 0x0000, 0x0000, 0x0000, 0x0000, 0x0000, 0x0000, 0x0000, 0x0000,
  0x0000, 0x0000, 0x0000, 0x0000, 0x0841, 0x0000, 0x0841, 0x0000, 0x0841, 0x0000, 0x0841, 0x0841,
  0x0841, 0x0841, 0x1082, 0x0841, 0x1082, 0x1082, 0x18c3, 0x18c3, 0x18c3, 0x18c3, 0x2104, 0x2104,
  0x2104, 0x2104, 0x2945, 0x2945, 0x3186, 0x3186, 0x39c7, 0x39c7, 0x4208, 0x4208, 0x4a49, 0x4a49,
  0x528a, 0x4a49, 0x528a, 0x5acb, 0x630c, 0x5acb, 0x6b4d, 0x6b4d, 0x738e, 0x738e, 0x7bcf, 0x7bcf,
  0x8430, 0x8430, 0x8c71, 0x8c71, 0x94b2, 0x9cf3, 0xa534, 0xa534, 0xad75, 0xad75, 0xb5b6, 0xbdf7,
  0xbdf7, 0xb5b6, 0xbdf7, 0xb5b6, 0xb5b6, 0xad75, 0xa534, 0x9cf3, 0x9cf3, 0x94b2, 0x8c71, 0x8430,
  0x8430, 0x7bcf, 0x7bcf, 0x738e, 0x738e, 0x6b4d, 0x6b4d, 0x630c, 0x630c, 0x5acb, 0x5acb, 0x528a,
  0x528a, 0x4a49, 0x4a49, 0x4208, 0x4208, 0x39c7, 0x39c7, 0x3186, 0x3186, 0x2945, 0x2945, 0x2104,
  0x2104, 0x18c3, 0x2104, 0x18c3, 0x18c3, 0x1082, 0x18c3, 0x1082, 0x1082, 0x0841, 0x1082, 0x0841,
  0x0841, 0x0841, 0x0841, 0x0841, 0x0841, 0x0000, 0x0841, 0x0000, 0x0841, 0x0000, 0x0841, 0x0000,
  0x0000, 0x0000, 0x0000, 0x0000, 0x0000, 0x0000, 0x0000, 0x0000, 0x0000, 0x0000, 0x0000, 0x0000,
  0x0000, 0x0000, 0x0000, 0x0841, 0x0000, 0x0841, 0x0000, 0x0841, 0x0841, 0x0841, 0x0841, 0x1082,
  0x1082, 0x1082, 0x1082, 0x18c3, 0x18c3, 0x18c3, 0x18c3, 0x2104, 0x2104, 0x2945, 0x2104, 0x2945,
  0x2945, 0x3186, 0x3186, 0x39c7, 0x39c7, 0x4208, 0x4208, 0x4a49, 0x4a49, 0x528a, 0x528a, 0x5acb,
  0x5acb, 0x630c, 0x630c, 0x6b4d, 0x630c, 0x738e, 0x6b4d, 0x738e, 0x7bcf, 0x8430, 0x8430, 0x8c71,
  0x8c71, 0x94b2, 0x94b2, 0x9cf3, 0xa534, 0xa534, 0xad75, 0xad75, 0xa534, 0xad75, 0xa534, 0xa534,
  0xa534, 0x9cf3, 0x9cf3, 0x9cf3, 0x8c71, 0x8c71, 0x8430, 0x8430, 0x7bcf, 0x7bcf, 0x6b4d, 0x738e,
  0x6b4d, 0x6b4d, 0x630c, 0x630c, 0x5acb, 0x5acb, 0x528a, 0x528a, 0x4a49, 0x4a49, 0x4208, 0x4208,
  0x39c7, 0x39c7, 0x3186, 0x3186, 0x2945, 0x2945, 0x2104, 0x2104, 0x2104, 0x2104, 0x18c3, 0x18c3,
  0x18c3, 0x18c3, 0x1082, 0x1082, 0x0841, 0x1082, 0x0841, 0x0841, 0x0841, 0x0841, 0x0000, 0x0841,
  0x0000, 0x0841, 0x0000, 0x0000, 0x0000, 0x0000, 0x0000, 0x0000, 0x0000, 0x0000, 0x0000, 0x0000,
  0x0000, 0x0000, 0x0000, 0x0000, 0x0000, 0x0000, 0x0000, 0x0000, 0x0841, 0x0000, 0x0841, 0x0000,
  0x0841, 0x0841, 0x0841, 0x0841, 0x0841, 0x0841, 0x1082, 0x0841, 0x1082, 0x1082, 0x18c3, 0x1082,
  0x18c3, 0x18c3, 0x2104, 0x2104, 0x2104, 0x2104, 0x2945, 0x2945, 0x3186, 0x3186, 0x3186, 0x3186,
  0x39c7, 0x39c7, 0x4208, 0x4208, 0x4a49, 0x4a49, 0x528a, 0x528a, 0x5acb, 0x5acb, 0x630c, 0x630c,
  0x6b4d, 0x6b4d, 0x738e, 0x738e, 0x7bcf, 0x7bcf, 0x8430, 0x8430, 0x8c71, 0x8c71, 0x94b2, 0x94b2,
  0x9cf3, 0x9cf3, 0xad75, 0xa534, 0xa534, 0x9cf3, 0xa534, 0x9cf3, 0x9cf3, 0x9cf3, 0x94b2, 0x8c71,
  0x8c71, 0x8430, 0x8430, 0x7bcf, 0x7bcf, 0x738e, 0x738e, 0x6b4d, 0x6b4d, 0x630c, 0x630c, 0x5acb,
  0x5acb, 0x528a, 0x528a, 0x4a49, 0x4a49, 0x4208, 0x4208, 0x39c7, 0x39c7, 0x39c7, 0x3186, 0x3186,
  0x3186, 0x2945, 0x2945, 0x2104, 0x2104, 0x18c3, 0x2104, 0x18c3, 0x18c3, 0x1082, 0x1082, 0x1082,
  0x1082, 0x0841, 0x1082, 0x0841, 0x0841, 0x0841, 0x0841, 0x0000, 0x0841, 0x0000, 0x0841, 0x0000,
  0x0841, 0x0000, 0x0000, 0x0000, 0x0000, 0x0000, 0x0000, 0x0000, 0x0000, 0x0000, 0x0000, 0x0000,
  0x0000, 0x0000, 0x0000, 0x0000, 0x0000, 0x0000, 0x0000, 0x0841, 0x0000, 0x0841, 0x0000, 0x0841,
  0x0841, 0x0841, 0x0841, 0x1082, 0x0841, 0x1082, 0x1082, 0x18c3, 0x1082, 0x18c3, 0x18c3, 0x2104,
  0x18c3, 0x2104, 0x2104, 0x2945, 0x2945, 0x3186, 0x2945, 0x3186, 0x3186, 0x39c7, 0x39c7, 0x4208,
  0x4208, 0x4a49, 0x4a49, 0x528a, 0x528a, 0x5acb, 0x5acb, 0x630c, 0x630c, 0x6b4d, 0x6b4d, 0x738e,
  0x6b4d, 0x738e, 0x738e, 0x7bcf, 0x7bcf, 0x8430, 0x8430, 0x8c71, 0x8c71, 0x94b2, 0x9cf3, 0x9cf3,
  0x94b2, 0x94b2, 0x94b2, 0x94b2, 0x8c71, 0x8c71, 0x8430, 0x8430, 0x7bcf, 0x7bcf, 0x7bcf, 0x738e,
  0x6b4d, 0x738e, 0x6b4d, 0x6b4d, 0x630c, 0x630c, 0x5acb, 0x5acb, 0x528a, 0x528a, 0x4a49, 0x4a49,
  0x4208, 0x4208, 0x39c7, 0x39c7, 0x3186, 0x3186, 0x2945, 0x3186, 0x2945, 0x2945, 0x2104, 0x2104,
  0x18c3, 0x2104, 0x18c3, 0x18c3, 0x1082, 0x1082, 0x1082, 0x1082, 0x0841, 0x0841, 0x0841, 0x0841,
  0x0841, 0x0841, 0x0000, 0x0841, 0x0000, 0x0000, 0x0000, 0x0000, 0x0000, 0x0000, 0x0000, 0x0000,
  0x0000, 0x0000, 0x0000, 0x0000, 0x0000, 0x0000, 0x0000, 0x0000, 0x0000, 0x0000, 0x0000, 0x0000,
  0x0000, 0x0000, 0x0841, 0x0000, 0x0841, 0x0000, 0x0841, 0x0841, 0x0841, 0x0841, 0x1082, 0x0841,
  0x1082, 0x1082, 0x18c3, 0x1082, 0x18c3, 0x18c3, 0x18c3, 0x18c3, 0x2104, 0x2104, 0x2945, 0x2945,
  0x2945, 0x2945, 0x3186, 0x3186, 0x39c7, 0x39c7, 0x4208, 0x4208, 0x4a49, 0x4a49, 0x528a, 0x528a,
  0x528a, 0x528a, 0x5acb, 0x5acb, 0x630c, 0x630c, 0x6b4d, 0x6b4d, 0x738e, 0x738e, 0x7bcf, 0x738e,
  0x7bcf, 0x7bcf, 0x8430, 0x8430, 0x8c71, 0x8430, 0x94b2, 0x8c71, 0x8c71, 0x8c71, 0x8c71, 0x8430,
  0x8c71, 0x8430, 0x8430, 0x7bcf, 0x7bcf, 0x738e, 0x7bcf, 0x738e, 0x738e, 0x6b4d, 0x6b4d, 0x630c,
  0x630c, 0x5acb, 0x5acb, 0x5acb, 0x5acb, 0x528a, 0x528a, 0x4a49, 0x4a49, 0x4208, 0x4208, 0x39c7,
  0x39c7, 0x3186, 0x3186, 0x2945, 0x2945, 0x2104, 0x2945, 0x2104, 0x2104, 0x18c3, 0x18c3, 0x18c3,
  0x18c3, 0x1082, 0x1082, 0x1082, 0x1082, 0x0841, 0x1082, 0x0841, 0x0841, 0x0841, 0x0841, 0x0000,
  0x0841, 0x0000, 0x0841, 0x0000, 0x0000, 0x0000, 0x0000, 0x0000, 0x0000, 0x0000, 0x0000, 0x0000,
  0x0000, 0x0000, 0x0000, 0x0000, 0x0000, 0x0000, 0x0000, 0x0000, 0x0000, 0x0000, 0x0000, 0x0000,
  0x0000, 0x0841, 0x0000, 0x0841, 0x0841, 0x0841, 0x0841, 0x0841, 0x0841, 0x1082, 0x1082, 0x1082,
  0x1082, 0x18c3, 0x18c3, 0x18c3, 0x18c3, 0x2104, 0x2104, 0x2945, 0x2104, 0x2945, 0x2945, 0x3186,
  0x3186, 0x39c7, 0x39c7, 0x4208, 0x4208, 0x4a49, 0x4208, 0x4a49, 0x528a, 0x528a, 0x528a, 0x5acb,
  0x5acb, 0x630c, 0x630c, 0x6b4d, 0x6b4d, 0x738e, 0x6b4d, 0x738e, 0x738e, 0x7bcf, 0x7bcf, 0x7bcf,
  0x7bcf, 0x8430, 0x8c71, 0x8430, 0x8430, 0x8430, 0x8430, 0x8430, 0x7bcf, 0x8430, 0x7bcf, 0x7bcf,
  0x738e, 0x738e, 0x6b4d, 0x738e, 0x6b4d, 0x6b4d, 0x630c, 0x630c, 0x5acb, 0x5acb, 0x528a, 0x5acb,
  0x528a, 0x4a49, 0x4a49, 0x4a49, 0x4208, 0x4208, 0x39c7, 0x39c7, 0x3186, 0x3186, 0x2945, 0x2945,
  0x2945, 0x2945, 0x2104, 0x2104, 0x18c3, 0x18c3, 0x18c3, 0x18c3, 0x1082, 0x1082, 0x0841, 0x1082,
  0x0841, 0x0841, 0x0841, 0x0841, 0x0841, 0x0841, 0x0000, 0x0841, 0x0000, 0x0841, 0x0000, 0x0000,
  0x0000, 0x0000, 0x0000, 0x0000, 0x0000, 0x0000, 0x0000, 0x0000, 0x0000, 0x0000, 0x0000, 0x0000,
  0x0000, 0x0000, 0x0000, 0x0000, 0x0841, 0x0000, 0x0841, 0x0000, 0x0841, 0x0000, 0x0841, 0x0841,
  0x0841, 0x0841, 0x0841, 0x0841, 0x1082, 0x1082, 0x1082, 0x1082, 0x18c3, 0x18c3, 0x18c3, 0x18c3,
  0x2104, 0x2104, 0x2104, 0x2104, 0x2945, 0x2945, 0x3186, 0x3186, 0x39c7, 0x39c7, 0x4208, 0x39c7,
  0x4208, 0x4208, 0x4a49, 0x4a49, 0x528a, 0x528a, 0x5acb, 0x5acb, 0x630c, 0x630c, 0x630c, 0x630c,
  0x6b4d, 0x6b4d, 0x738e, 0x738e, 0x738e, 0x738e, 0x7bcf, 0x738e, 0x7bcf, 0x7bcf, 0x8c71, 0x7bcf,
  0x8430, 0x7bcf, 0x7bcf, 0x7bcf, 0x7bcf, 0x738e, 0x738e, 0x738e, 0x738e, 0x738e, 0x738e, 0x6b4d,
  0x6b4d, 0x630c, 0x630c, 0x5acb, 0x630c, 0x5acb, 0x5acb, 0x528a, 0x528a, 0x4a49, 0x4a49, 0x4208,
  0x4208, 0x39c7, 0x39c7, 0x3186, 0x39c7, 0x3186, 0x3186, 0x2945, 0x2945, 0x2104, 0x2104, 0x2104,
  0x2104, 0x18c3, 0x18c3, 0x18c3, 0x18c3, 0x1082, 0x1082, 0x0841, 0x1082, 0x0841, 0x0841, 0x0841,
  0x0841, 0x0841, 0x0841, 0x0000, 0x0841, 0x0000, 0x0841, 0x0000, 0x0841, 0x0000, 0x0000, 0x0000,
  0x0000, 0x0000, 0x0000, 0x0000, 0x0000, 0x0000, 0x0000, 0x0000, 0x0000, 0x0000, 0x0000, 0x0000,
  0x0000, 0x0000, 0x0000, 0x0841, 0x0000, 0x0841, 0x0000, 0x0841, 0x0000, 0x0841, 0x0841, 0x0841,
  0x0841, 0x1082, 0x0841, 0x1082, 0x1082, 0x18c3, 0x1082, 0x18c3, 0x18c3, 0x2104, 0x2104, 0x2104,
  0x2104, 0x2945, 0x2945, 0x3186, 0x2945, 0x3186, 0x3186, 0x39c7, 0x39c7, 0x4208, 0x4208, 0x4a49,
  0x4a49, 0x4a49, 0x4a49, 0x528a, 0x528a, 0x5acb, 0x5acb, 0x630c, 0x630c, 0x630c, 0x630c, 0x6b4d,
  0x6b4d, 0x738e, 0x6b4d, 0x738e, 0x738e, 0x738e, 0x7bcf, 0x738e, 0x738e, 0x738e, 0x738e, 0x738e,
  0x738e, 0x738e, 0x6b4d, 0x738e, 0x6b4d, 0x6b4d, 0x6b4d, 0x6b4d, 0x630c, 0x630c, 0x5acb, 0x5acb,
  0x528a, 0x5acb, 0x528a, 0x528a, 0x4a49, 0x4a49, 0x4208, 0x4208, 0x39c7, 0x39c7, 0x3186, 0x3186,
  0x2945, 0x3186, 0x2945, 0x2945, 0x2104, 0x2104, 0x18c3, 0x2104, 0x18c3, 0x18c3, 0x1082, 0x18c3,
  0x1082, 0x1082, 0x0841, 0x1082, 0x0841, 0x0841, 0x0841, 0x0841, 0x0000, 0x0841, 0x0000, 0x0841,
  0x0000, 0x0000, 0x0000, 0x0000, 0x0000, 0x0000, 0x0000, 0x0000, 0x0000, 0x0000, 0x0000, 0x0000,
  0x0000, 0x0000, 0x0000, 0x0000, 0x0000, 0x0000, 0x0000, 0x0000, 0x0000, 0x0000, 0x0841, 0x0000,
  0x0841, 0x0000, 0x0841, 0x0841, 0x0841, 0x0841, 0x0841, 0x0841, 0x1082, 0x0841, 0x1082, 0x1082,
  0x18c3, 0x1082, 0x18c3, 0x18c3, 0x18c3, 0x18c3, 0x2104, 0x2104, 0x2945, 0x2104, 0x2945, 0x2945,
  0x3186, 0x3186, 0x39c7, 0x39c7, 0x39c7, 0x39c7, 0x4208, 0x4208, 0x4a49, 0x4a49, 0x528a, 0x528a,
  0x528a, 0x528a, 0x5acb, 0x5acb, 0x630c, 0x630c, 0x6b4d, 0x630c, 0x6b4d, 0x6b4d, 0x738e, 0x738e,
  0x738e, 0x738e, 0x7bcf, 0x6b4d, 0x738e, 0x738e, 0x738e, 0x6b4d, 0x738e, 0x6b4d, 0x738e, 0x6b4d,
  0x6b4d, 0x630c, 0x6b4d, 0x630c, 0x630c, 0x5acb, 0x5acb, 0x5acb, 0x5acb, 0x528a, 0x528a, 0x4a49,
  0x4a49, 0x4208, 0x4208, 0x4208, 0x4208, 0x39c7, 0x39c7, 0x3186, 0x3186, 0x2945, 0x3186, 0x2945,
  0x2104, 0x2104, 0x2104, 0x18c3, 0x18c3, 0x18c3, 0x18c3, 0x1082, 0x1082, 0x1082, 0x1082, 0x0841,
  0x0841, 0x0841, 0x0841, 0x0841, 0x0841, 0x0000, 0x0841, 0x0000, 0x0841, 0x0000, 0x0841, 0x0000,
  0x0000, 0x0000, 0x0000, 0x0000, 0x0000, 0x0000, 0x0000, 0x0000, 0x0000, 0x0000, 0x0000, 0x0000,
  0x0000, 0x0000, 0x0000, 0x0000, 0x0000, 0x0000, 0x0000, 0x0000, 0x0000, 0x0841, 0x0000, 0x0841,
  0x0000, 0x0841, 0x0841, 0x0841, 0x0841, 0x1082, 0x0841, 0x1082, 0x1082, 0x18c3, 0x1082, 0x18c3,
  0x18c3, 0x2104, 0x18c3, 0x2104, 0x2104, 0x2945, 0x2104, 0x2945, 0x2945, 0x3186, 0x3186, 0x39c7,
  0x39c7, 0x4208, 0x39c7, 0x4208, 0x4208, 0x4a49, 0x4a49, 0x4a49, 0x528a, 0x528a, 0x528a, 0x5acb,
  0x5acb, 0x630c, 0x630c, 0x630c, 0x630c, 0x6b4d, 0x630c, 0x6b4d, 0x630c, 0x738e, 0x738e, 0x6b4d,
  0x6b4d, 0x6b4d, 0x6b4d, 0x6b4d, 0x6b4d, 0x6b4d, 0x630c, 0x6b4d, 0x630c, 0x630c, 0x5acb, 0x630c,
  0x5acb, 0x5acb, 0x528a, 0x528a, 0x528a, 0x528a, 0x4a49, 0x4a49, 0x4208, 0x4208, 0x39c7, 0x39c7,
  0x39c7, 0x39c7, 0x3186, 0x3186, 0x2945, 0x2945, 0x2104, 0x2104, 0x2104, 0x2104, 0x18c3, 0x18c3,
  0x18c3, 0x18c3, 0x1082, 0x1082, 0x1082, 0x1082, 0x0841, 0x0841, 0x0841, 0x0841, 0x0841, 0x0841,
  0x0000, 0x0841, 0x0000, 0x0000, 0x0000, 0x0000, 0x0000, 0x0000, 0x0000, 0x0000, 0x0000, 0x0000,
  0x0000, 0x0000, 0x0000, 0x0000, 0x0000, 0x0000, 0x0000, 0x0000, 0x0000, 0x0000, 0x0000, 0x0000,
  0x0841, 0x0000, 0x0000, 0x0000, 0x0841, 0x0000, 0x0841, 0x0000, 0x0841, 0x0841, 0x0841, 0x0841,
  0x1082, 0x0841, 0x1082, 0x1082, 0x1082, 0x1082, 0x18c3, 0x18c3, 0x18c3, 0x18c3, 0x2104, 0x2104,
  0x2945, 0x2104, 0x2945, 0x2945, 0x3186, 0x3186, 0x3186, 0x3186, 0x39c7, 0x39c7, 0x4208, 0x4208,
  0x4208, 0x4208, 0x4a49, 0x4a49, 0x528a, 0x528a, 0x528a, 0x528a, 0x5acb, 0x5acb, 0x630c, 0x5acb,
  0x630c, 0x630c, 0x6b4d, 0x630c, 0x6b4d, 0x738e, 0x738e, 0x630c, 0x6b4d, 0x630c, 0x6b4d, 0x630c,
  0x6b4d, 0x630c, 0x6b4d, 0x630c, 0x630c, 0x630c, 0x630c, 0x5acb, 0x5acb, 0x5acb, 0x5acb, 0x528a,
  0x528a, 0x4a49, 0x4a49, 0x4208, 0x4a49, 0x4208, 0x4208, 0x39c7, 0x39c7, 0x3186, 0x3186, 0x2945,
  0x3186, 0x2945, 0x2945, 0x2104, 0x2104, 0x2104, 0x2104, 0x18c3, 0x18c3, 0x18c3, 0x18c3, 0x1082,
  0x1082, 0x1082, 0x1082, 0x0841, 0x1082, 0x0841, 0x0841, 0x0841, 0x0841, 0x0000, 0x0841, 0x0000,
  0x0841, 0x0000, 0x0000, 0x0000, 0x0841, 0x0000, 0x0000, 0x0000, 0x0000, 0x0000, 0x0000, 0x0000,
  0x0000, 0x0000, 0x0000, 0x0000, 0x0000, 0x0000, 0x0000, 0x0000, 0x0000, 0x0000, 0x0000, 0x0000,
  0x0000, 0x0000, 0x0000, 0x0841, 0x0000, 0x0841, 0x0841, 0x0841, 0x0841, 0x0841, 0x0841, 0x1082,
  0x0841, 0x1082, 0x1082, 0x18c3, 0x1082, 0x18c3, 0x18c3, 0x2104, 0x18c3, 0x2104, 0x2104, 0x2945,
  0x2945, 0x2945, 0x2945, 0x3186, 0x3186, 0x39c7, 0x39c7, 0x39c7, 0x39c7, 0x4208, 0x4208, 0x4a49,
  0x4a49, 0x4a49, 0x4a49, 0x528a, 0x528a, 0x5acb, 0x528a, 0x5acb, 0x5acb, 0x5acb, 0x5acb, 0x630c,
  0x5acb, 0x6b4d, 0x630c, 0x630c, 0x630c, 0x630c, 0x630c, 0x630c, 0x5acb, 0x630c, 0x5acb, 0x5acb,
  0x5acb, 0x5acb, 0x528a, 0x5acb, 0x528a, 0x528a, 0x4a49, 0x4a49, 0x4a49, 0x4a49, 0x4208, 0x4208,
  0x39c7, 0x4208, 0x39c7, 0x39c7, 0x3186, 0x3186, 0x2945, 0x2945, 0x2945, 0x2945, 0x2104, 0x2104,
  0x18c3, 0x2104, 0x18c3, 0x18c3, 0x1082, 0x1082, 0x1082, 0x1082, 0x0841, 0x1082, 0x0841, 0x0841,
  0x0841, 0x0841, 0x0841, 0x0841, 0x0000, 0x0841, 0x0000, 0x0841, 0x0000, 0x0000, 0x0000, 0x0000,
  0x0000, 0x0000, 0x0000, 0x0000, 0x0000, 0x0000, 0x0000, 0x0000, 0x0000, 0x0000, 0x0000, 0x0000,
  0x0000, 0x0000, 0x0000, 0x0000, 0x0000, 0x0000, 0x0841, 0x0000, 0x0841, 0x0000, 0x0841, 0x0000,
  0x0841, 0x0000, 0x0841, 0x0841, 0x0841, 0x0841, 0x1082, 0x0841, 0x1082, 0x1082, 0x18c3, 0x1082,
  0x18c3, 0x18c3, 0x18c3, 0x18c3, 0x2104, 0x2104, 0x2945, 0x2104, 0x2945, 0x2945, 0x3186, 0x3186,
  0x3186, 0x3186, 0x39c7, 0x39c7, 0x4208, 0x4208, 0x4208, 0x4208, 0x4a49, 0x4a49, 0x528a, 0x4a49,
  0x528a, 0x528a, 0x5acb, 0x5acb, 0x5acb, 0x528a, 0x5acb, 0x5acb, 0x5acb, 0x630c, 0x630c, 0x5acb,
  0x630c, 0x5acb, 0x630c, 0x5acb, 0x630c, 0x5acb, 0x5acb, 0x5acb, 0x5acb, 0x528a, 0x5acb, 0x528a,
  0x528a, 0x4a49, 0x528a, 0x4a49, 0x4a49, 0x4208, 0x4208, 0x4208, 0x4208, 0x39c7, 0x39c7, 0x3186,
  0x3186, 0x2945, 0x3186, 0x2945, 0x2945, 0x2104, 0x2945, 0x2104, 0x2104, 0x18c3, 0x18c3, 0x18c3,
  0x18c3, 0x1082, 0x1082, 0x1082, 0x1082, 0x0841, 0x1082, 0x0841, 0x0841, 0x0841, 0x0841, 0x0841,
  0x0841, 0x0000, 0x0841, 0x0000, 0x0841, 0x0000, 0x0841, 0x0000, 0x0000, 0x0000, 0x0000, 0x0000,
  0x0000, 0x0000, 0x0000, 0x0000, 0x0000, 0x0000, 0x0000, 0x0000, 0x0000, 0x0000, 0x0000, 0x0000,
  0x0000, 0x0000, 0x0000, 0x0000, 0x0000, 0x0000, 0x0000, 0x0841, 0x0000, 0x0841, 0x0000, 0x0841,
  0x0841, 0x0841, 0x0841, 0x0841, 0x0841, 0x1082, 0x1082, 0x18c3, 0x1082, 0x18c3, 0x18c3, 0x18c3,
  0x18c3, 0x2104, 0x2104, 0x2104, 0x2104, 0x2945, 0x2945, 0x2945, 0x2945, 0x3186, 0x3186, 0x39c7,
  0x39c7, 0x4208, 0x39c7, 0x4208, 0x4208, 0x4a49, 0x4208, 0x4a49, 0x4a49, 0x528a, 0x4a49, 0x528a,
  0x528a, 0x5acb, 0x528a, 0x5acb, 0x528a, 0x630c, 0x5acb, 0x5acb, 0x5acb, 0x5acb, 0x528a, 0x5acb,
  0x528a, 0x5acb, 0x528a, 0x528a, 0x528a, 0x528a, 0x4a49, 0x528a, 0x4a49, 0x4a49, 0x4a49, 0x4208,
  0x4208, 0x4208, 0x39c7, 0x39c7, 0x39c7, 0x39c7, 0x3186, 0x3186, 0x2945, 0x3186, 0x2945, 0x2945,
  0x2104, 0x2104, 0x2104, 0x2104, 0x18c3, 0x18c3, 0x18c3, 0x18c3, 0x1082, 0x1082, 0x1082, 0x1082,
  0x0841, 0x1082, 0x0841, 0x0841, 0x0841, 0x0841, 0x0000, 0x0841, 0x0000, 0x0841, 0x0000, 0x0000,
  0x0000, 0x0000, 0x0000, 0x0000, 0x0000, 0x0000, 0x0000, 0x0000, 0x0000, 0x0000, 0x0000, 0x0000,
  0x0000, 0x0000, 0x0000, 0x0000, 0x0000, 0x0000, 0x0000, 0x0000, 0x0000, 0x0000, 0x0000, 0x0000,
  0x0841, 0x0000, 0x0841, 0x0000, 0x0841, 0x0841, 0x0841, 0x0841, 0x0841, 0x0841, 0x0841, 0x0841,
  0x1082, 0x1082, 0x1082, 0x1082, 0x18c3, 0x18c3, 0x18c3, 0x18c3, 0x2104, 0x18c3, 0x2104, 0x2104,
  0x2945, 0x2104, 0x2945, 0x2945, 0x3186, 0x3186, 0x3186, 0x3186, 0x39c7, 0x39c7, 0x39c7, 0x39c7,
  0x4208, 0x4208, 0x4a49, 0x4208, 0x4a49, 0x4a49, 0x4a49, 0x4a49, 0x528a, 0x528a, 0x528a, 0x528a,
  0x5acb, 0x630c, 0x5acb, 0x528a, 0x5acb, 0x528a, 0x5acb, 0x528a, 0x5acb, 0x528a, 0x528a, 0x528a,
  0x528a, 0x4a49, 0x528a, 0x4a49, 0x4a49, 0x4208, 0x4a49, 0x4208, 0x4208, 0x4208, 0x4208, 0x39c7,
  0x39c7, 0x3186, 0x3186, 0x3186, 0x3186, 0x2945, 0x2945, 0x2104, 0x2945, 0x2104, 0x2104, 0x18c3,
  0x2104, 0x18c3, 0x18c3, 0x1082, 0x18c3, 0x1082, 0x1082, 0x0841, 0x1082, 0x0841, 0x0841, 0x0841,
  0x0841, 0x0841, 0x0841, 0x0000, 0x0841, 0x0000, 0x0841, 0x0000, 0x0841, 0x0000, 0x0000, 0x0000,
  0x0000, 0x0000, 0x0000, 0x0000, 0x0000, 0x0000, 0x0000, 0x0000, 0x0000, 0x0000, 0x0000, 0x0000,
  0x0000, 0x0000, 0x0000, 0x0000, 0x0000, 0x0000, 0x0000, 0x0000, 0x0000, 0x0000, 0x0000, 0x0841,
  0x0000, 0x0841, 0x0000, 0x0841, 0x0000, 0x0841, 0x0841, 0x0841, 0x0841, 0x0841, 0x0841, 0x1082,
  0x1082, 0x18c3, 0x1082, 0x18c3, 0x18c3, 0x18c3, 0x18c3, 0x2104, 0x2104, 0x2104, 0x2104, 0x2945,
  0x2945, 0x3186, 0x2945, 0x3186, 0x3186, 0x39c7, 0x3186, 0x39c7, 0x39c7, 0x4208, 0x4208, 0x4208,
  0x4208, 0x4a49, 0x4208, 0x4a49, 0x4a49, 0x4a49, 0x4a49, 0x4a49, 0x4a49, 0x5acb, 0x4a49, 0x528a,
  0x4a49, 0x528a, 0x4a49, 0x528a, 0x4a49, 0x4a49, 0x4a49, 0x4a49, 0x4a49, 0x4a49, 0x4208, 0x4a49,
  0x4208, 0x4208, 0x39c7, 0x4208, 0x39c7, 0x39c7, 0x3186, 0x39c7, 0x3186, 0x3186, 0x2945, 0x3186,
  0x2945, 0x2945, 0x2104, 0x2104, 0x18c3, 0x2104, 0x18c3, 0x18c3, 0x18c3, 0x18c3, 0x1082, 0x18c3,
  0x1082, 0x1082, 0x0841, 0x1082, 0x0841, 0x0841, 0x0841, 0x0841, 0x0000, 0x0841, 0x0000, 0x0841,
  0x0000, 0x0000, 0x0000, 0x0000, 0x0000, 0x0000, 0x0000, 0x0000, 0x0000, 0x0000, 0x0000, 0x0000,
  0x0000, 0x0000, 0x0000, 0x0000, 0x0000, 0x0000, 0x0000, 0x0000, 0x0000, 0x0000, 0x0000, 0x0000,
  0x0000, 0x0000, 0x0000, 0x0000, 0x0000, 0x0000, 0x0841, 0x0000, 0x0841, 0x0000, 0x0841, 0x0841,
  0x0841, 0x0841, 0x0841, 0x0841, 0x0841, 0x0841, 0x1082, 0x1082, 0x1082, 0x1082, 0x18c3, 0x18c3,
  0x18c3, 0x18c3, 0x2104, 0x18c3, 0x2104, 0x2104, 0x2945, 0x2104, 0x2945, 0x2945, 0x3186, 0x2945,
  0x3186, 0x3186, 0x39c7, 0x3186, 0x39c7, 0x39c7, 0x4208, 0x39c7, 0x4208, 0x4208, 0x4a49, 0x4208,
  0x4a49, 0x4a49, 0x4a49, 0x4a49, 0x528a, 0x528a, 0x528a, 0x4a49, 0x528a, 0x4a49, 0x528a, 0x4a49,
  0x4a49, 0x4a49, 0x4a49, 0x4208, 0x4a49, 0x4208, 0x4a49, 0x4208, 0x4208, 0x39c7, 0x4208, 0x39c7,
  0x39c7, 0x3186, 0x39c7, 0x3186, 0x3186, 0x2945, 0x3186, 0x2945, 0x2945, 0x2104, 0x2945, 0x2104,
  0x2104, 0x18c3, 0x2104, 0x18c3, 0x18c3, 0x1082, 0x18c3, 0x1082, 0x1082, 0x0841, 0x1082, 0x0841,
  0x0841, 0x0841, 0x0841, 0x0841, 0x0841, 0x0000, 0x0841, 0x0000, 0x0841, 0x0000, 0x0841, 0x0000,
  0x0000, 0x0000, 0x0000, 0x0000, 0x0000, 0x0000, 0x0000, 0x0000, 0x0000, 0x0000, 0x0000, 0x0000,
  0x0000, 0x0000, 0x0000, 0x0000, 0x0000, 0x0000, 0x0000, 0x0000, 0x0000, 0x0000, 0x0000, 0x0000,
  0x0000, 0x0000, 0x0000, 0x0000, 0x0000, 0x0841, 0x0000, 0x0841, 0x0000, 0x0841, 0x0000, 0x0841,
  0x0841, 0x1082, 0x0841, 0x1082, 0x1082, 0x1082, 0x1082, 0x18c3, 0x1082, 0x18c3, 0x18c3, 0x18c3,
  0x18c3, 0x2104, 0x2104, 0x2104, 0x2104, 0x2945, 0x2945, 0x2945, 0x2945, 0x3186, 0x3186, 0x3186,
  0x3186, 0x39c7, 0x3186, 0x39c7, 0x39c7, 0x4208, 0x39c7, 0x4208, 0x4208, 0x4a49, 0x4208, 0x4208,
  0x4a49, 0x528a, 0x4208, 0x4a49, 0x4208, 0x4a49, 0x4208, 0x4a49, 0x4208, 0x4a49, 0x4208, 0x4208,
  0x4208, 0x4208, 0x39c7, 0x4208, 0x39c7, 0x39c7, 0x3186, 0x39c7, 0x3186, 0x3186, 0x3186, 0x3186,
  0x2945, 0x2945, 0x2945, 0x2945, 0x2104, 0x2104, 0x18c3, 0x2104, 0x18c3, 0x18c3, 0x18c3, 0x18c3,
  0x1082, 0x18c3, 0x1082, 0x1082, 0x0841, 0x1082, 0x0841, 0x0841, 0x0841, 0x0841, 0x0841, 0x0841,
  0x0000, 0x0841, 0x0000, 0x0000, 0x0000, 0x0000, 0x0000, 0x0000, 0x0000, 0x0000, 0x0000, 0x0000,
  0x0000, 0x0000, 0x0000, 0x0000, 0x0000, 0x0000, 0x0000, 0x0000, 0x0000, 0x0000, 0x0000, 0x0000,
  0x0000, 0x0000, 0x0000, 0x0000, 0x0000, 0x0000, 0x0000, 0x0000, 0x0841, 0x0000, 0x0000, 0x0000,
  0x0841, 0x0000, 0x0841, 0x0000, 0x0841, 0x0841, 0x0841, 0x0841, 0x1082, 0x0841, 0x1082, 0x0841,
  0x1082, 0x1082, 0x18c3, 0x1082, 0x18c3, 0x18c3, 0x18c3, 0x18c3, 0x2104, 0x18c3, 0x2104, 0x2104,
  0x2945, 0x2104, 0x2945, 0x2945, 0x3186, 0x2945, 0x3186, 0x3186, 0x39c7, 0x3186, 0x39c7, 0x39c7,
  0x39c7, 0x39c7, 0x4208, 0x39c7, 0x4208, 0x4208, 0x4208, 0x4208, 0x4a49, 0x4a49, 0x4208, 0x4208,
  0x4208, 0x4208, 0x4208, 0x4208, 0x4208, 0x4208, 0x4208, 0x4208, 0x4208, 0x4208, 0x4208, 0x39c7,
  0x39c7, 0x39c7, 0x39c7, 0x3186, 0x39c7, 0x3186, 0x3186, 0x2945, 0x3186, 0x2945, 0x2945, 0x2104,
  0x2945, 0x2104, 0x2104, 0x18c3, 0x2104, 0x18c3, 0x18c3, 0x18c3, 0x18c3, 0x1082, 0x1082, 0x1082,
  0x1082, 0x0841, 0x1082, 0x0841, 0x1082, 0x0841, 0x0841, 0x0841, 0x0841, 0x0000, 0x0841, 0x0000,
  0x0841, 0x0000, 0x0000, 0x0000, 0x0841, 0x0000, 0x0000, 0x0000, 0x0000, 0x0000, 0x0000, 0x0000,
  0x0000, 0x0000, 0x0000, 0x0000, 0x0000, 0x0000, 0x0000, 0x0000, 0x0000, 0x0000, 0x0000, 0x0000,
  0x0000, 0x0000, 0x0000, 0x0000, 0x0000, 0x0000, 0x0000, 0x0000, 0x0000, 0x0000, 0x0000, 0x0841,
  0x0000, 0x0841, 0x0841, 0x0841, 0x0841, 0x0841, 0x0841, 0x0841, 0x0841, 0x1082, 0x1082, 0x1082,
  0x1082, 0x18c3, 0x1082, 0x18c3, 0x18c3, 0x18c3, 0x18c3, 0x2104, 0x2104, 0x2104, 0x2104, 0x2945,
  0x2945, 0x2945, 0x2945, 0x3186, 0x2945, 0x3186, 0x3186, 0x3186, 0x3186, 0x39c7, 0x3186, 0x39c7,
  0x39c7, 0x39c7, 0x39c7, 0x4208, 0x4208, 0x4208, 0x39c7, 0x4208, 0x39c7, 0x4208, 0x39c7, 0x4208,
  0x39c7, 0x39c7, 0x39c7, 0x39c7, 0x39c7, 0x39c7, 0x3186, 0x39c7, 0x3186, 0x3186, 0x3186, 0x3186,
  0x2945, 0x3186, 0x2945, 0x2945, 0x2104, 0x2945, 0x2104, 0x2104, 0x2104, 0x2104, 0x18c3, 0x18c3,
  0x18c3, 0x18c3, 0x1082, 0x18c3, 0x1082, 0x1082, 0x1082, 0x1082, 0x0841, 0x0841, 0x0841, 0x0841,
  0x0841, 0x0841, 0x0000, 0x0841, 0x0000, 0x0000, 0x0000, 0x0000, 0x0000, 0x0000, 0x0000, 0x0000,
  0x0000, 0x0000, 0x0000, 0x0000, 0x0000, 0x0000, 0x0000, 0x0000, 0x0000, 0x0000, 0x0000, 0x0000,
  0x0000, 0x0000, 0x0000, 0x0000, 0x0000, 0x0000, 0x0000, 0x0000, 0x0000, 0x0000, 0x0000, 0x0000,
  0x0000, 0x0000, 0x0841, 0x0000, 0x0841, 0x0000, 0x0841, 0x0000, 0x0841, 0x0000, 0x0841, 0x0841,
  0x0841, 0x0841, 0x1082, 0x0841, 0x1082, 0x0841, 0x1082, 0x1082, 0x1082, 0x1082, 0x18c3, 0x18c3,
  0x18c3, 0x18c3, 0x2104, 0x18c3, 0x2104, 0x2104, 0x2945, 0x2104, 0x2945, 0x2945, 0x2945, 0x2945,
  0x3186, 0x2945, 0x3186, 0x3186, 0x3186, 0x3186, 0x39c7, 0x3186, 0x39c7, 0x3186, 0x39c7, 0x39c7,
  0x4208, 0x39c7, 0x39c7, 0x39c7, 0x39c7, 0x39c7, 0x39c7, 0x39c7, 0x39c7, 0x39c7, 0x39c7, 0x3186,
  0x39c7, 0x3186, 0x39c7, 0x3186, 0x3186, 0x3186, 0x3186, 0x2945, 0x3186, 0x2945, 0x2945, 0x2945,
  0x2945, 0x2104, 0x2945, 0x2104, 0x2104, 0x18c3, 0x2104, 0x18c3, 0x18c3, 0x1082, 0x18c3, 0x1082,
  0x1082, 0x1082, 0x1082, 0x0841, 0x1082, 0x0841, 0x1082, 0x0841, 0x0841, 0x0841, 0x0841, 0x0000,
  0x0841, 0x0000, 0x0841, 0x0000, 0x0841, 0x0000, 0x0841, 0x0000, 0x0000, 0x0000, 0x0000, 0x0000,
  0x0000, 0x0000, 0x0000, 0x0000, 0x0000, 0x0000, 0x0000, 0x0000, 0x0000, 0x0000, 0x0000, 0x0000,
  0x0000, 0x0000, 0x0000, 0x0000, 0x0000, 0x0000, 0x0000, 0x0000, 0x0000, 0x0000, 0x0000, 0x0000,
  0x0000, 0x0000, 0x0000, 0x0000, 0x0000, 0x0841, 0x0000, 0x0841, 0x0841, 0x0841, 0x0841, 0x0841,
  0x0841, 0x1082, 0x0841, 0x1082, 0x1082, 0x1082, 0x1082, 0x18c3, 0x18c3, 0x18c3, 0x18c3, 0x18c3,
  0x18c3, 0x2104, 0x18c3, 0x2104, 0x2104, 0x2945, 0x2104, 0x2945, 0x2945, 0x2945, 0x2945, 0x3186,
  0x2945, 0x3186, 0x3186, 0x3186, 0x3186, 0x3186, 0x3186, 0x39c7, 0x39c7, 0x39c7, 0x3186, 0x39c7,
  0x3186, 0x39c7, 0x3186, 0x39c7, 0x3186, 0x39c7, 0x3186, 0x3186, 0x3186, 0x3186, 0x2945, 0x3186,
  0x2945, 0x3186, 0x2945, 0x2945, 0x2945, 0x2945, 0x2104, 0x2104, 0x2104, 0x2104, 0x18c3, 0x2104,
  0x18c3, 0x18c3, 0x18c3, 0x18c3, 0x1082, 0x18c3, 0x1082, 0x1082, 0x1082, 0x1082, 0x0841, 0x1082,
  0x0841, 0x0841, 0x0841, 0x0841, 0x0841, 0x0841, 0x0000, 0x0841, 0x0000, 0x0841, 0x0000, 0x0000,
  0x0000, 0x0000, 0x0000, 0x0000, 0x0000, 0x0000, 0x0000, 0x0000, 0x0000, 0x0000, 0x0000, 0x0000,
  0x0000, 0x0000, 0x0000, 0x0000, 0x0000, 0x0000, 0x0000, 0x0000, 0x0000, 0x0000, 0x0000, 0x0000,
  0x0000, 0x0000, 0x0000, 0x0000, 0x0000, 0x0000, 0x0000, 0x0000, 0x0841, 0x0000, 0x0841, 0x0000,
  0x0841, 0x0000, 0x0841, 0x0000, 0x0841, 0x0841, 0x0841, 0x0841, 0x1082, 0x0841, 0x1082, 0x0841,
  0x1082, 0x1082, 0x18c3, 0x1082, 0x18c3, 0x18c3, 0x18c3, 0x18c3, 0x2104, 0x18c3, 0x2104, 0x2104,
  0x2104, 0x2104, 0x2945, 0x2104, 0x2945, 0x2945, 0x2945, 0x2945, 0x3186, 0x2945, 0x3186, 0x2945,
  0x3186, 0x3186, 0x3186, 0x3186, 0x39c7, 0x3186, 0x3186, 0x3186, 0x39c7, 0x3186, 0x3186, 0x3186,
  0x39c7, 0x3186, 0x3186, 0x3186, 0x3186, 0x3186, 0x3186, 0x2945, 0x3186, 0x2945, 0x2945, 0x2945,
  0x2945, 0x2104, 0x2945, 0x2104, 0x2104, 0x2104, 0x2104, 0x18c3, 0x2104, 0x18c3, 0x18c3, 0x18c3,
  0x18c3, 0x1082, 0x1082, 0x1082, 0x1082, 0x1082, 0x1082, 0x0841, 0x1082, 0x0841, 0x0841, 0x0841,
  0x0841, 0x0841, 0x0841, 0x0000, 0x0841, 0x0000, 0x0841, 0x0000, 0x0841, 0x0000, 0x0000, 0x0000,
  0x0000, 0x0000, 0x0000, 0x0000, 0x0000, 0x0000, 0x0000, 0x0000, 0x0000, 0x0000, 0x0000, 0x0000,
  0x0000, 0x0000, 0x0000, 0x0000, 0x0000, 0x0000, 0x0000, 0x0000, 0x0000, 0x0000, 0x0000, 0x0000,
  0x0000, 0x0000, 0x0000, 0x0000, 0x0000, 0x0000, 0x0000, 0x0000, 0x0000, 0x0000, 0x0000, 0x0841,
  0x0000, 0x0841, 0x0841, 0x0841, 0x0841, 0x0841, 0x0841, 0x1082, 0x0841, 0x1082, 0x1082, 0x1082,
  0x1082, 0x18c3, 0x1082, 0x18c3, 0x18c3, 0x18c3, 0x18c3, 0x2104, 0x18c3, 0x2104, 0x2104, 0x2104,
  0x2104, 0x2945, 0x2104, 0x2945, 0x2104, 0x2945, 0x2945, 0x3186, 0x2945, 0x2945, 0x2945, 0x3186,
  0x2945, 0x3186, 0x2945, 0x3186, 0x2945, 0x3186, 0x2945, 0x3186, 0x2945, 0x3186, 0x2945, 0x3186,
  0x2945, 0x2945, 0x2945, 0x2945, 0x2945, 0x2945, 0x2104, 0x2945, 0x2104, 0x2104, 0x2104, 0x2104,
  0x18c3, 0x18c3, 0x18c3, 0x18c3, 0x1082, 0x18c3, 0x1082, 0x18c3, 0x1082, 0x1082, 0x0841, 0x1082,
  0x0841, 0x0841, 0x0841, 0x0841, 0x0841, 0x0841, 0x0841, 0x0841, 0x0000, 0x0841, 0x0000, 0x0841,
  0x0000, 0x0000, 0x0000, 0x0000, 0x0000, 0x0000, 0x0000, 0x0000, 0x0000, 0x0000, 0x0000, 0x0000,
  0x0000, 0x0000, 0x0000, 0x0000, 0x0000, 0x0000, 0x0000, 0x0000, 0x0000, 0x0000, 0x0000, 0x0000,
  0x0000, 0x0000, 0x0000, 0x0000, 0x0000, 0x0000, 0x0000, 0x0000, 0x0000, 0x0000, 0x0000, 0x0000,
  0x0000, 0x0000, 0x0841, 0x0000, 0x0841, 0x0000, 0x0841, 0x0000, 0x0841, 0x0000, 0x0841, 0x0841,
  0x0841, 0x0841, 0x1082, 0x0841, 0x1082, 0x0841, 0x1082, 0x1082, 0x1082, 0x1082, 0x18c3, 0x1082,
  0x18c3, 0x18c3, 0x18c3, 0x18c3, 0x2104, 0x18c3, 0x2104, 0x2104, 0x2104, 0x2104, 0x2945, 0x2104,
  0x2945, 0x2104, 0x2945, 0x2945, 0x2945, 0x2945, 0x2945, 0x2945, 0x3186, 0x2945, 0x3186, 0x2945,
  0x3186, 0x2945, 0x3186, 0x2945, 0x2945, 0x2945, 0x3186, 0x2945, 0x2945, 0x2945, 0x2945, 0x2945,
  0x2945, 0x2104, 0x2945, 0x2104, 0x2104, 0x2104, 0x2104, 0x18c3, 0x2104, 0x18c3, 0x18c3, 0x18c3,
  0x18c3, 0x1082, 0x18c3, 0x1082, 0x1082, 0x1082, 0x1082, 0x0841, 0x1082, 0x0841, 0x1082, 0x0841,
  0x0841, 0x0841, 0x0841, 0x0841, 0x0841, 0x0000, 0x0841, 0x0000, 0x0841, 0x0000, 0x0841, 0x0000,
  0x0000, 0x0000, 0x0000, 0x0000, 0x0000, 0x0000, 0x0000, 0x0000, 0x0000, 0x0000, 0x0000, 0x0000,
  0x0000, 0x0000, 0x0000, 0x0000, 0x0000, 0x0000, 0x0000, 0x0000, 0x0000, 0x0000, 0x0000, 0x0000,
  0x0000, 0x0000, 0x0000, 0x0000, 0x0000, 0x0000, 0x0000, 0x0000, 0x0000, 0x0000, 0x0000, 0x0000,
  0x0000, 0x0000, 0x0000, 0x0841, 0x0000, 0x0841, 0x0000, 0x0841, 0x0841, 0x0841, 0x0841, 0x0841,
  0x0841, 0x1082, 0x0841, 0x1082, 0x1082, 0x1082, 0x1082, 0x18c3, 0x1082, 0x18c3, 0x1082, 0x18c3,
  0x18c3, 0x2104, 0x18c3, 0x2104, 0x18c3, 0x2104, 0x2104, 0x2104, 0x2104, 0x2104, 0x2104, 0x2945,
  0x2104, 0x2945, 0x2104, 0x2945, 0x2945, 0x2945, 0x2104, 0x2945, 0x2945, 0x2945, 0x2104, 0x2945,
  0x2104, 0x2945, 0x2104, 0x2945, 0x2104, 0x2945, 0x2104, 0x2104, 0x2104, 0x2104, 0x18c3, 0x2104,
  0x18c3, 0x2104, 0x18c3, 0x18c3, 0x18c3, 0x18c3, 0x1082, 0x18c3, 0x1082, 0x18c3, 0x1082, 0x1082,
  0x0841, 0x1082, 0x0841, 0x0841, 0x0841, 0x0841, 0x0841, 0x0841, 0x0841, 0x0841, 0x0000, 0x0841,
  0x0000, 0x0841, 0x0000, 0x0000, 0x0000, 0x0000, 0x0000, 0x0000, 0x0000, 0x0000, 0x0000, 0x0000,
  0x0000, 0x0000, 0x0000, 0x0000, 0x0000, 0x0000, 0x0000, 0x0000, 0x0000, 0x0000, 0x0000, 0x0000,
  0x0000, 0x0000, 0x0000, 0x0000, 0x0000, 0x0000, 0x0000, 0x0000, 0x0000, 0x0000, 0x0000, 0x0000,
  0x0000, 0x0000, 0x0000, 0x0000, 0x0000, 0x0000, 0x0000, 0x0000, 0x0841, 0x0000, 0x0841, 0x0000,
  0x0841, 0x0000, 0x0841, 0x0000, 0x0841, 0x0841, 0x0841, 0x0841, 0x1082, 0x0841, 0x1082, 0x0841,
  0x1082, 0x1082, 0x1082, 0x1082, 0x18c3, 0x18c3, 0x18c3, 0x18c3, 0x18c3, 0x18c3, 0x18c3, 0x18c3,
  0x2104, 0x18c3, 0x2104, 0x18c3, 0x2104, 0x2104, 0x2104, 0x2104, 0x2945, 0x2104, 0x2945, 0x2104,
  0x2945, 0x2104, 0x2945, 0x2104, 0x2945, 0x2945, 0x2945, 0x2104, 0x2945, 0x2104, 0x2945, 0x2104,
  0x2945, 0x2104, 0x2104, 0x2104, 0x2104, 0x2104, 0x2104, 0x18c3, 0x2104, 0x18c3, 0x18c3, 0x18c3,
  0x18c3, 0x18c3, 0x18c3, 0x1082, 0x18c3, 0x1082, 0x1082, 0x1082, 0x1082, 0x0841, 0x1082, 0x0841,
  0x1082, 0x0841, 0x0841, 0x0841, 0x0841, 0x0841, 0x0841, 0x0000, 0x0841, 0x0000, 0x0841, 0x0000,
  0x0841, 0x0000, 0x0000, 0x0000, 0x0000, 0x0000, 0x0000, 0x0000, 0x0000, 0x0000, 0x0000, 0x0000,
  0x0000, 0x0000, 0x0000, 0x0000, 0x0000, 0x0000, 0x0000, 0x0000, 0x0000, 0x0000, 0x0000, 0x0000,
  0x0000, 0x0000, 0x0000, 0x0000, 0x0000, 0x0000, 0x0000, 0x0000, 0x0000, 0x0000, 0x0000, 0x0000,
  0x0000, 0x0000, 0x0000, 0x0000, 0x0000, 0x0000, 0x0000, 0x0841, 0x0000, 0x0841, 0x0000, 0x0841,
  0x0000, 0x0841, 0x0841, 0x0841, 0x0841, 0x0841, 0x0841, 0x0841, 0x0841, 0x1082, 0x0841, 0x1082,
  0x0841, 0x1082, 0x1082, 0x18c3, 0x1082, 0x18c3, 0x18c3, 0x18c3, 0x18c3, 0x18c3, 0x18c3, 0x2104,
  0x18c3, 0x2104, 0x18c3, 0x2104, 0x18c3, 0x2104, 0x2104, 0x2104, 0x2104, 0x2104, 0x2104, 0x2104,
  0x2104, 0x2104, 0x2104, 0x2104, 0x2104, 0x2104, 0x2104, 0x2104, 0x18c3, 0x2104, 0x18c3, 0x2104,
  0x18c3, 0x18c3, 0x18c3, 0x18c3, 0x18c3, 0x18c3, 0x18c3, 0x18c3, 0x1082, 0x18c3, 0x1082, 0x1082,
  0x0841, 0x1082, 0x0841, 0x1082, 0x0841, 0x0841, 0x0841, 0x0841, 0x0841, 0x0841, 0x0841, 0x0841,
  0x0000, 0x0841, 0x0000, 0x0841, 0x0000, 0x0000, 0x0000, 0x0000, 0x0000, 0x0000, 0x0000, 0x0000,
  0x0000, 0x0000, 0x0000, 0x0000, 0x0000, 0x0000, 0x0000, 0x0000, 0x0000, 0x0000, 0x0000, 0x0000,
  0x0000, 0x0000, 0x0000, 0x0000, 0x0000, 0x0000, 0x0000, 0x0000, 0x0000, 0x0000, 0x0000, 0x0000,
  0x0000, 0x0000, 0x0000, 0x0000, 0x0000, 0x0000, 0x0000, 0x0000, 0x0000, 0x0000, 0x0841, 0x0000,
  0x0000, 0x0000, 0x0841, 0x0000, 0x0841, 0x0000, 0x0841, 0x0000, 0x0841, 0x0841, 0x0841, 0x0841,
  0x0841, 0x0841, 0x1082, 0x0841, 0x1082, 0x0841, 0x1082, 0x1082, 0x1082, 0x1082, 0x1082, 0x1082,
  0x18c3, 0x1082, 0x18c3, 0x18c3, 0x18c3, 0x18c3, 0x18c3, 0x18c3, 0x18c3, 0x18c3, 0x2104, 0x18c3,
  0x2104, 0x18c3, 0x2104, 0x2104, 0x2104, 0x2104, 0x2104, 0x2104, 0x2104, 0x2104, 0x2104, 0x2104,
  0x2104, 0x18c3, 0x2104, 0x18c3, 0x2104, 0x18c3, 0x2104, 0x18c3, 0x18c3, 0x18c3, 0x18c3, 0x18c3,
  0x18c3, 0x1082, 0x18c3, 0x1082, 0x18c3, 0x1082, 0x1082, 0x1082, 0x1082, 0x0841, 0x1082, 0x0841,
  0x0841, 0x0841, 0x1082, 0x0841, 0x0841, 0x0841, 0x0841, 0x0841, 0x0841, 0x0000, 0x0841, 0x0000,
  0x0841, 0x0000, 0x0841, 0x0000, 0x0000, 0x0000, 0x0000, 0x0000, 0x0000, 0x0000, 0x0000, 0x0000,
  0x0000, 0x0000, 0x0000, 0x0000, 0x0000, 0x0000, 0x0000, 0x0000, 0x0000, 0x0000, 0x0000, 0x0000,
  0x0000, 0x0000, 0x0000, 0x0000, 0x0000, 0x0000, 0x0000, 0x0000, 0x0000, 0x0000, 0x0000, 0x0000,
  0x0000, 0x0000, 0x0000, 0x0000, 0x0000, 0x0000, 0x0000, 0x0000, 0x0000, 0x0000, 0x0000, 0x0000,
  0x0000, 0x0841, 0x0000, 0x0841, 0x0000, 0x0841, 0x0000, 0x0841, 0x0841, 0x0841, 0x0841, 0x0841,
  0x0841, 0x0841, 0x0841, 0x1082, 0x0841, 0x1082, 0x0841, 0x1082, 0x1082, 0x18c3, 0x1082, 0x18c3,
  0x1082, 0x18c3, 0x1082, 0x18c3, 0x18c3, 0x18c3, 0x18c3, 0x18c3, 0x18c3, 0x2104, 0x18c3, 0x18c3,
  0x18c3, 0x2104, 0x18c3, 0x18c3, 0x18c3, 0x2104, 0x18c3, 0x2104, 0x18c3, 0x2104, 0x18c3, 0x18c3,
  0x18c3, 0x18c3, 0x18c3, 0x18c3, 0x18c3, 0x18c3, 0x1082, 0x18c3, 0x1082, 0x18c3, 0x1082, 0x1082,
  0x1082, 0x1082, 0x0841, 0x1082, 0x0841, 0x1082, 0x0841, 0x0841, 0x0841, 0x0841, 0x0841, 0x0841,
  0x0841, 0x0841, 0x0000, 0x0841, 0x0000, 0x0841, 0x0000, 0x0000, 0x0000, 0x0000, 0x0000, 0x0000,
  0x0000, 0x0000, 0x0000, 0x0000, 0x0000, 0x0000, 0x0000, 0x0000, 0x0000, 0x0000, 0x0000, 0x0000,
  0x0000, 0x0000, 0x0000, 0x0000, 0x0000, 0x0000, 0x0000, 0x0000, 0x0000, 0x0000, 0x0000, 0x0000,
  0x0000, 0x0000, 0x0000, 0x0000, 0x0000, 0x0000, 0x0000, 0x0000, 0x0000, 0x0000, 0x0000, 0x0000,
  0x0000, 0x0000, 0x0000, 0x0000, 0x0841, 0x0000, 0x0000, 0x0000, 0x0841, 0x0000, 0x0841, 0x0000,
  0x0841, 0x0000, 0x0841, 0x0000, 0x0841, 0x0841, 0x0841, 0x0841, 0x1082, 0x0841, 0x1082, 0x0841,
  0x1082, 0x0841, 0x1082, 0x1082, 0x1082, 0x1082, 0x1082, 0x1082, 0x18c3, 0x18c3, 0x18c3, 0x18c3,
  0x18c3, 0x18c3, 0x18c3, 0x18c3, 0x18c3, 0x18c3, 0x18c3, 0x18c3, 0x2104, 0x18c3, 0x2104, 0x18c3,
  0x2104, 0x18c3, 0x18c3, 0x18c3, 0x2104, 0x18c3, 0x18c3, 0x18c3, 0x18c3, 0x18c3, 0x18c3, 0x18c3,
  0x18c3, 0x18c3, 0x18c3, 0x1082, 0x18c3, 0x1082, 0x1082, 0x1082, 0x1082, 0x1082, 0x1082, 0x0841,
  0x1082, 0x0841, 0x0841, 0x0841, 0x1082, 0x0841, 0x0841, 0x0841, 0x0841, 0x0841, 0x0841, 0x0000,
  0x0841, 0x0000, 0x0841, 0x0000, 0x0841, 0x0000, 0x0000, 0x0000, 0x0000, 0x0000, 0x0000, 0x0000,
  0x0000, 0x0000, 0x0000, 0x0000, 0x0000, 0x0000, 0x0000, 0x0000, 0x0000, 0x0000, 0x0000, 0x0000,
  0x0000, 0x0000, 0x0000, 0x0000, 0x0000, 0x0000, 0x0000, 0x0000, 0x0000, 0x0000, 0x0000, 0x0000,
  0x0000, 0x0000, 0x0000, 0x0000, 0x0000, 0x0000, 0x0000, 0x0000, 0x0000, 0x0000, 0x0000, 0x0000,
  0x0000, 0x0000, 0x0000, 0x0000, 0x0000, 0x0000, 0x0000, 0x0841, 0x0000, 0x0000, 0x0000, 0x0841,
  0x0000, 0x0841, 0x0841, 0x0841, 0x0841, 0x0841, 0x0841, 0x0841, 0x0841, 0x0841, 0x0841, 0x1082,
  0x0841, 0x1082, 0x0841, 0x1082, 0x1082, 0x1082, 0x1082, 0x1082, 0x1082, 0x18c3, 0x1082, 0x18c3,
  0x1082, 0x18c3, 0x1082, 0x18c3, 0x1082, 0x18c3, 0x18c3, 0x18c3, 0x1082, 0x18c3, 0x1082, 0x18c3,
  0x1082, 0x18c3, 0x1082, 0x18c3, 0x1082, 0x18c3, 0x1082, 0x18c3, 0x1082, 0x1082, 0x1082, 0x1082,
  0x0841, 0x1082, 0x0841, 0x1082, 0x0841, 0x1082, 0x0841, 0x0841, 0x0841, 0x0841, 0x0841, 0x0841,
  0x0841, 0x0841, 0x0841, 0x0841, 0x0000, 0x0841, 0x0000, 0x0841, 0x0000, 0x0000, 0x0000, 0x0000,
  0x0000, 0x0000, 0x0000, 0x0000, 0x0000, 0x0000, 0x0000, 0x0000, 0x0000, 0x0000, 0x0000, 0x0000,
  0x0000, 0x0000, 0x0000, 0x0000, 0x0000, 0x0000, 0x0000, 0x0000, 0x0000, 0x0000, 0x0000, 0x0000,
  0x0000, 0x0000, 0x0000, 0x0000, 0x0000, 0x0000, 0x0000, 0x0000, 0x0000, 0x0000, 0x0000, 0x0000,
  0x0000, 0x0000, 0x0000, 0x0000, 0x0000, 0x0000, 0x0000, 0x0000, 0x0000, 0x0000, 0x0841, 0x0000,
  0x0000, 0x0000, 0x0841, 0x0000, 0x0841, 0x0000, 0x0841, 0x0000, 0x0841, 0x0000, 0x0841, 0x0841,
  0x0841, 0x0841, 0x0841, 0x0841, 0x0841, 0x0841, 0x1082, 0x0841, 0x1082, 0x0841, 0x1082, 0x1082,
  0x1082, 0x1082, 0x1082, 0x1082, 0x1082, 0x1082, 0x18c3, 0x1082, 0x18c3, 0x1082, 0x18c3, 0x18c3,
  0x18c3, 0x1082, 0x18c3, 0x18c3, 0x18c3, 0x18c3, 0x18c3, 0x18c3, 0x18c3, 0x1082, 0x18c3, 0x1082,
  0x18c3, 0x1082, 0x18c3, 0x1082, 0x1082, 0x1082, 0x1082, 0x1082, 0x1082, 0x0841, 0x1082, 0x0841,
  0x1082, 0x0841, 0x1082, 0x0841, 0x0841, 0x0841, 0x0841, 0x0841, 0x0841, 0x0841, 0x0841, 0x0841,
  0x0841, 0x0000, 0x0841, 0x0000, 0x0841, 0x0000, 0x0841, 0x0000, 0x0000, 0x0000, 0x0000, 0x0000,
  0x0000, 0x0000, 0x0000, 0x0000, 0x0000, 0x0000, 0x0000, 0x0000, 0x0000, 0x0000, 0x0000, 0x0000,
  0x0000, 0x0000, 0x0000, 0x0000, 0x0000, 0x0000, 0x0000, 0x0000, 0x0000, 0x0000, 0x0000, 0x0000,
  0x0000, 0x0000, 0x0000, 0x0000, 0x0000, 0x0000, 0x0000, 0x0000, 0x0000, 0x0000, 0x0000, 0x0000,
  0x0000, 0x0000, 0x0000, 0x0000, 0x0000, 0x0000, 0x0000, 0x0000, 0x0000, 0x0000, 0x0000, 0x0000,
  0x0000, 0x0000, 0x0000, 0x0000, 0x0000, 0x0841, 0x0000, 0x0841, 0x0000, 0x0841, 0x0000, 0x0841,
  0x0841, 0x0841, 0x0841, 0x0841, 0x0841, 0x1082, 0x0841, 0x1082, 0x0841, 0x1082, 0x0841, 0x1082,
  0x1082, 0x1082, 0x1082, 0x1082, 0x1082, 0x1082, 0x1082, 0x1082, 0x1082, 0x18c3, 0x1082, 0x1082,
  0x1082, 0x18c3, 0x1082, 0x1082, 0x1082, 0x1082, 0x1082, 0x1082, 0x1082, 0x1082, 0x1082, 0x1082,
  0x1082, 0x1082, 0x0841, 0x1082, 0x0841, 0x1082, 0x0841, 0x0841, 0x0841, 0x0841, 0x0841, 0x0841,
  0x0841, 0x0841, 0x0000, 0x0841, 0x0000, 0x0841, 0x0000, 0x0841, 0x0000, 0x0841, 0x0000, 0x0000,
  0x0000, 0x0000, 0x0000, 0x0000, 0x0000, 0x0000, 0x0000, 0x0000, 0x0000, 0x0000, 0x0000, 0x0000,
  0x0000, 0x0000, 0x0000, 0x0000, 0x0000, 0x0000, 0x0000, 0x0000, 0x0000, 0x0000, 0x0000, 0x0000,
  0x0000, 0x0000, 0x0000, 0x0000, 0x0000, 0x0000, 0x0000, 0x0000, 0x0000, 0x0000, 0x0000, 0x0000,
  0x0000, 0x0000, 0x0000, 0x0000, 0x0000, 0x0000, 0x0000, 0x0000, 0x0000, 0x0000, 0x0000, 0x0000,
  0x0000, 0x0000, 0x0000, 0x0000, 0x0841, 0x0000, 0x0000, 0x0000, 0x0841, 0x0000, 0x0841, 0x0000,
  0x0841, 0x0000, 0x0841, 0x0000, 0x0841, 0x0841, 0x0841, 0x0841, 0x0841, 0x0841, 0x0841, 0x0841,
  0x1082, 0x0841, 0x1082, 0x0841, 0x1082, 0x0841, 0x1082, 0x1082, 0x1082, 0x1082, 0x1082, 0x1082,
  0x1082, 0x1082, 0x1082, 0x1082, 0x1082, 0x1082, 0x1082, 0x1082, 0x1082, 0x1082, 0x1082, 0x1082,
  0x1082, 0x1082, 0x1082, 0x1082, 0x1082, 0x1082, 0x1082, 0x1082, 0x1082, 0x1082, 0x1082, 0x0841,
  0x1082, 0x0841, 0x1082, 0x0841, 0x1082, 0x0841, 0x0841, 0x0841, 0x0841, 0x0841, 0x0841, 0x0841,
  0x0841, 0x0000, 0x0841, 0x0000, 0x0841, 0x0000, 0x0841, 0x0000, 0x0841, 0x0000, 0x0000, 0x0000,
  0x0000, 0x0000, 0x0000, 0x0000, 0x0000, 0x0000, 0x0000, 0x0000, 0x0000, 0x0000, 0x0000, 0x0000,
  0x0000, 0x0000, 0x0000, 0x0000, 0x0000, 0x0000, 0x0000, 0x0000, 0x0000, 0x0000, 0x0000, 0x0000,
  0x0000, 0x0000, 0x0000, 0x0000, 0x0000, 0x0000, 0x0000, 0x0000, 0x0000, 0x0000, 0x0000, 0x0000,
  0x0000, 0x0000, 0x0000, 0x0000, 0x0000, 0x0000, 0x0000, 0x0000, 0x0000, 0x0000, 0x0000, 0x0000,
  0x0000, 0x0000, 0x0000, 0x0000, 0x0000, 0x0000, 0x0000, 0x0000, 0x0000, 0x0000, 0x0000, 0x0841,
  0x0000, 0x0841, 0x0000, 0x0841, 0x0000, 0x0841, 0x0841, 0x0841, 0x0841, 0x0841, 0x0841, 0x0841,
  0x0841, 0x0841, 0x0841, 0x1082, 0x0841, 0x0841, 0x0841, 0x1082, 0x0841, 0x1082, 0x0841, 0x1082,
  0x0841, 0x1082, 0x0841, 0x1082, 0x0841, 0x1082, 0x0841, 0x1082, 0x0841, 0x1082, 0x0841, 0x1082,
  0x0841, 0x1082, 0x0841, 0x1082, 0x0841, 0x0841, 0x0841, 0x0841, 0x0841, 0x0841, 0x0841, 0x0841,
  0x0841, 0x0841, 0x0841, 0x0841, 0x0000, 0x0841, 0x0000, 0x0841, 0x0000, 0x0841, 0x0000, 0x0841,
  0x0000, 0x0000, 0x0000, 0x0000, 0x0000, 0x0000, 0x0000, 0x0000, 0x0000, 0x0000, 0x0000, 0x0000,
  0x0000, 0x0000, 0x0000, 0x0000, 0x0000, 0x0000, 0x0000, 0x0000, 0x0000, 0x0000, 0x0000, 0x0000,
  0x0000, 0x0000, 0x0000, 0x0000, 0x0000, 0x0000, 0x0000, 0x0000, 0x0000, 0x0000, 0x0000, 0x0000,
  0x0000, 0x0000, 0x0000, 0x0000, 0x0000, 0x0000, 0x0000, 0x0000, 0x0000, 0x0000, 0x0000, 0x0000,
  0x0000, 0x0000, 0x0000, 0x0000, 0x0000, 0x0000, 0x0000, 0x0000, 0x0000, 0x0000, 0x0841, 0x0000,
  0x0000, 0x0000, 0x0841, 0x0000, 0x0841, 0x0000, 0x0841, 0x0000, 0x0841, 0x0000, 0x0841, 0x0841,
  0x0841, 0x0841, 0x0841, 0x0841, 0x0841, 0x0841, 0x0841, 0x0841, 0x0841, 0x0841, 0x1082, 0x0841,
  0x1082, 0x0841, 0x1082, 0x0841, 0x1082, 0x0841, 0x1082, 0x0841, 0x1082, 0x0841, 0x1082, 0x0841,
  0x1082, 0x0841, 0x1082, 0x0841, 0x1082, 0x0841, 0x1082, 0x0841, 0x1082, 0x0841, 0x1082, 0x0841,
  0x0841, 0x0841, 0x1082, 0x0841, 0x0841, 0x0841, 0x0841, 0x0841, 0x0841, 0x0841, 0x0841, 0x0841,
  0x0841, 0x0000, 0x0841, 0x0000, 0x0841, 0x0000, 0x0841, 0x0000, 0x0841, 0x0000, 0x0841, 0x0000,
  0x0000, 0x0000, 0x0000, 0x0000, 0x0000, 0x0000, 0x0000, 0x0000, 0x0000, 0x0000, 0x0000, 0x0000,
  0x0000, 0x0000, 0x0000, 0x0000, 0x0000, 0x0000, 0x0000, 0x0000, 0x0000, 0x0000, 0x0000, 0x0000,
  0x0000, 0x0000, 0x0000, 0x0000, 0x0000, 0x0000, 0x0000, 0x0000, 0x0000, 0x0000, 0x0000, 0x0000,
  0x0000, 0x0000, 0x0000, 0x0000, 0x0000, 0x0000, 0x0000, 0x0000, 0x0000, 0x0000, 0x0000, 0x0000,
  0x0000, 0x0000, 0x0000, 0x0000, 0x0000, 0x0000, 0x0000, 0x0000, 0x0000, 0x0000, 0x0000, 0x0000,
  0x0000, 0x0000, 0x0000, 0x0000, 0x0000, 0x0841, 0x0000, 0x0841, 0x0000, 0x0841, 0x0000, 0x0841,
  0x0000, 0x0841, 0x0000, 0x0841, 0x0841, 0x0841, 0x0841, 0x0841, 0x0841, 0x0841, 0x0841, 0x0841,
  0x0841, 0x1082, 0x0841, 0x0841, 0x0841, 0x1082, 0x0841, 0x0841, 0x0841, 0x1082, 0x0841, 0x0841,
  0x0841, 0x1082, 0x0841, 0x0841, 0x0841, 0x0841, 0x0841, 0x0841, 0x0841, 0x0841, 0x0841, 0x0841,
  0x0841, 0x0841, 0x0000, 0x0841, 0x0000, 0x0841, 0x0000, 0x0841, 0x0000, 0x0841, 0x0000, 0x0000,
  0x0000, 0x0841, 0x0000, 0x0000, 0x0000, 0x0000, 0x0000, 0x0000, 0x0000, 0x0000, 0x0000, 0x0000,
  0x0000, 0x0000, 0x0000, 0x0000, 0x0000, 0x0000, 0x0000, 0x0000, 0x0000, 0x0000, 0x0000, 0x0000,
  0x0000, 0x0000, 0x0000, 0x0000, 0x0000, 0x0000, 0x0000, 0x0000, 0x0000, 0x0000, 0x0000, 0x0000,
  0x0000, 0x0000, 0x0000, 0x0000, 0x0000, 0x0000, 0x0000, 0x0000, 0x0000, 0x0000, 0x0000, 0x0000,
  0x0000, 0x0000, 0x0000, 0x0000, 0x0000, 0x0000, 0x0000, 0x0000, 0x0000, 0x0000, 0x0000, 0x0000,
  0x0000, 0x0000, 0x0000, 0x0000, 0x0000, 0x0000, 0x0000, 0x0000, 0x0841, 0x0000, 0x0841, 0x0000,
  0x0841, 0x0000, 0x0841, 0x0000, 0x0841, 0x0000, 0x0841, 0x0000, 0x0841, 0x0841, 0x0841, 0x0841,
  0x0841, 0x0841, 0x0841, 0x0841, 0x0841, 0x0841, 0x0841, 0x0841, 0x1082, 0x0841, 0x1082, 0x0841,
  0x1082, 0x0841, 0x1082, 0x0841, 0x1082, 0x0841, 0x1082, 0x0841, 0x1082, 0x0841, 0x1082, 0x0841,
  0x1082, 0x0841, 0x0841, 0x0841, 0x0841, 0x0841, 0x0841, 0x0841, 0x0841, 0x0841, 0x0841, 0x0000,
  0x0841, 0x0841, 0x0841, 0x0000, 0x0841, 0x0000, 0x0841, 0x0000, 0x0841, 0x0000, 0x0841, 0x0000,
  0x0841, 0x0000, 0x0000, 0x0000, 0x0000, 0x0000, 0x0000, 0x0000, 0x0000, 0x0000, 0x0000, 0x0000,
  0x0000, 0x0000, 0x0000, 0x0000, 0x0000, 0x0000, 0x0000, 0x0000, 0x0000, 0x0000, 0x0000, 0x0000,
  0x0000, 0x0000, 0x0000, 0x0000, 0x0000, 0x0000, 0x0000, 0x0000, 0x0000, 0x0000, 0x0000, 0x0000,
  0x0000, 0x0000, 0x0000, 0x0000, 0x0000, 0x0000, 0x0000, 0x0000, 0x0000, 0x0000, 0x0000, 0x0000,
  0x0000, 0x0000, 0x0000, 0x0000, 0x0000, 0x0000, 0x0000, 0x0000, 0x0000, 0x0000, 0x0000, 0x0000,
  0x0000, 0x0000, 0x0000, 0x0000, 0x0000, 0x0000, 0x0000, 0x0000, 0x0000, 0x0000, 0x0000, 0x0841,
  0x0000, 0x0000, 0x0000, 0x0841, 0x0000, 0x0841, 0x0000, 0x0841, 0x0000, 0x0841, 0x0841, 0x0841,
  0x0000, 0x0841, 0x0841, 0x0841, 0x0841, 0x0841, 0x0841, 0x0841, 0x0841, 0x0841, 0x0841, 0x0841,
  0x0841, 0x0841, 0x0841, 0x0841, 0x0841, 0x0841, 0x0841, 0x0841, 0x0841, 0x0841, 0x0841, 0x0841,
  0x0000, 0x0841, 0x0000, 0x0841, 0x0000, 0x0841, 0x0000, 0x0841, 0x0000, 0x0841, 0x0000, 0x0841,
  0x0000, 0x0000, 0x0000, 0x0000, 0x0000, 0x0000, 0x0000, 0x0000, 0x0000, 0x0000, 0x0000, 0x0000,
  0x0000, 0x0000, 0x0000, 0x0000, 0x0000, 0x0000, 0x0000, 0x0000, 0x0000, 0x0000, 0x0000, 0x0000,
  0x0000, 0x0000, 0x0000, 0x0000, 0x0000, 0x0000, 0x0000, 0x0000, 0x0000, 0x0000, 0x0000, 0x0000,
  0x0000, 0x0000, 0x0000, 0x0000, 0x0000, 0x0000, 0x0000, 0x0000, 0x0000, 0x0000, 0x0000, 0x0000,
  0x0000, 0x0000, 0x0000, 0x0000, 0x0000, 0x0000, 0x0000, 0x0000, 0x0000, 0x0000, 0x0000, 0x0000,
  0x0000, 0x0000, 0x0000, 0x0000, 0x0000, 0x0000, 0x0000, 0x0000, 0x0000, 0x0000, 0x0000, 0x0000,
  0x0000, 0x0000, 0x0841, 0x0000, 0x0000, 0x0000, 0x0841, 0x0000, 0x0841, 0x0000, 0x0841, 0x0000,
  0x0841, 0x0000, 0x0841, 0x0841, 0x0841, 0x0000, 0x0841, 0x0841, 0x0841, 0x0841, 0x0841, 0x0841,
  0x0841, 0x0841, 0x0841, 0x0841, 0x0841, 0x0841, 0x0841, 0x0841, 0x0841, 0x0841, 0x0841, 0x0841,
  0x0841, 0x0841, 0x0841, 0x0841, 0x0841, 0x0841, 0x0841, 0x0841, 0x0841, 0x0841, 0x0841, 0x0841,
  0x0841, 0x0000, 0x0841, 0x0000, 0x0841, 0x0000, 0x0841, 0x0000, 0x0841, 0x0000, 0x0841, 0x0000,
  0x0841, 0x0000, 0x0841, 0x0000, 0x0000, 0x0000, 0x0000, 0x0000, 0x0000, 0x0000, 0x0000, 0x0000,
  0x0000, 0x0000, 0x0000, 0x0000, 0x0000, 0x0000, 0x0000, 0x0000, 0x0000, 0x0000, 0x0000, 0x0000,
  0x0000, 0x0000, 0x0000, 0x0000, 0x0000, 0x0000, 0x0000, 0x0000, 0x0000, 0x0000, 0x0000, 0x0000,
  0x0000, 0x0000, 0x0000, 0x0000, 0x0000, 0x0000, 0x0000, 0x0000, 0x0000, 0x0000, 0x0000, 0x0000,
  0x0000, 0x0000, 0x0000, 0x0000, 0x0000, 0x0000, 0x0000, 0x0000, 0x0000, 0x0000, 0x0000, 0x0000,
  0x0000, 0x0000, 0x0000, 0x0000, 0x0000, 0x0000, 0x0000, 0x0000, 0x0000, 0x0000, 0x0000, 0x0000,
  0x0000, 0x0000, 0x0000, 0x0000, 0x0000, 0x0000, 0x0000, 0x0000, 0x0000, 0x0841, 0x0000, 0x0841,
  0x0000, 0x0841, 0x0000, 0x0841, 0x0000, 0x0841, 0x0000, 0x0841, 0x0000, 0x0841, 0x0000, 0x0841,
  0x0000, 0x0841, 0x0000, 0x0841, 0x0000, 0x0841, 0x0000, 0x0841, 0x0000, 0x0841, 0x0000, 0x0841,
  0x0000, 0x0841, 0x0000, 0x0841, 0x0000, 0x0841, 0x0000, 0x0841, 0x0000, 0x0841, 0x0000, 0x0000,
  0x0000, 0x0841, 0x0000, 0x0000, 0x0000, 0x0000, 0x0000, 0x0000, 0x0000, 0x0000, 0x0000, 0x0000,
  0x0000, 0x0000, 0x0000, 0x0000, 0x0000, 0x0000, 0x0000, 0x0000, 0x0000, 0x0000, 0x0000, 0x0000,
  0x0000, 0x0000, 0x0000, 0x0000, 0x0000, 0x0000, 0x0000, 0x0000, 0x0000, 0x0000, 0x0000, 0x0000,
  0x0000, 0x0000, 0x0000, 0x0000, 0x0000, 0x0000, 0x0000, 0x0000, 0x0000, 0x0000, 0x0000, 0x0000,
  0x0000, 0x0000, 0x0000, 0x0000, 0x0000, 0x0000, 0x0000, 0x0000, 0x0000, 0x0000, 0x0000, 0x0000,
  0x0000, 0x0000, 0x0000, 0x0000, 0x0000, 0x0000, 0x0000, 0x0000, 0x0000, 0x0000, 0x0000, 0x0000,
  0x0000, 0x0000, 0x0000, 0x0000, 0x0000, 0x0000, 0x0000, 0x0000, 0x0841, 0x0000, 0x0000, 0x0000,
  0x0841, 0x0000, 0x0841, 0x0000, 0x0841, 0x0000, 0x0841, 0x0000, 0x0841, 0x0000, 0x0841, 0x0000,
  0x0841, 0x0000, 0x0841, 0x0000, 0x0841, 0x0841, 0x0841, 0x0000, 0x0841, 0x0841, 0x0841, 0x0000,
  0x0841, 0x0841, 0x0841, 0x0000, 0x0841, 0x0841, 0x0841, 0x0000, 0x0841, 0x0000, 0x0841, 0x0000,
  0x0841, 0x0000, 0x0841, 0x0000, 0x0841, 0x0000, 0x0841, 0x0000, 0x0841, 0x0000, 0x0841, 0x0000,
  0x0841, 0x0000, 0x0000, 0x0000, 0x0841, 0x0000, 0x0000, 0x0000, 0x0000, 0x0000, 0x0000, 0x0000,
  0x0000, 0x0000, 0x0000, 0x0000, 0x0000, 0x0000, 0x0000, 0x0000, 0x0000, 0x0000, 0x0000, 0x0000,
  0x0000, 0x0000, 0x0000, 0x0000, 0x0000, 0x0000, 0x0000, 0x0000, 0x0000, 0x0000, 0x0000, 0x0000,
  0x0000, 0x0000, 0x0000, 0x0000, 0x0000, 0x0000, 0x0000, 0x0000, 0x0000, 0x0000, 0x0000, 0x0000,
  0x0000, 0x0000, 0x0000, 0x0000, 0x0000, 0x0000, 0x0000, 0x0000, 0x0000, 0x0000, 0x0000, 0x0000,
  0x0000, 0x0000, 0x0000, 0x0000, 0x0000, 0x0000, 0x0000, 0x0000, 0x0000, 0x0000, 0x0000, 0x0000,
  0x0000, 0x0000, 0x0000, 0x0000, 0x0000, 0x0000, 0x0000, 0x0000, 0x0000, 0x0000, 0x0000, 0x0000,
  0x0000, 0x0000, 0x0000, 0x0841, 0x0000, 0x0000, 0x0000, 0x0841, 0x0000, 0x0000, 0x0000, 0x0841,
  0x0000, 0x0841, 0x0000, 0x0841, 0x0000, 0x0841, 0x0000, 0x0841, 0x0000, 0x0841, 0x0000, 0x0841,
  0x0000, 0x0841, 0x0000, 0x0841, 0x0000, 0x0841, 0x0000, 0x0841, 0x0000, 0x0000, 0x0000, 0x0841,
  0x0000, 0x0000, 0x0000, 0x0000, 0x0000, 0x0000, 0x0000, 0x0000, 0x0000, 0x0000, 0x0000, 0x0000,
  0x0000, 0x0000, 0x0000, 0x0000, 0x0000, 0x0000, 0x0000, 0x0000, 0x0000, 0x0000, 0x0000, 0x0000,
  0x0000, 0x0000, 0x0000, 0x0000, 0x0000, 0x0000, 0x0000, 0x0000, 0x0000, 0x0000, 0x0000, 0x0000,
  0x0000, 0x0000, 0x0000, 0x0000, 0x0000, 0x0000, 0x0000, 0x0000, 0x0000, 0x0000, 0x0000, 0x0000,
  0x0000, 0x0000, 0x0000, 0x0000, 0x0000, 0x0000, 0x0000, 0x0000, 0x0000, 0x0000, 0x0000, 0x0000,
  0x0000, 0x0000, 0x0000, 0x0000, 0x0000, 0x0000, 0x0000, 0x0000, 0x0000, 0x0000, 0x0000, 0x0000,
  0x0000, 0x0000, 0x0000, 0x0000, 0x0000, 0x0000, 0x0000, 0x0000, 0x0000, 0x0000, 0x0000, 0x0000,
  0x0000, 0x0000, 0x0000, 0x0000, 0x0000, 0x0000, 0x0841, 0x0000, 0x0841, 0x0000, 0x0841, 0x0000,
  0x0841, 0x0000, 0x0841, 0x0000, 0x0841, 0x0000, 0x0841, 0x0000, 0x0841, 0x0000, 0x0841, 0x0000,
  0x0841, 0x0000, 0x0841, 0x0000, 0x0841, 0x0000, 0x0841, 0x0000, 0x0841, 0x0000, 0x0841, 0x0000,
  0x0841, 0x0000, 0x0841, 0x0000, 0x0841, 0x0000, 0x0841, 0x0000, 0x0841, 0x0000, 0x0841, 0x0000,
  0x0000, 0x0000, 0x0841, 0x0000, 0x0000, 0x0000, 0x0000, 0x0000, 0x0000, 0x0000, 0x0000, 0x0000,
  0x0000, 0x0000, 0x0000, 0x0000, 0x0000, 0x0000, 0x0000, 0x0000, 0x0000, 0x0000, 0x0000, 0x0000,
  0x0000, 0x0000, 0x0000, 0x0000, 0x0000, 0x0000, 0x0000, 0x0000, 0x0000, 0x0000, 0x0000, 0x0000,
  0x0000, 0x0000, 0x0000, 0x0000, 0x0000, 0x0000, 0x0000, 0x0000, 0x0000, 0x0000, 0x0000, 0x0000,
  0x0000, 0x0000, 0x0000, 0x0000, 0x0000, 0x0000, 0x0000, 0x0000, 0x0000, 0x0000, 0x0000, 0x0000,
  0x0000, 0x0000, 0x0000, 0x0000, 0x0000, 0x0000, 0x0000, 0x0000, 0x0000, 0x0000, 0x0000, 0x0000,
  0x0000, 0x0000, 0x0000, 0x0000, 0x0000, 0x0000, 0x0000, 0x0000, 0x0000, 0x0000, 0x0000, 0x0000,
  0x0000, 0x0000, 0x0000, 0x0000, 0x0000, 0x0000, 0x0000, 0x0000, 0x0000, 0x0000, 0x0000, 0x0000,
  0x0000, 0x0841, 0x0000, 0x0000, 0x0000, 0x0841, 0x0000, 0x0000, 0x0000, 0x0841, 0x0000, 0x0000,
  0x0000, 0x0841, 0x0000, 0x0000, 0x0000, 0x0841, 0x0000, 0x0000, 0x0000, 0x0000, 0x0000, 0x0000,
  0x0000, 0x0000, 0x0000, 0x0000, 0x0000, 0x0000, 0x0000, 0x0000, 0x0000, 0x0000, 0x0000, 0x0000,
  0x0000, 0x0000, 0x0000, 0x0000, 0x0000, 0x0000, 0x0000, 0x0000, 0x0000, 0x0000, 0x0000, 0x0000,
  0x0000, 0x0000, 0x0000, 0x0000, 0x0000, 0x0000, 0x0000, 0x0000, 0x0000, 0x0000, 0x0000, 0x0000,
  0x0000, 0x0000, 0x0000, 0x0000, 0x0000, 0x0000, 0x0000, 0x0000, 0x0000, 0x0000, 0x0000, 0x0000,
  0x0000, 0x0000, 0x0000, 0x0000, 0x0000, 0x0000, 0x0000, 0x0000, 0x0000, 0x0000, 0x0000, 0x0000,
  0x0000, 0x0000, 0x0000, 0x0000, 0x0000, 0x0000, 0x0000, 0x0000, 0x0000, 0x0000, 0x0000, 0x0000,
  0x0000, 0x0000, 0x0000, 0x0000, 0x0000, 0x0000, 0x0000, 0x0000, 0x0000, 0x0000, 0x0000, 0x0000,
  0x0000, 0x0000, 0x0000, 0x0000, 0x0000, 0x0000, 0x0000, 0x0000, 0x0000, 0x0000, 0x0000, 0x0000,
  0x0841, 0x0000, 0x0000, 0x0000, 0x0841, 0x0000, 0x0000, 0x0000, 0x0841, 0x0000, 0x0841, 0x0000,
  0x0841, 0x0000, 0x0841, 0x0000, 0x0841, 0x0000, 0x0841, 0x0000, 0x0841, 0x0000, 0x0841, 0x0000,
  0x0841, 0x0000, 0x0841, 0x0000, 0x0841, 0x0000, 0x0841, 0x0000, 0x0841, 0x0000, 0x0000, 0x0000,
  0x0841, 0x0000, 0x0000, 0x0000, 0x0841, 0x0000, 0x0000, 0x0000, 0x0000, 0x0000, 0x0000, 0x0000,
  0x0000, 0x0000, 0x0000, 0x0000, 0x0000, 0x0000, 0x0000, 0x0000, 0x0000, 0x0000, 0x0000, 0x0000,
  0x0000, 0x0000, 0x0000, 0x0000, 0x0000, 0x0000, 0x0000, 0x0000, 0x0000, 0x0000, 0x0000, 0x0000,
  0x0000, 0x0000, 0x0000, 0x0000, 0x0000, 0x0000, 0x0000, 0x0000, 0x0000, 0x0000, 0x0000, 0x0000,
  0x0000, 0x0000, 0x0000, 0x0000, 0x0000, 0x0000, 0x0000, 0x0000, 0x0000, 0x0000, 0x0000, 0x0000,
  0x0000, 0x0000, 0x0000, 0x0000, 0x0000, 0x0000, 0x0000, 0x0000, 0x0000, 0x0000, 0x0000, 0x0000,
  0x0000, 0x0000, 0x0000, 0x0000, 0x0000, 0x0000, 0x0000, 0x0000, 0x0000, 0x0000, 0x0000, 0x0000,
  0x0000, 0x0000, 0x0000, 0x0000, 0x0000, 0x0000, 0x0000, 0x0000, 0x0000, 0x0000, 0x0000, 0x0000,
  0x0000, 0x0000, 0x0000, 0x0000, 0x0000, 0x0000, 0x0000, 0x0000, 0x0000, 0x0000, 0x0000, 0x0000,
  0x0000, 0x0000, 0x0000, 0x0000, 0x0000, 0x0000, 0x0000, 0x0000, 0x0000, 0x0000, 0x0000, 0x0000,
  0x0000, 0x0000, 0x0000, 0x0000, 0x0000, 0x0000, 0x0000, 0x0000, 0x0000, 0x0000, 0x0000, 0x0000,
  0x0000, 0x0000, 0x0000, 0x0000, 0x0000, 0x0000, 0x0000, 0x0000, 0x0000, 0x0000, 0x0000, 0x0000,
  0x0000, 0x0000, 0x0000, 0x0000, 0x0000, 0x0000, 0x0000, 0x0000, 0x0000, 0x0000, 0x0000, 0x0000,
  0x0000, 0x0000, 0x0000, 0x0000, 0x0000, 0x0000, 0x0000, 0x0000, 0x0000, 0x0000, 0x0000, 0x0000,
  0x0000, 0x0000, 0x0000, 0x0000, 0x0000, 0x0000, 0x0000, 0x0000, 0x0000, 0x0000, 0x0000, 0x0000,
  0x0000, 0x0000, 0x0000, 0x0000, 0x0000, 0x0000, 0x0000, 0x0000, 0x0000, 0x0000, 0x0000, 0x0000,
  0x0000, 0x0000, 0x0000, 0x0000, 0x0000, 0x0000, 0x0000, 0x0000, 0x0000, 0x0000, 0x0000, 0x0000,
  0x0000, 0x0000, 0x0000, 0x0000, 0x0000, 0x0000, 0x0000, 0x0000, 0x0000, 0x0000, 0x0000, 0x0000,
  0x0000, 0x0000, 0x0000, 0x0000, 0x0000, 0x0000, 0x0000, 0x0000, 0x0000, 0x0000, 0x0841, 0x0000,
  0x0000, 0x0000, 0x0841, 0x0000, 0x0000, 0x0000, 0x0841, 0x0000, 0x0000, 0x0000, 0x0841, 0x0000,
  0x0000, 0x0000, 0x0841, 0x0000, 0x0000, 0x0000, 0x0841, 0x0000, 0x0000, 0x0000, 0x0841, 0x0000,
  0x0000, 0x0000, 0x0841, 0x0000, 0x0000, 0x0000, 0x0000, 0x0000, 0x0000, 0x0000, 0x0000, 0x0000,
  0x0000, 0x0000, 0x0000, 0x0000, 0x0000, 0x0000, 0x0000, 0x0000, 0x0000, 0x0000, 0x0000, 0x0000,
  0x0000, 0x0000, 0x0000, 0x0000, 0x0000, 0x0000, 0x0000, 0x0000, 0x0000, 0x0000, 0x0000, 0x0000,
  0x0000, 0x0000, 0x0000, 0x0000, 0x0000, 0x0000, 0x0000, 0x0000, 0x0000, 0x0000, 0x0000, 0x0000,
  0x0000, 0x0000, 0x0000, 0x0000, 0x0000, 0x0000, 0x0000, 0x0000, 0x0000, 0x0000, 0x0000, 0x0000,
  0x0000, 0x0000, 0x0000, 0x0000, 0x0000, 0x0000, 0x0000, 0x0000, 0x0000, 0x0000, 0x0000, 0x0000,
  0x0000, 0x0000, 0x0000, 0x0000, 0x0000, 0x0000, 0x0000, 0x0000, 0x0000, 0x0000, 0x0000, 0x0000,
  0x0000, 0x0000, 0x0000, 0x0000, 0x0000, 0x0000, 0x0000, 0x0000, 0x0000, 0x0000, 0x0000, 0x0000,
  0x0000, 0x0000, 0x0000, 0x0000, 0x0000, 0x0000, 0x0000, 0x0000, 0x0000, 0x0000, 0x0000, 0x0000,
  0x0000, 0x0000, 0x0000, 0x0000, 0x0000, 0x0000, 0x0000, 0x0000, 0x0000, 0x0000, 0x0000, 0x0000,
  0x0000, 0x0000, 0x0000, 0x0000, 0x0000, 0x0000, 0x0000, 0x0000, 0x0000, 0x0000, 0x0000, 0x0000,
  0x0000, 0x0000, 0x0000, 0x0000, 0x0000, 0x0000, 0x0000, 0x0000, 0x0000, 0x0000, 0x0000, 0x0000,
  0x0000, 0x0000, 0x0000, 0x0000, 0x0000, 0x0000, 0x0000, 0x0000, 0x0000, 0x0000, 0x0000, 0x0000,
  0x0000, 0x0000, 0x0000, 0x0000, 0x0000, 0x0000, 0x0000, 0x0000, 0x0000, 0x0000, 0x0000, 0x0000,
  0x0000, 0x0000, 0x0000, 0x0000, 0x0000, 0x0000, 0x0000, 0x0000, 0x0000, 0x0000, 0x0000, 0x0000,
  0x0000, 0x0000, 0x0000, 0x0000, 0x0000, 0x0000, 0x0000, 0x0000, 0x0000, 0x0000, 0x0000, 0x0000,
  0x0000, 0x0000, 0x0000, 0x0000, 0x0000, 0x0000, 0x0000, 0x0000, 0x0000, 0x0000, 0x0000, 0x0000,
  0x0000, 0x0000, 0x0000, 0x0000, 0x0000, 0x0000, 0x0000, 0x0000, 0x0000, 0x0000, 0x0000, 0x0000,
  0x0000, 0x0000, 0x0000, 0x0000, 0x0000, 0x0000, 0x0000, 0x0000, 0x0000, 0x0000, 0x0000, 0x0000,
  0x0000, 0x0000, 0x0000, 0x0000, 0x0000, 0x0000, 0x0000, 0x0000, 0x0000, 0x0000, 0x0000, 0x0000,
  0x0000, 0x0000, 0x0000, 0x0000, 0x0000, 0x0000, 0x0000, 0x0000, 0x0000, 0x0000, 0x0000, 0x0000,
  0x0000, 0x0000, 0x0000, 0x0000, 0x0000, 0x0000, 0x0000, 0x0000, 0x0000, 0x0000, 0x0000, 0x0000,
  0x0000, 0x0000, 0x0000, 0x0000, 0x0000, 0x0000, 0x0000, 0x0000, 0x0000, 0x0000, 0x0000, 0x0000,
  0x0000, 0x0000, 0x0000, 0x0000, 0x0000, 0x0000, 0x0000, 0x0000, 0x0000, 0x0000, 0x0000, 0x0000,
  0x0000, 0x0000, 0x0000, 0x0000, 0x0000, 0x0000, 0x0000, 0x0000, 0x0000, 0x0000, 0x0000, 0x0000,
  0x0000, 0x0000, 0x0000, 0x0000, 0x0000, 0x0000, 0x0000, 0x0000, 0x0000, 0x0000, 0x0000, 0x0000,
  0x0000, 0x0000, 0x0000, 0x0000, 0x0000, 0x0000, 0x0000, 0x0000, 0x0000, 0x0000, 0x0000, 0x0000,
  0x0000, 0x0000, 0x0000, 0x0000, 0x0000, 0x0000, 0x0000, 0x0000, 0x0000, 0x0000, 0x0000, 0x0000,
  0x0000, 0x0000, 0x0000, 0x0000, 0x0000, 0x0000, 0x0000, 0x0000, 0x0000, 0x0000, 0x0000, 0x0000,
  0x0000, 0x0000, 0x0000, 0x0000, 0x0000, 0x0000, 0x0000, 0x0000, 0x0000, 0x0000, 0x0000, 0x0000,
  0x0000, 0x0000, 0x0000, 0x0000, 0x0000, 0x0000, 0x0000, 0x0000, 0x0000, 0x0000, 0x0000, 0x0000,
  0x0000, 0x0000, 0x0000, 0x0000, 0x0000, 0x0000, 0x0000, 0x0000, 0x0000, 0x0000, 0x0000, 0x0000,
  0x0000, 0x0000, 0x0000, 0x0000, 0x0000, 0x0000, 0x0000, 0x0000, 0x0000, 0x0000, 0x0000, 0x0000,
  0x0000, 0x0000, 0x0000, 0x0000, 0x0000, 0x0000, 0x0000, 0x0000, 0x0000, 0x0000, 0x0000, 0x0000,
  0x0000, 0x0000, 0x0000, 0x0000, 0x0000, 0x0000, 0x0000, 0x0000, 0x0000, 0x0000, 0x0000, 0x0000,
  0x0000, 0x0000, 0x0000, 0x0000, 0x0000, 0x0000, 0x0000, 0x0000, 0x0000, 0x0000, 0x0000, 0x0000,
  0x0000, 0x0000, 0x0000, 0x0000, 0x0000, 0x0000, 0x0000, 0x0000, 0x0000, 0x0000, 0x0000, 0x0000,
  0x0000, 0x0000, 0x0000, 0x0000, 0x0000, 0x0000, 0x0000, 0x0000, 0x0000, 0x0000, 0x0000, 0x0000,
  0x0000, 0x0000, 0x0000, 0x0000, 0x0000, 0x0000, 0x0000, 0x0000, 0x0000, 0x0000, 0x0000, 0x0000,
  0x0000, 0x0000, 0x0000, 0x0000, 0x0000, 0x0000, 0x0000, 0x0000, 0x0000, 0x0000, 0x0000, 0x0000,
  0x0000, 0x0000, 0x0000, 0x0000, 0x0000, 0x0000, 0x0000, 0x0000, 0x0000, 0x0000, 0x0000, 0x0000,
  0x0000, 0x0000, 0x0000, 0x0000, 0x0000, 0x0000, 0x0000, 0x0000, 0x0000, 0x0000, 0x0000, 0x0000,
  0x0000, 0x0000, 0x0000, 0x0000, 0x0000, 0x0000, 0x0000, 0x0000, 0x0000, 0x0000, 0x0000, 0x0000,
  0x0000, 0x0000, 0x0000, 0x0000, 0x0000, 0x0000, 0x0000, 0x0000, 0x0000, 0x0000, 0x0000, 0x0000,
  0x0000, 0x0000, 0x0000, 0x0000, 0x0000, 0x0000, 0x0000, 0x0000, 0x0000, 0x0000, 0x0000, 0x0000,
  0x0000, 0x0000, 0x0000, 0x0000, 0x0000, 0x0000, 0x0000, 0x0000, 0x0000, 0x0000, 0x0000, 0x0000,
  0x0000, 0x0000, 0x0000, 0x0000, 0x0000, 0x0000, 0x0000, 0x0000, 0x0000, 0x0000, 0x0000, 0x0000,
  0x0000, 0x0000, 0x0000, 0x0000, 0x0000, 0x0000, 0x0000, 0x0000, 0x0000, 0x0000, 0x0000, 0x0000,
  0x0000, 0x0000, 0x0000, 0x0000, 0x0000, 0x0000, 0x0000, 0x0000, 0x0000, 0x0000, 0x0000, 0x0000,
  0x0000, 0x0000, 0x0000, 0x0000, 0x0000, 0x0000, 0x0000, 0x0000, 0x0000, 0x0000, 0x0000, 0x0000,
  0x0000, 0x0000, 0x0000, 0x0000, 0x0000, 0x0000, 0x0000, 0x0000, 0x0000, 0x0000, 0x0000, 0x0000,
  0x0000, 0x0000, 0x0000, 0x0000, 0x0000, 0x0000, 0x0000, 0x0000, 0x0000, 0x0000, 0x0000, 0x0000,
  0x0000, 0x0000, 0x0000, 0x0000, 0x0000, 0x0000, 0x0000, 0x0000, 0x0000, 0x0000, 0x0000, 0x0000,
  0x0000, 0x0000, 0x0000, 0x0000, 0x0000, 0x0000, 0x0000, 0x0000, 0x0000, 0x0000, 0x0000, 0x0000,
  0x0000, 0x0000, 0x0000, 0x0000, 0x0000, 0x0000, 0x0000, 0x0000, 0x0000, 0x0000, 0x0000, 0x0000,
  0x0000, 0x0000, 0x0000, 0x0000, 0x0000, 0x0000, 0x0000, 0x0000, 0x0000, 0x0000, 0x0000, 0x0000,
  0x0000, 0x0000, 0x0000, 0x0000, 0x0000, 0x0000, 0x0000, 0x0000, 0x0000, 0x0000, 0x0000, 0x0000,
  0x0000, 0x0000, 0x0000, 0x0000, 0x0000, 0x0000, 0x0000, 0x0000, 0x0000, 0x0000, 0x0000, 0x0000,
  0x0000, 0x0000, 0x0000, 0x0000, 0x0000, 0x0000, 0x0000, 0x0000, 0x0000, 0x0000, 0x0000, 0x0000,
  0x0000, 0x0000, 0x0000, 0x0000, 0x0000, 0x0000, 0x0000, 0x0000, 0x0000, 0x0000, 0x0000, 0x0000,
  0x0000, 0x0000, 0x0000, 0x0000, 0x0000, 0x0000, 0x0000, 0x0000, 0x0000, 0x0000, 0x0000, 0x0000,
  0x0000, 0x0000, 0x0000, 0x0000, 0x0000, 0x0000, 0x0000, 0x0000, 0x0000, 0x0000, 0x0000, 0x0000,
  0x0000, 0x0000, 0x0000, 0x0000, 0x0000, 0x0000, 0x0000, 0x0000, 0x0000, 0x0000, 0x0000, 0x0000,
  0x0000, 0x0000, 0x0000, 0x0000, 0x0000, 0x0000, 0x0000, 0x0000, 0x0000, 0x0000, 0x0000, 0x0000,
  0x0000, 0x0000, 0x0000, 0x0000, 0x0000, 0x0000, 0x0000, 0x0000, 0x0000, 0x0000, 0x0000, 0x0000,
  0x0000, 0x0000, 0x0000, 0x0000, 0x0000, 0x0000, 0x0000, 0x0000, 0x0000, 0x0000, 0x0000, 0x0000,
  0x0000, 0x0000, 0x0000, 0x0000, 0x0000, 0x0000, 0x0000, 0x0000, 0x0000, 0x0000, 0x0000, 0x0000,
  0x0000, 0x0000, 0x0000, 0x0000, 0x0000, 0x0000, 0x0000, 0x0000, 0x0000, 0x0000, 0x0000, 0x0000,
  0x0000, 0x0000, 0x0000, 0x0000,
};
