/* The reflection a metal or glossy mesh shows when the game has not called
 * dc_set_environment(): Blender's "sunrise" studio light (Poly Haven's
 * spruit_sunrise, CC0, by Greg Zaal), turned into the sphere map the
 * reflection passes look up by normal. 128x128 RGB565, twiddled, as a .dt. */
static const unsigned char env_default_dt[] __attribute__((aligned(32))) = {
  0x44, 0x63, 0x54, 0x78, 0x20, 0x80, 0x00, 0x00, 0x00, 0x00, 0x00, 0x00,
  0x80, 0x00, 0x80, 0x00, 0x24, 0x01, 0x00, 0x08, 0x00, 0x00, 0x00, 0x00,
  0x00, 0x00, 0x00, 0x00, 0x00, 0x00, 0x00, 0x00, 0x6b, 0x7b, 0x6b, 0x7b,
  0x6b, 0x7b, 0x6b, 0x7b, 0x6b, 0x7b, 0x6b, 0x7b, 0x6b, 0x7b, 0x6b, 0x7b,
  0x6b, 0x7b, 0x6b, 0x7b, 0x6b, 0x7b, 0x6b, 0x7b, 0x6b, 0x7b, 0x6b, 0x7b,
  0x6b, 0x7b, 0x6b, 0x7b, 0x6b, 0x7b, 0x6b, 0x7b, 0x6b, 0x7b, 0x6b, 0x7b,
  0x6b, 0x7b, 0x6b, 0x7b, 0x6b, 0x7b, 0x6b, 0x7b, 0x6b, 0x7b, 0x6b, 0x7b,
  0x6b, 0x7b, 0x6b, 0x7b, 0x6b, 0x7b, 0x6b, 0x7b, 0x6b, 0x7b, 0x6b, 0x7b,
  0x6b, 0x7b, 0x6b, 0x7b, 0x6b, 0x7b, 0x6b, 0x7b, 0x6b, 0x7b, 0x6b, 0x7b,
  0x6b, 0x7b, 0x6b, 0x7b, 0x6b, 0x7b, 0x6b, 0x7b, 0x6b, 0x7b, 0x6b, 0x7b,
  0x6b, 0x7b, 0x6b, 0x7b, 0x6b, 0x7b, 0x6b, 0x7b, 0x6b, 0x7b, 0x6b, 0x7b,
  0x6b, 0x7b, 0x6b, 0x7b, 0x6b, 0x7b, 0x6b, 0x7b, 0x6b, 0x7b, 0x6b, 0x7b,
  0x6b, 0x7b, 0x6b, 0x7b, 0x6b, 0x7b, 0x6b, 0x7b, 0x6b, 0x7b, 0x6b, 0x7b,
  0x6b, 0x7b, 0x6b, 0x7b, 0x6b, 0x7b, 0x6b, 0x7b, 0x6b, 0x7b, 0x6b, 0x7b,
  0x6b, 0x7b, 0x6b, 0x7b, 0x6b, 0x7b, 0x6b, 0x7b, 0x6b, 0x7b, 0x6b, 0x7b,
  0x6b, 0x7b, 0x6b, 0x7b, 0x6b, 0x7b, 0x6b, 0x7b, 0x6b, 0x7b, 0x6b, 0x7b,
  0x6b, 0x7b, 0x6b, 0x7b, 0x6b, 0x7b, 0x6b, 0x7b, 0x6b, 0x7b, 0x6b, 0x7b,
  0x6b, 0x7b, 0x6b, 0x7b, 0x6b, 0x7b, 0x6b, 0x7b, 0x6b, 0x7b, 0x6b, 0x7b,
  0x6b, 0x7b, 0x6b, 0x7b, 0x6b, 0x7b, 0x6b, 0x7b, 0x6b, 0x7b, 0x6b, 0x7b,
  0x6b, 0x7b, 0x6b, 0x7b, 0x6b, 0x7b, 0x6b, 0x7b, 0x6b, 0x7b, 0x6b, 0x7b,
  0x6b, 0x7b, 0x6b, 0x7b, 0x6b, 0x7b, 0x6b, 0x7b, 0x6b, 0x7b, 0x6b, 0x7b,
  0x6b, 0x7b, 0x6b, 0x7b, 0x6b, 0x7b, 0x6b, 0x7b, 0x6b, 0x7b, 0x6b, 0x7b,
  0x6b, 0x7b, 0x6b, 0x7b, 0x6b, 0x7b, 0x6b, 0x7b, 0x6b, 0x7b, 0x6b, 0x7b,
  0x6b, 0x7b, 0x6b, 0x7b, 0x6b, 0x7b, 0x6b, 0x7b, 0x6b, 0x7b, 0x6b, 0x7b,
  0x6b, 0x7b, 0x6b, 0x7b, 0x6b, 0x7b, 0x6b, 0x7b, 0x6b, 0x7b, 0x6b, 0x7b,
  0x6b, 0x7b, 0x6b, 0x7b, 0x6b, 0x7b, 0x6b, 0x7b, 0x6b, 0x7b, 0x6b, 0x7b,
  0x6b, 0x7b, 0x6b, 0x7b, 0x6b, 0x7b, 0x6b, 0x7b, 0x6b, 0x7b, 0x6b, 0x7b,
  0x6b, 0x7b, 0x6b, 0x7b, 0x6b, 0x7b, 0x6b, 0x7b, 0x6b, 0x7b, 0x6b, 0x7b,
  0x6b, 0x7b, 0x6b, 0x7b, 0x6b, 0x7b, 0x6b, 0x7b, 0x6b, 0x7b, 0x6b, 0x7b,
  0x6b, 0x7b, 0x6b, 0x7b, 0x6b, 0x7b, 0x6b, 0x7b, 0x6b, 0x7b, 0x6b, 0x7b,
  0x6b, 0x7b, 0x6b, 0x7b, 0x6b, 0x7b, 0x6b, 0x7b, 0x6b, 0x7b, 0x6b, 0x7b,
  0x6b, 0x7b, 0x6b, 0x7b, 0x6b, 0x7b, 0x6b, 0x7b, 0x6b, 0x7b, 0x6b, 0x7b,
  0x6b, 0x7b, 0x6b, 0x7b, 0x6b, 0x7b, 0x6b, 0x7b, 0x6b, 0x7b, 0x6b, 0x7b,
  0x6b, 0x7b, 0x6b, 0x7b, 0x6b, 0x7b, 0x6b, 0x7b, 0x6b, 0x7b, 0x6b, 0x7b,
  0x6b, 0x7b, 0x6b, 0x7b, 0x6b, 0x7b, 0x6b, 0x7b, 0x6b, 0x7b, 0x6b, 0x7b,
  0x6b, 0x7b, 0x6b, 0x7b, 0x6b, 0x7b, 0x6b, 0x7b, 0x6b, 0x7b, 0x6b, 0x7b,
  0x6b, 0x7b, 0x6b, 0x7b, 0x6b, 0x7b, 0x6b, 0x7b, 0x6b, 0x7b, 0x6b, 0x7b,
  0x6b, 0x7b, 0x6b, 0x7b, 0x6b, 0x7b, 0x6b, 0x7b, 0x6b, 0x7b, 0x6b, 0x7b,
  0x6b, 0x7b, 0x6b, 0x7b, 0x6b, 0x7b, 0x6b, 0x7b, 0x6b, 0x7b, 0x6b, 0x7b,
  0x6b, 0x7b, 0x6b, 0x7b, 0x6b, 0x7b, 0x6b, 0x7b, 0x6b, 0x7b, 0x6b, 0x7b,
  0x6b, 0x7b, 0x6b, 0x7b, 0x6b, 0x7b, 0x6b, 0x7b, 0x6b, 0x7b, 0x6b, 0x7b,
  0x6b, 0x7b, 0x6b, 0x7b, 0x6b, 0x7b, 0x6b, 0x7b, 0x6b, 0x7b, 0x6b, 0x7b,
  0x6b, 0x7b, 0x6b, 0x7b, 0x6b, 0x7b, 0x6b, 0x7b, 0x6b, 0x7b, 0x6b, 0x7b,
  0x6b, 0x7b, 0x6b, 0x7b, 0x6b, 0x7b, 0x6b, 0x7b, 0x6b, 0x7b, 0x6b, 0x7b,
  0x6b, 0x7b, 0x6b, 0x7b, 0x6b, 0x7b, 0x6b, 0x7b, 0x6b, 0x7b, 0x6b, 0x7b,
  0x6b, 0x7b, 0x6b, 0x7b, 0x6b, 0x7b, 0x6b, 0x7b, 0x6b, 0x7b, 0x6b, 0x7b,
  0x6b, 0x7b, 0x6b, 0x7b, 0x6b, 0x7b, 0x6b, 0x7b, 0x6b, 0x7b, 0x6b, 0x7b,
  0x6b, 0x7b, 0x6b, 0x7b, 0x6b, 0x7b, 0x6b, 0x7b, 0x6b, 0x7b, 0x6b, 0x7b,
  0x6b, 0x7b, 0x6b, 0x7b, 0x6b, 0x7b, 0x6b, 0x7b, 0x6b, 0x7b, 0x6b, 0x7b,
  0x6b, 0x7b, 0x6b, 0x7b, 0x6b, 0x7b, 0x6b, 0x7b, 0x6b, 0x7b, 0x6b, 0x7b,
  0x6b, 0x7b, 0x6b, 0x7b, 0x6b, 0x7b, 0x6b, 0x7b, 0x6b, 0x7b, 0x6b, 0x7b,
  0x6b, 0x7b, 0x6b, 0x7b, 0x6b, 0x7b, 0x6b, 0x7b, 0x6b, 0x7b, 0x6b, 0x7b,
  0x6b, 0x7b, 0x6b, 0x7b, 0x6b, 0x7b, 0x6b, 0x7b, 0x6b, 0x7b, 0x6b, 0x7b,
  0x6b, 0x7b, 0x6b, 0x7b, 0x6b, 0x7b, 0x6b, 0x7b, 0x6b, 0x7b, 0x6b, 0x7b,
  0x6b, 0x7b, 0x6b, 0x7b, 0x6b, 0x7b, 0x6b, 0x7b, 0x6b, 0x7b, 0x6b, 0x7b,
  0x6b, 0x7b, 0x6b, 0x7b, 0x6b, 0x7b, 0x6b, 0x7b, 0x6b, 0x7b, 0x6b, 0x7b,
  0x6b, 0x7b, 0x6b, 0x7b, 0x6b, 0x7b, 0x6b, 0x7b, 0x6b, 0x7b, 0x6b, 0x7b,
  0x6b, 0x7b, 0x6b, 0x7b, 0x6b, 0x7b, 0x6b, 0x7b, 0x6b, 0x7b, 0x6b, 0x7b,
  0x6b, 0x7b, 0x6b, 0x7b, 0x6b, 0x7b, 0x6b, 0x7b, 0x6b, 0x7b, 0x6b, 0x7b,
  0x6b, 0x7b, 0x6b, 0x7b, 0x6b, 0x7b, 0x6b, 0x7b, 0x6b, 0x7b, 0x6b, 0x7b,
  0x6b, 0x7b, 0x6b, 0x7b, 0x6b, 0x7b, 0x6b, 0x7b, 0x6b, 0x7b, 0x6b, 0x7b,
  0x6b, 0x7b, 0x6b, 0x7b, 0x6b, 0x7b, 0x6b, 0x7b, 0x6b, 0x7b, 0x6b, 0x7b,
  0x6b, 0x7b, 0x6b, 0x7b, 0x6b, 0x7b, 0x6b, 0x7b, 0x6b, 0x7b, 0x6b, 0x7b,
  0x6b, 0x7b, 0x6b, 0x7b, 0x6b, 0x7b, 0x6b, 0x7b, 0x6b, 0x7b, 0x6b, 0x7b,
  0x6b, 0x7b, 0x6b, 0x7b, 0x6b, 0x7b, 0x6b, 0x7b, 0x6b, 0x7b, 0x6b, 0x7b,
  0x6b, 0x7b, 0x6b, 0x7b, 0x6b, 0x7b, 0x6b, 0x7b, 0x6b, 0x7b, 0x6b, 0x7b,
  0x6b, 0x7b, 0x6b, 0x7b, 0x6b, 0x7b, 0x6b, 0x7b, 0x6b, 0x7b, 0x6b, 0x7b,
  0x6b, 0x7b, 0x6b, 0x7b, 0x6b, 0x7b, 0x6b, 0x7b, 0x6b, 0x7b, 0x6b, 0x7b,
  0x6b, 0x7b, 0x6b, 0x7b, 0x6b, 0x7b, 0x6b, 0x7b, 0x6b, 0x7b, 0x6b, 0x7b,
  0x6b, 0x7b, 0x6b, 0x7b, 0x6b, 0x7b, 0x6b, 0x7b, 0x6b, 0x7b, 0x6b, 0x7b,
  0x6b, 0x7b, 0x6b, 0x7b, 0x6b, 0x7b, 0x6b, 0x7b, 0x6b, 0x7b, 0x6b, 0x7b,
  0x6b, 0x7b, 0x6b, 0x7b, 0x6b, 0x7b, 0x6b, 0x7b, 0x6b, 0x7b, 0x6b, 0x7b,
  0x6b, 0x7b, 0x6b, 0x7b, 0x6b, 0x7b, 0x6b, 0x7b, 0x6b, 0x7b, 0x6b, 0x7b,
  0x6b, 0x7b, 0x6b, 0x7b, 0x6b, 0x7b, 0x6b, 0x7b, 0x6b, 0x7b, 0x6b, 0x7b,
  0x6b, 0x7b, 0x6b, 0x7b, 0x6b, 0x7b, 0x6b, 0x7b, 0x6b, 0x7b, 0x6b, 0x7b,
  0x6b, 0x7b, 0x6b, 0x7b, 0x6b, 0x7b, 0x6b, 0x7b, 0x6b, 0x7b, 0x6b, 0x7b,
  0x6b, 0x7b, 0x6b, 0x7b, 0x6b, 0x7b, 0x6b, 0x7b, 0x6b, 0x7b, 0x4b, 0x73,
  0x0e, 0x84, 0x59, 0xbe, 0x6b, 0x7b, 0x6b, 0x7b, 0x6b, 0x7b, 0x6b, 0x7b,
  0x6b, 0x7b, 0x6b, 0x7b, 0x6b, 0x7b, 0x6b, 0x7b, 0x6b, 0x7b, 0x6b, 0x7b,
  0x6b, 0x7b, 0x6b, 0x7b, 0x6b, 0x7b, 0x6b, 0x7b, 0x6b, 0x7b, 0x2a, 0x6b,
  0x6b, 0x7b, 0x6b, 0x7b, 0x6b, 0x7b, 0x6a, 0x7b, 0x6b, 0x7b, 0x6a, 0x7b,
  0x2a, 0x6b, 0xd3, 0x94, 0x4a, 0x73, 0xce, 0x73, 0x34, 0x9d, 0xbb, 0xc6,
  0x38, 0xbe, 0xbb, 0xc6, 0x9b, 0xbe, 0x3a, 0xb6, 0x6b, 0x7b, 0x6a, 0x7b,
  0x4a, 0x73, 0xd2, 0x94, 0x6c, 0x6b, 0x18, 0xb6, 0x9a, 0xc6, 0x7b, 0xbe,
  0xd7, 0xad, 0x9b, 0xc6, 0x9b, 0xc6, 0x3b, 0xb6, 0x5b, 0xb6, 0x1a, 0xae,
  0xfa, 0xa5, 0xb9, 0x9d, 0xbb, 0xc6, 0x5b, 0xb6, 0x3a, 0xae, 0xfa, 0xa5,
  0x1a, 0xae, 0xda, 0xa5, 0xb9, 0x9d, 0x99, 0x9d, 0xda, 0xa5, 0x99, 0x9d,
  0x99, 0x95, 0x58, 0x8d, 0x79, 0x95, 0x58, 0x8d, 0x38, 0x8d, 0x18, 0x85,
  0x6b, 0x7b, 0x6b, 0x7b, 0x6b, 0x7b, 0x6b, 0x7b, 0x6b, 0x7b, 0x6b, 0x7b,
  0x6b, 0x7b, 0x6b, 0x7b, 0x6b, 0x7b, 0x6b, 0x7b, 0x6b, 0x7b, 0x6b, 0x7b,
  0x6b, 0x7b, 0x6b, 0x7b, 0x6b, 0x7b, 0x6b, 0x7b, 0x6b, 0x7b, 0x6b, 0x7b,
  0x6b, 0x7b, 0x6b, 0x7b, 0x6b, 0x7b, 0x6b, 0x7b, 0x6b, 0x7b, 0x6b, 0x7b,
  0x6b, 0x7b, 0x6b, 0x7b, 0x6b, 0x7b, 0x6b, 0x7b, 0x6b, 0x7b, 0x6b, 0x7b,
  0x6b, 0x7b, 0x6b, 0x7b, 0x6b, 0x7b, 0x6b, 0x7b, 0x6b, 0x7b, 0x6b, 0x7b,
  0x6b, 0x7b, 0x6b, 0x7b, 0x6b, 0x7b, 0x6b, 0x7b, 0x6b, 0x7b, 0x6b, 0x7b,
  0x6b, 0x7b, 0x6b, 0x7b, 0x6b, 0x7b, 0x6b, 0x7b, 0x6b, 0x7b, 0x6b, 0x7b,
  0x6b, 0x7b, 0x6b, 0x7b, 0x6b, 0x7b, 0x6b, 0x7b, 0x6b, 0x7b, 0x6b, 0x7b,
  0x6b, 0x7b, 0x6b, 0x7b, 0x6b, 0x7b, 0x6b, 0x7b, 0x6b, 0x7b, 0x6b, 0x7b,
  0x6b, 0x7b, 0x6b, 0x7b, 0x6b, 0x7b, 0x6b, 0x7b, 0x6b, 0x7b, 0x6b, 0x7b,
  0x6b, 0x7b, 0x6b, 0x7b, 0x6b, 0x7b, 0x6b, 0x7b, 0x6b, 0x7b, 0x6b, 0x7b,
  0x6b, 0x7b, 0x6b, 0x7b, 0x6b, 0x7b, 0x6b, 0x7b, 0x6b, 0x7b, 0x6b, 0x7b,
  0x6b, 0x7b, 0x6b, 0x7b, 0x6b, 0x7b, 0x6b, 0x7b, 0x6b, 0x7b, 0x6b, 0x7b,
  0x6b, 0x7b, 0x6b, 0x7b, 0x6b, 0x7b, 0x6b, 0x7b, 0x6b, 0x7b, 0x6b, 0x7b,
  0x6b, 0x7b, 0x6b, 0x7b, 0x6b, 0x7b, 0x6b, 0x7b, 0x6b, 0x7b, 0x6b, 0x7b,
  0x6b, 0x7b, 0x6b, 0x7b, 0x6b, 0x7b, 0x6b, 0x7b, 0x6b, 0x7b, 0x6b, 0x7b,
  0x6b, 0x7b, 0x6b, 0x7b, 0x6b, 0x7b, 0x6b, 0x7b, 0x6b, 0x7b, 0x6b, 0x7b,
  0x6b, 0x7b, 0x6b, 0x7b, 0x6b, 0x7b, 0x6b, 0x7b, 0x6b, 0x7b, 0x6b, 0x7b,
  0x6b, 0x7b, 0x6b, 0x7b, 0x6b, 0x7b, 0x6b, 0x7b, 0x6b, 0x7b, 0x6b, 0x7b,
  0x6b, 0x7b, 0x6b, 0x7b, 0x6b, 0x7b, 0x6b, 0x7b, 0x6b, 0x7b, 0xcd, 0x7b,
  0x6b, 0x73, 0x97, 0xa5, 0x6b, 0x7b, 0x6b, 0x7b, 0x6b, 0x7b, 0x6b, 0x7b,
  0x6b, 0x7b, 0x6b, 0x7b, 0x6b, 0x7b, 0x6b, 0x7b, 0x6b, 0x7b, 0x6b, 0x7b,
  0x6b, 0x7b, 0x6b, 0x7b, 0x6b, 0x7b, 0x6b, 0x7b, 0x6b, 0x7b, 0x6b, 0x7b,
  0x6b, 0x7b, 0x6b, 0x7b, 0x6b, 0x7b, 0x6b, 0x7b, 0x6b, 0x7b, 0x6b, 0x7b,
  0x6b, 0x7b, 0x6b, 0x7b, 0x6b, 0x7b, 0x6b, 0x7b, 0x6b, 0x7b, 0x6b, 0x7b,
  0x6b, 0x7b, 0x6b, 0x7b, 0x6b, 0x7b, 0x6b, 0x7b, 0x6b, 0x7b, 0x6b, 0x7b,
  0x6b, 0x7b, 0x6b, 0x7b, 0x6b, 0x7b, 0x6b, 0x7b, 0x6b, 0x7b, 0x6b, 0x7b,
  0x6b, 0x7b, 0x6b, 0x7b, 0x6b, 0x7b, 0x6b, 0x7b, 0x6b, 0x7b, 0x6b, 0x7b,
  0x6b, 0x7b, 0x6b, 0x7b, 0x6b, 0x7b, 0x6b, 0x7b, 0x6b, 0x7b, 0x6b, 0x7b,
  0x6b, 0x7b, 0x6b, 0x7b, 0x6b, 0x7b, 0x6b, 0x7b, 0x6b, 0x7b, 0x6b, 0x7b,
  0x6b, 0x7b, 0x6b, 0x7b, 0x6b, 0x7b, 0x6b, 0x7b, 0x6b, 0x7b, 0x6b, 0x7b,
  0x6b, 0x7b, 0x6b, 0x7b, 0x6b, 0x7b, 0x6b, 0x7b, 0x6b, 0x7b, 0x6b, 0x7b,
  0x6b, 0x7b, 0x6b, 0x7b, 0x6b, 0x7b, 0x6b, 0x7b, 0x6b, 0x7b, 0x6b, 0x7b,
  0x6b, 0x7b, 0x6b, 0x7b, 0x6b, 0x7b, 0x12, 0xa5, 0x6b, 0x7b, 0x6b, 0x73,
  0x6b, 0x7b, 0xb2, 0x8c, 0x14, 0x95, 0x7b, 0xbe, 0x5a, 0xb6, 0x1a, 0xae,
  0x2f, 0x84, 0x3a, 0xb6, 0x97, 0xa5, 0x5b, 0xb6, 0x3b, 0xb6, 0xb9, 0xa5,
  0xda, 0xa5, 0x79, 0x95, 0x6b, 0x7b, 0x6b, 0x7b, 0x6b, 0x7b, 0x6b, 0x7b,
  0x4f, 0x94, 0x75, 0xa5, 0x95, 0xad, 0xd9, 0xad, 0x6b, 0x7b, 0x33, 0xa5,
  0x4e, 0x8c, 0xb6, 0xad, 0x35, 0x95, 0x5b, 0xb6, 0x7b, 0xbe, 0xfa, 0xad,
  0x5b, 0xb6, 0xfa, 0xad, 0x1a, 0xae, 0xb9, 0x9d, 0x99, 0x9d, 0x38, 0x8d,
  0x58, 0x95, 0x18, 0x85, 0xda, 0xa5, 0x79, 0x95, 0x99, 0x9d, 0x38, 0x8d,
  0x18, 0x8d, 0xf7, 0x7c, 0xf7, 0x84, 0xb7, 0x7c, 0x6b, 0x7b, 0x6b, 0x7b,
  0x6b, 0x7b, 0x6b, 0x7b, 0x6b, 0x7b, 0x6b, 0x7b, 0x6b, 0x7b, 0xac, 0x83,
  0x6b, 0x7b, 0x6b, 0x7b, 0x6b, 0x7b, 0x8b, 0x7b, 0x8b, 0x7b, 0x70, 0x8c,
  0xee, 0x7b, 0x19, 0xb6, 0x6a, 0x7b, 0xee, 0x7b, 0xb2, 0x94, 0x9b, 0xc6,
  0x9a, 0xc6, 0x9b, 0xbe, 0x7b, 0xbe, 0x1a, 0xae, 0x7a, 0xbe, 0x5b, 0xb6,
  0x5b, 0xb6, 0xfa, 0xa5, 0xfa, 0xad, 0xb9, 0x9d, 0xb9, 0x9d, 0x79, 0x95,
  0x6a, 0x7b, 0xee, 0x7b, 0xee, 0x7b, 0x19, 0xb6, 0x19, 0xb6, 0x5b, 0xb6,
  0x5b, 0xb6, 0xfa, 0xa5, 0xd8, 0xad, 0x5b, 0xb6, 0x7b, 0xbe, 0xfa, 0xad,
  0xfa, 0xa5, 0x99, 0x9d, 0x99, 0x9d, 0x58, 0x8d, 0xfa, 0xa5, 0x99, 0x9d,
  0x99, 0x9d, 0x58, 0x95, 0x58, 0x95, 0x38, 0x8d, 0x18, 0x85, 0xf7, 0x84,
  0x58, 0x8d, 0x18, 0x85, 0x18, 0x85, 0xf7, 0x7c, 0xf7, 0x7c, 0xd7, 0x7c,
  0xd7, 0x7c, 0xb7, 0x74, 0x1a, 0xae, 0xda, 0xa5, 0xb9, 0x9d, 0x99, 0x95,
  0x99, 0x9d, 0x79, 0x95, 0x58, 0x8d, 0x38, 0x8d, 0x79, 0x95, 0x58, 0x8d,
  0x38, 0x8d, 0x18, 0x85, 0x18, 0x85, 0xf8, 0x84, 0xf7, 0x7c, 0xd7, 0x7c,
  0x58, 0x8d, 0x38, 0x85, 0x18, 0x85, 0xf7, 0x7c, 0x18, 0x85, 0xf8, 0x7c,
  0xd7, 0x7c, 0xd7, 0x7c, 0xd7, 0x7c, 0xd7, 0x7c, 0xb7, 0x74, 0xb7, 0x74,
  0xb7, 0x74, 0xb7, 0x74, 0x97, 0x74, 0x97, 0x74, 0xf8, 0x84, 0xd7, 0x7c,
  0xd7, 0x7c, 0xb7, 0x74, 0xd7, 0x74, 0xb7, 0x74, 0x97, 0x74, 0x96, 0x6c,
  0xb7, 0x74, 0x97, 0x74, 0x96, 0x74, 0x76, 0x6c, 0x76, 0x6c, 0x76, 0x6c,
  0x76, 0x6c, 0x56, 0x6c, 0x97, 0x74, 0x96, 0x6c, 0x76, 0x6c, 0x76, 0x6c,
  0x76, 0x6c, 0x76, 0x6c, 0x76, 0x6c, 0x76, 0x6c, 0x76, 0x6c, 0x56, 0x6c,
  0x56, 0x64, 0x56, 0x64, 0x56, 0x64, 0x56, 0x64, 0x56, 0x64, 0x56, 0x64,
  0x1a, 0xae, 0xb9, 0x9d, 0xb9, 0x9d, 0x58, 0x95, 0x58, 0x95, 0x18, 0x85,
  0x18, 0x85, 0xf7, 0x7c, 0x78, 0x95, 0x18, 0x8d, 0x38, 0x8d, 0xf7, 0x84,
  0xf7, 0x84, 0xd7, 0x7c, 0xd7, 0x7c, 0x96, 0x74, 0xf7, 0x7c, 0xd7, 0x7c,
  0xd7, 0x7c, 0x96, 0x74, 0xb7, 0x74, 0x96, 0x6c, 0x76, 0x6c, 0x76, 0x6c,
  0x96, 0x74, 0x76, 0x6c, 0x76, 0x6c, 0x56, 0x6c, 0x76, 0x6c, 0x56, 0x64,
  0x56, 0x64, 0x35, 0x64, 0xf7, 0x84, 0xd7, 0x7c, 0xd7, 0x7c, 0xb7, 0x74,
  0x96, 0x74, 0x76, 0x6c, 0x76, 0x74, 0x56, 0x6c, 0xb7, 0x74, 0x96, 0x74,
  0x96, 0x74, 0x76, 0x6c, 0x56, 0x6c, 0x35, 0x64, 0x35, 0x64, 0x15, 0x64,
  0x56, 0x6c, 0x56, 0x64, 0x36, 0x64, 0x35, 0x64, 0x35, 0x64, 0x15, 0x5c,
  0x15, 0x5c, 0xf5, 0x5b, 0x15, 0x64, 0x15, 0x5c, 0x15, 0x5c, 0xf5, 0x5b,
  0xf5, 0x5b, 0xf5, 0x5b, 0xf5, 0x5b, 0xd5, 0x53, 0x76, 0x6c, 0x56, 0x6c,
  0x56, 0x6c, 0x56, 0x64, 0x56, 0x64, 0x56, 0x64, 0x36, 0x64, 0x36, 0x64,
  0x36, 0x64, 0x36, 0x64, 0x35, 0x64, 0x15, 0x5c, 0x35, 0x64, 0x15, 0x5c,
  0x15, 0x5c, 0x15, 0x5c, 0x36, 0x64, 0x36, 0x64, 0x36, 0x64, 0x36, 0x5c,
  0x36, 0x64, 0x36, 0x64, 0x36, 0x5c, 0x36, 0x5c, 0x15, 0x5c, 0x15, 0x5c,
  0x15, 0x5c, 0x15, 0x5c, 0x15, 0x5c, 0x15, 0x5c, 0x15, 0x5c, 0x15, 0x5c,
  0x15, 0x5c, 0x15, 0x5c, 0xf5, 0x5b, 0xf5, 0x5b, 0xf5, 0x5b, 0xf5, 0x5b,
  0xf5, 0x53, 0xf5, 0x53, 0xf5, 0x53, 0xd5, 0x53, 0xd4, 0x53, 0xd4, 0x53,
  0xd5, 0x53, 0xd5, 0x53, 0xd4, 0x53, 0xd4, 0x53, 0xf5, 0x5b, 0xf5, 0x53,
  0xf5, 0x53, 0xf5, 0x53, 0xf5, 0x53, 0xf5, 0x5b, 0xf5, 0x53, 0xf5, 0x53,
  0xd5, 0x53, 0xd5, 0x53, 0xd4, 0x53, 0xd5, 0x53, 0xd5, 0x53, 0xf5, 0x53,
  0xd5, 0x53, 0xf5, 0x53, 0x6b, 0x7b, 0x6b, 0x7b, 0x6b, 0x7b, 0x6b, 0x7b,
  0x6b, 0x7b, 0x6b, 0x7b, 0x6b, 0x7b, 0x6b, 0x7b, 0x6b, 0x7b, 0x6b, 0x7b,
  0x6b, 0x7b, 0x6b, 0x7b, 0x6b, 0x7b, 0x6b, 0x7b, 0x6b, 0x7b, 0x6b, 0x7b,
  0x6b, 0x7b, 0x6b, 0x7b, 0x6b, 0x7b, 0x6b, 0x7b, 0x6b, 0x7b, 0x6b, 0x7b,
  0x6b, 0x7b, 0x6b, 0x7b, 0x6b, 0x7b, 0x6b, 0x7b, 0x6b, 0x7b, 0x6b, 0x7b,
  0x6b, 0x7b, 0x6b, 0x7b, 0x6b, 0x7b, 0x6b, 0x7b, 0x6b, 0x7b, 0x6b, 0x7b,
  0x6b, 0x7b, 0x6b, 0x7b, 0x6b, 0x7b, 0x6b, 0x7b, 0x6b, 0x7b, 0x6b, 0x7b,
  0x6b, 0x7b, 0x6b, 0x7b, 0x6b, 0x7b, 0x4a, 0x73, 0x6b, 0x7b, 0x4a, 0x73,
  0xe9, 0x62, 0x75, 0xa5, 0x6b, 0x7b, 0x6b, 0x7b, 0x6b, 0x7b, 0x4a, 0x73,
  0x6b, 0x7b, 0x6a, 0x7b, 0xe9, 0x62, 0x30, 0x84, 0xe9, 0x62, 0x54, 0xa5,
  0xba, 0xce, 0xbb, 0xc6, 0x99, 0xc6, 0xdb, 0xce, 0x7b, 0xbe, 0x5a, 0xb6,
  0x6b, 0x7b, 0x6b, 0x7b, 0x6b, 0x7b, 0x6b, 0x7b, 0x6b, 0x7b, 0x6b, 0x7b,
  0x6b, 0x7b, 0x6b, 0x7b, 0x6b, 0x7b, 0x6b, 0x7b, 0x6b, 0x7b, 0x6b, 0x7b,
  0x6b, 0x7b, 0x6b, 0x7b, 0x4a, 0x73, 0xe9, 0x62, 0x6b, 0x7b, 0x6b, 0x7b,
  0x6b, 0x7b, 0x6b, 0x7b, 0x6b, 0x7b, 0x6b, 0x7b, 0x6b, 0x7b, 0x6b, 0x7b,
  0x6b, 0x7b, 0x4a, 0x73, 0xa9, 0x5a, 0xca, 0x5a, 0x09, 0x6b, 0xc9, 0x5a,
  0x6c, 0x6b, 0xce, 0x73, 0x0a, 0x6b, 0x0a, 0x63, 0xf7, 0xb5, 0x59, 0xc6,
  0xce, 0x73, 0xb2, 0x94, 0x9a, 0xc6, 0x9a, 0xc6, 0x9a, 0xc6, 0x7a, 0xbe,
  0x3a, 0xb6, 0x1a, 0xae, 0x5a, 0xb6, 0x3a, 0xb6, 0x1a, 0xae, 0xf9, 0xa5,
  0x34, 0xa5, 0xd7, 0xb5, 0x7a, 0xbe, 0x5a, 0xbe, 0x18, 0xb6, 0x39, 0xbe,
  0x39, 0xb6, 0xf8, 0xad, 0x3a, 0xae, 0x19, 0xae, 0xf9, 0xa5, 0xd9, 0xa5,
  0xf9, 0xad, 0xf9, 0xad, 0xd9, 0xa5, 0xd9, 0xa5, 0xe9, 0x62, 0x54, 0x9d,
  0x7a, 0xc6, 0xbb, 0xc6, 0xba, 0xc6, 0xbb, 0xc6, 0x7b, 0xbe, 0x3a, 0xb6,
  0x7b, 0xbe, 0x3a, 0xb6, 0x1a, 0xae, 0xda, 0xa5, 0x1a, 0xae, 0xda, 0xa5,
  0xb9, 0x9d, 0x99, 0x9d, 0x7b, 0xbe, 0x5a, 0xb6, 0x1a, 0xae, 0xfa, 0xa5,
  0x1a, 0xae, 0xfa, 0xad, 0xd9, 0xa5, 0xb9, 0x9d, 0xb9, 0x9d, 0xb9, 0x9d,
  0x99, 0x95, 0x79, 0x95, 0x99, 0x9d, 0x99, 0x95, 0x79, 0x95, 0x58, 0x8d,
  0xb9, 0x9d, 0x99, 0x95, 0x79, 0x95, 0x58, 0x8d, 0x79, 0x95, 0x79, 0x8d,
  0x58, 0x8d, 0x38, 0x8d, 0x38, 0x8d, 0x38, 0x85, 0x18, 0x85, 0xf8, 0x7c,
  0x18, 0x85, 0x18, 0x85, 0xf7, 0x7c, 0xf7, 0x7c, 0x58, 0x8d, 0x38, 0x8d,
  0x38, 0x85, 0x18, 0x85, 0x38, 0x8d, 0x38, 0x85, 0x18, 0x85, 0x18, 0x85,
  0xf8, 0x7c, 0xf8, 0x7c, 0xd7, 0x7c, 0xd7, 0x7c, 0xf8, 0x7c, 0xf8, 0x7c,
  0xd7, 0x7c, 0xd7, 0x7c, 0xf9, 0xa5, 0xd9, 0xa5, 0xb9, 0x9d, 0x99, 0x9d,
  0xd9, 0x9d, 0xb9, 0x9d, 0x99, 0x95, 0x99, 0x95, 0x79, 0x95, 0x79, 0x95,
  0x58, 0x8d, 0x58, 0x8d, 0x79, 0x95, 0x78, 0x95, 0x58, 0x8d, 0x58, 0x8d,
  0xb9, 0x9d, 0xb9, 0x9d, 0x99, 0x95, 0x99, 0x95, 0xb9, 0x9d, 0xb9, 0x9d,
  0x99, 0x95, 0x99, 0x95, 0x78, 0x95, 0x78, 0x95, 0x58, 0x8d, 0x58, 0x8d,
  0x78, 0x95, 0x78, 0x95, 0x58, 0x8d, 0x58, 0x8d, 0x38, 0x85, 0x38, 0x85,
  0x18, 0x85, 0x18, 0x85, 0x38, 0x85, 0x38, 0x85, 0x18, 0x85, 0x18, 0x85,
  0xf8, 0x7c, 0xf8, 0x7c, 0xf7, 0x7c, 0xf8, 0x7c, 0xf8, 0x7c, 0x18, 0x7d,
  0xf8, 0x7c, 0xf8, 0x7c, 0x38, 0x85, 0x38, 0x8d, 0x18, 0x85, 0x38, 0x85,
  0x58, 0x8d, 0x58, 0x8d, 0x38, 0x85, 0x38, 0x85, 0x18, 0x85, 0x18, 0x85,
  0x18, 0x7d, 0x18, 0x7d, 0x38, 0x85, 0x38, 0x85, 0x18, 0x85, 0x38, 0x85,
  0x6b, 0x7b, 0x6b, 0x7b, 0x6a, 0x7b, 0x2a, 0x73, 0x6b, 0x7b, 0x6b, 0x7b,
  0x09, 0x6b, 0xc9, 0x62, 0xa9, 0x52, 0xca, 0x5a, 0x50, 0x8c, 0xf3, 0x94,
  0x0b, 0x63, 0x0b, 0x63, 0x13, 0x9d, 0x91, 0x8c, 0x6b, 0x7b, 0x6a, 0x7b,
  0xa9, 0x52, 0xa9, 0x52, 0x4a, 0x73, 0x0a, 0x6b, 0xca, 0x5a, 0xca, 0x5a,
  0xeb, 0x62, 0xeb, 0x5a, 0x71, 0x84, 0x71, 0x8c, 0xab, 0x52, 0xaa, 0x52,
  0xae, 0x73, 0xeb, 0x62, 0x59, 0xbe, 0x18, 0xbe, 0x97, 0xa5, 0x35, 0x9d,
  0x96, 0xa5, 0x75, 0xa5, 0xb3, 0x8c, 0x51, 0x84, 0xb8, 0xa5, 0x97, 0xa5,
  0xd9, 0xa5, 0xd9, 0xa5, 0xb8, 0xa5, 0xb7, 0xa5, 0xb8, 0xa5, 0x35, 0xa5,
  0x92, 0x94, 0x6d, 0x73, 0x8e, 0x6b, 0x8e, 0x6b, 0xeb, 0x62, 0xca, 0x5a,
  0xcf, 0x73, 0x6e, 0x6b, 0xb8, 0xa5, 0x97, 0xa5, 0x6e, 0xa4, 0x88, 0x93,
  0xd2, 0xa4, 0x4f, 0x9c, 0x69, 0x8b, 0x69, 0x83, 0x09, 0x6b, 0xe9, 0x62,
  0xcb, 0x5a, 0xca, 0x5a, 0xea, 0x62, 0x0b, 0x63, 0xcb, 0x5a, 0xec, 0x5a,
  0xaa, 0x52, 0xaa, 0x52, 0xcb, 0x5a, 0xaa, 0x5a, 0xab, 0x52, 0xab, 0x52,
  0xaa, 0x5a, 0x8a, 0x5a, 0xca, 0x5a, 0xca, 0x5a, 0x2d, 0x63, 0x4d, 0x63,
  0xca, 0x5a, 0xa9, 0x5a, 0x0c, 0x63, 0xaa, 0x5a, 0xaa, 0x52, 0xaa, 0x52,
  0x8a, 0x52, 0x8a, 0x4a, 0xaa, 0x52, 0xaa, 0x52, 0x8a, 0x52, 0x8a, 0x52,
  0xaa, 0x52, 0xaa, 0x52, 0xeb, 0x5a, 0xaa, 0x5a, 0xaa, 0x52, 0x8a, 0x4a,
  0x8a, 0x52, 0x8a, 0x52, 0xcc, 0x8b, 0x29, 0x7b, 0x27, 0x7b, 0x08, 0x7b,
  0x48, 0x83, 0x49, 0x83, 0x27, 0x83, 0x27, 0x83, 0x6a, 0x4a, 0x6a, 0x4a,
  0xaa, 0x52, 0xcb, 0x52, 0x6a, 0x42, 0x8a, 0x4a, 0xcb, 0x52, 0x2c, 0x5b,
  0x49, 0x7b, 0x29, 0x7b, 0x47, 0x8b, 0x28, 0x7b, 0x0a, 0x6b, 0x0a, 0x63,
  0xe8, 0x72, 0xea, 0x62, 0xb9, 0x9d, 0xb8, 0x9d, 0x78, 0x9d, 0xb2, 0xa4,
  0xf4, 0xa4, 0xea, 0x9b, 0x88, 0x93, 0x67, 0x8b, 0xb3, 0x9c, 0xa8, 0x93,
  0xd4, 0x9c, 0xcb, 0x93, 0x47, 0x8b, 0x28, 0x7b, 0x29, 0x7b, 0x08, 0x73,
  0x27, 0x83, 0x49, 0x83, 0x27, 0x7b, 0x08, 0x7b, 0x4a, 0x7b, 0x28, 0x83,
  0xe9, 0x6a, 0xe8, 0x6a, 0x28, 0x7b, 0x4a, 0x7b, 0xc8, 0x6a, 0xc9, 0x6a,
  0xe9, 0x6a, 0xa8, 0x6a, 0xe9, 0x6a, 0xe7, 0x72, 0x58, 0x8d, 0xf6, 0x8c,
  0x58, 0x8d, 0x58, 0x8d, 0x93, 0x84, 0x32, 0x7c, 0x78, 0x8d, 0x58, 0x8d,
  0x38, 0x85, 0x58, 0x8d, 0x38, 0x85, 0x58, 0x85, 0x58, 0x8d, 0x78, 0x8d,
  0x58, 0x8d, 0x58, 0x8d, 0xaf, 0x73, 0x4d, 0x6b, 0x58, 0x8d, 0x37, 0x8d,
  0xeb, 0x62, 0x89, 0x52, 0x94, 0x7c, 0x32, 0x74, 0x78, 0x8d, 0x78, 0x95,
  0x78, 0x8d, 0x78, 0x95, 0x78, 0x95, 0x78, 0x95, 0x78, 0x95, 0x78, 0x95,
  0x47, 0x8b, 0x07, 0x7b, 0x67, 0x5a, 0x87, 0x62, 0xc7, 0x6a, 0x88, 0x5a,
  0xc7, 0x72, 0x07, 0x7b, 0xc7, 0x6a, 0xa7, 0x6a, 0xe7, 0x72, 0xe8, 0x72,
  0xa7, 0x62, 0xa7, 0x6a, 0xc8, 0x6a, 0xe8, 0x72, 0x68, 0x5a, 0x68, 0x52,
  0xc7, 0x72, 0xa8, 0x62, 0x88, 0x5a, 0x89, 0x5a, 0xc8, 0x62, 0xc8, 0x62,
  0xc7, 0x6a, 0xa8, 0x62, 0xe8, 0x6a, 0xa8, 0x5a, 0x88, 0x5a, 0x88, 0x52,
  0x88, 0x52, 0x69, 0x4a, 0x89, 0x4a, 0x89, 0x52, 0x2d, 0x5b, 0xcc, 0x52,
  0x89, 0x52, 0x89, 0x52, 0xcb, 0x52, 0xab, 0x52, 0x16, 0x8d, 0xf5, 0x8c,
  0x77, 0x95, 0x57, 0x95, 0x73, 0x7c, 0x0d, 0x5b, 0x15, 0x95, 0x31, 0x74,
  0x8a, 0x52, 0x8a, 0x4a, 0xcb, 0x52, 0xcc, 0x52, 0x8a, 0x52, 0xab, 0x52,
  0x0d, 0x5b, 0x0d, 0x5b, 0x4e, 0x63, 0x8f, 0x6b, 0x8f, 0x6b, 0xb0, 0x6b,
  0x6f, 0x63, 0x4e, 0x63, 0x90, 0x6b, 0x8f, 0x63, 0xf7, 0x7c, 0xd7, 0x7c,
  0xb7, 0x74, 0xb7, 0x74, 0xd7, 0x7c, 0xd7, 0x74, 0xb7, 0x74, 0xb7, 0x74,
  0xb7, 0x74, 0x97, 0x74, 0x97, 0x6c, 0x97, 0x6c, 0x97, 0x74, 0x97, 0x74,
  0x97, 0x6c, 0x97, 0x6c, 0xd7, 0x74, 0xd7, 0x74, 0xb7, 0x74, 0xb7, 0x74,
  0xd7, 0x74, 0xd7, 0x74, 0xb7, 0x74, 0xb7, 0x74, 0x97, 0x6c, 0x97, 0x6c,
  0x97, 0x6c, 0x97, 0x6c, 0xb7, 0x6c, 0xb7, 0x74, 0x97, 0x6c, 0xb7, 0x6c,
  0x76, 0x6c, 0x76, 0x6c, 0x76, 0x6c, 0x76, 0x64, 0x76, 0x6c, 0x77, 0x6c,
  0x76, 0x64, 0x76, 0x64, 0x56, 0x64, 0x56, 0x64, 0x56, 0x64, 0x56, 0x64,
  0x56, 0x64, 0x76, 0x64, 0x56, 0x64, 0x56, 0x64, 0x77, 0x6c, 0x97, 0x6c,
  0x77, 0x64, 0x77, 0x6c, 0x97, 0x6c, 0x97, 0x6c, 0x97, 0x6c, 0x97, 0x6c,
  0x76, 0x64, 0x77, 0x64, 0x56, 0x64, 0x77, 0x64, 0x77, 0x6c, 0x97, 0x6c,
  0x77, 0x64, 0x77, 0x6c, 0xd7, 0x74, 0xd7, 0x74, 0xd7, 0x74, 0xd7, 0x74,
  0xd8, 0x7c, 0xf8, 0x7c, 0xd8, 0x74, 0xf8, 0x74, 0xb7, 0x74, 0xd7, 0x74,
  0xb7, 0x6c, 0xb7, 0x74, 0xd7, 0x74, 0xd8, 0x74, 0xd7, 0x74, 0xd8, 0x74,
  0xf8, 0x7c, 0x18, 0x7d, 0xf8, 0x7c, 0xf8, 0x7c, 0x18, 0x7d, 0x18, 0x85,
  0x18, 0x7d, 0x18, 0x7d, 0xf8, 0x74, 0xf8, 0x7c, 0xd8, 0x74, 0xf8, 0x7c,
  0x18, 0x7d, 0x18, 0x7d, 0xf8, 0x7c, 0x18, 0x7d, 0xb7, 0x6c, 0xb7, 0x6c,
  0x97, 0x6c, 0xb7, 0x6c, 0xb7, 0x74, 0xd8, 0x74, 0xb7, 0x6c, 0xb7, 0x74,
  0x97, 0x6c, 0x97, 0x6c, 0x97, 0x6c, 0x97, 0x6c, 0xb7, 0x6c, 0xb7, 0x74,
  0xb7, 0x6c, 0xb7, 0x6c, 0xd8, 0x74, 0xf8, 0x74, 0xd8, 0x74, 0xd8, 0x74,
  0xf8, 0x7c, 0x18, 0x7d, 0xf8, 0x7c, 0xf8, 0x7c, 0xd8, 0x74, 0xd8, 0x74,
  0xb7, 0x74, 0xd8, 0x74, 0xf8, 0x74, 0xf8, 0x7c, 0xf8, 0x74, 0xf8, 0x7c,
  0x36, 0x64, 0x36, 0x64, 0x36, 0x5c, 0x36, 0x5c, 0x56, 0x64, 0x56, 0x64,
  0x36, 0x5c, 0x56, 0x64, 0x16, 0x5c, 0x36, 0x5c, 0x15, 0x5c, 0x16, 0x5c,
  0x36, 0x5c, 0x36, 0x5c, 0x36, 0x5c, 0x36, 0x5c, 0x56, 0x64, 0x56, 0x64,
  0x56, 0x64, 0x56, 0x64, 0x77, 0x64, 0x77, 0x64, 0x56, 0x64, 0x77, 0x64,
  0x56, 0x5c, 0x56, 0x64, 0x36, 0x5c, 0x56, 0x64, 0x56, 0x64, 0x57, 0x64,
  0x56, 0x64, 0x56, 0x64, 0x15, 0x5c, 0x16, 0x5c, 0xf5, 0x53, 0x15, 0x5c,
  0x16, 0x5c, 0x36, 0x5c, 0x16, 0x5c, 0x16, 0x5c, 0xf5, 0x53, 0xf5, 0x53,
  0xf5, 0x53, 0xf5, 0x53, 0x16, 0x5c, 0x16, 0x5c, 0xf5, 0x5b, 0x16, 0x5c,
  0x36, 0x5c, 0x36, 0x5c, 0x36, 0x5c, 0x36, 0x5c, 0x56, 0x64, 0x56, 0x64,
  0x36, 0x5c, 0x56, 0x64, 0x16, 0x5c, 0x36, 0x5c, 0x16, 0x5c, 0x36, 0x5c,
  0x36, 0x5c, 0x56, 0x64, 0x36, 0x5c, 0x56, 0x5c, 0x77, 0x64, 0x97, 0x6c,
  0x77, 0x64, 0x97, 0x6c, 0x97, 0x6c, 0xb7, 0x6c, 0x97, 0x6c, 0xb7, 0x6c,
  0x77, 0x64, 0x77, 0x6c, 0x77, 0x64, 0x77, 0x64, 0x97, 0x6c, 0xb7, 0x6c,
  0x97, 0x6c, 0x97, 0x6c, 0xb7, 0x74, 0xd8, 0x74, 0xb8, 0x6c, 0xd8, 0x74,
  0xd8, 0x74, 0xf8, 0x7c, 0xf8, 0x74, 0xf8, 0x7c, 0xb8, 0x6c, 0xd8, 0x74,
  0xb8, 0x6c, 0xd8, 0x74, 0xd8, 0x74, 0xf8, 0x7c, 0xd8, 0x74, 0xf8, 0x7c,
  0x77, 0x64, 0x77, 0x64, 0x57, 0x64, 0x77, 0x64, 0x97, 0x6c, 0x97, 0x6c,
  0x97, 0x64, 0x97, 0x6c, 0x57, 0x64, 0x77, 0x64, 0x57, 0x64, 0x77, 0x64,
  0x97, 0x64, 0x97, 0x6c, 0x97, 0x64, 0x97, 0x6c, 0xb8, 0x6c, 0xd8, 0x74,
  0xb8, 0x6c, 0xd8, 0x74, 0xd8, 0x74, 0xf8, 0x7c, 0xd8, 0x74, 0xf8, 0x7c,
  0xb8, 0x6c, 0xd8, 0x6c, 0xb8, 0x6c, 0xd8, 0x6c, 0xd8, 0x74, 0xf8, 0x74,
  0xd8, 0x74, 0xf8, 0x74, 0x38, 0x85, 0x38, 0x85, 0x38, 0x85, 0x38, 0x85,
  0x58, 0x8d, 0x59, 0x8d, 0x58, 0x85, 0x58, 0x8d, 0x38, 0x85, 0x38, 0x85,
  0x18, 0x85, 0x38, 0x85, 0x58, 0x85, 0x58, 0x8d, 0x38, 0x85, 0x59, 0x8d,
  0x78, 0x8d, 0x78, 0x95, 0x78, 0x8d, 0x78, 0x95, 0x78, 0x95, 0x98, 0x95,
  0x78, 0x95, 0x98, 0x95, 0x79, 0x8d, 0x79, 0x95, 0x79, 0x8d, 0x79, 0x95,
  0x78, 0x95, 0x98, 0x95, 0x99, 0x95, 0x98, 0x95, 0x18, 0x7d, 0x38, 0x85,
  0x18, 0x7d, 0x38, 0x85, 0x38, 0x85, 0x59, 0x8d, 0x38, 0x85, 0x59, 0x8d,
  0x18, 0x7d, 0x38, 0x85, 0x18, 0x7d, 0x38, 0x85, 0x39, 0x85, 0x59, 0x8d,
  0x39, 0x85, 0x59, 0x8d, 0x79, 0x8d, 0x79, 0x95, 0x79, 0x8d, 0x79, 0x95,
  0x99, 0x95, 0x99, 0x95, 0x99, 0x95, 0x99, 0x95, 0x79, 0x8d, 0x79, 0x95,
  0x79, 0x8d, 0x79, 0x8d, 0x99, 0x95, 0x99, 0x95, 0x99, 0x95, 0xb9, 0x9d,
  0x78, 0x95, 0x77, 0x9d, 0x78, 0x9d, 0x77, 0x9d, 0x36, 0x95, 0xb4, 0x8c,
  0x36, 0x95, 0xd4, 0x8c, 0x98, 0x9d, 0x77, 0x9d, 0x98, 0x9d, 0x98, 0x9d,
  0x56, 0x9d, 0xf5, 0x94, 0x77, 0x9d, 0xf5, 0x94, 0xb0, 0x6b, 0xb0, 0x6b,
  0xd0, 0x73, 0xf1, 0x73, 0xb0, 0x6b, 0x8f, 0x6b, 0xd0, 0x6b, 0x8f, 0x6b,
  0x11, 0x7c, 0x11, 0x7c, 0x32, 0x7c, 0x32, 0x7c, 0xb0, 0x6b, 0x6e, 0x6b,
  0x8f, 0x6b, 0x4e, 0x63, 0x98, 0x9d, 0x98, 0x9d, 0x98, 0x9d, 0x98, 0x9d,
  0x77, 0x9d, 0xd4, 0x94, 0x77, 0x9d, 0xd4, 0x94, 0xb9, 0x9d, 0x98, 0x9d,
  0xb9, 0x9d, 0xb8, 0x9d, 0x97, 0x9d, 0x35, 0x9d, 0x98, 0x9d, 0x56, 0x9d,
  0x52, 0x84, 0x31, 0x84, 0x93, 0x8c, 0x11, 0x84, 0x4d, 0x6b, 0x2d, 0x63,
  0x2c, 0x6b, 0x2c, 0x63, 0xd4, 0x94, 0x10, 0x7c, 0xf4, 0x94, 0x10, 0x84,
  0x2c, 0x6b, 0x4c, 0x6b, 0x6c, 0x7b, 0x8c, 0x83, 0x18, 0x7d, 0x38, 0x85,
  0x18, 0x7d, 0x39, 0x85, 0x39, 0x85, 0x59, 0x85, 0x39, 0x85, 0x59, 0x85,
  0x18, 0x7d, 0x39, 0x85, 0x18, 0x7d, 0x39, 0x85, 0x59, 0x85, 0x59, 0x85,
  0x59, 0x85, 0x59, 0x85, 0x79, 0x8d, 0x99, 0x8d, 0x79, 0x8d, 0x99, 0x8d,
  0x99, 0x95, 0xb9, 0x95, 0x99, 0x95, 0xb9, 0x95, 0x79, 0x8d, 0x99, 0x8d,
  0x79, 0x8d, 0x99, 0x8d, 0x99, 0x95, 0xb9, 0x95, 0xb9, 0x95, 0xb9, 0x9d,
  0x19, 0x7d, 0x39, 0x7d, 0x19, 0x7d, 0x39, 0x7d, 0x59, 0x85, 0x59, 0x85,
  0x59, 0x85, 0x59, 0x85, 0x19, 0x7d, 0x39, 0x7d, 0x19, 0x7d, 0x39, 0x7d,
  0x59, 0x85, 0x59, 0x85, 0x59, 0x85, 0x79, 0x85, 0x79, 0x8d, 0x99, 0x95,
  0x79, 0x8d, 0x9a, 0x8d, 0xba, 0x95, 0xb9, 0x9d, 0xba, 0x95, 0xba, 0x9d,
  0x7a, 0x8d, 0x9a, 0x95, 0x7a, 0x8d, 0x9a, 0x8d, 0xba, 0x95, 0xba, 0x9d,
  0xba, 0x95, 0xba, 0x95, 0xb9, 0x9d, 0xb8, 0x9d, 0xb9, 0x9d, 0xb8, 0x9d,
  0x98, 0xa5, 0x56, 0xa5, 0x98, 0xa5, 0x56, 0x9d, 0xb9, 0x9d, 0xb9, 0x9d,
  0xd9, 0x9d, 0xd9, 0xa5, 0xb8, 0xa5, 0x76, 0xa5, 0xb8, 0xa5, 0x97, 0xa5,
  0x14, 0x9d, 0x50, 0x94, 0xd3, 0x9c, 0x51, 0x94, 0x8b, 0x8b, 0x8b, 0x83,
  0x4b, 0x7b, 0x4b, 0x7b, 0x14, 0xa5, 0x91, 0x94, 0x35, 0xa5, 0xb2, 0x9c,
  0x4c, 0x73, 0x2b, 0x73, 0x8c, 0x83, 0x2b, 0x6b, 0xd9, 0x9d, 0xd9, 0xa5,
  0xd9, 0x9d, 0xb9, 0x9d, 0xb8, 0xa5, 0x76, 0xa5, 0x14, 0x95, 0x50, 0x8c,
  0xd9, 0x9d, 0x15, 0x95, 0xda, 0x9d, 0xd4, 0x8c, 0xac, 0x7b, 0x8b, 0x7b,
  0x6b, 0x73, 0x6b, 0x73, 0x91, 0x9c, 0x91, 0x9c, 0x4f, 0x94, 0x4f, 0x94,
  0xcd, 0x83, 0x6b, 0x73, 0xcd, 0x83, 0x4a, 0x73, 0xcc, 0x83, 0x0e, 0x8c,
  0xac, 0x7b, 0xed, 0x83, 0xcd, 0x83, 0x6a, 0x7b, 0xcc, 0x83, 0xaa, 0x83,
  0x6b, 0x7b, 0x6b, 0x7b, 0x6b, 0x7b, 0x6b, 0x7b, 0x6b, 0x7b, 0x6b, 0x7b,
  0x6b, 0x7b, 0x6b, 0x7b, 0x6b, 0x7b, 0x6b, 0x7b, 0x6b, 0x7b, 0x6b, 0x7b,
  0x6b, 0x7b, 0x6b, 0x7b, 0x6b, 0x7b, 0x6b, 0x7b, 0x6b, 0x7b, 0x6b, 0x7b,
  0x6b, 0x7b, 0x6b, 0x7b, 0x6b, 0x7b, 0x6b, 0x7b, 0x6b, 0x7b, 0xd1, 0x9c,
  0x6b, 0x7b, 0x6b, 0x7b, 0x6b, 0x7b, 0x6b, 0x7b, 0x6b, 0x7b, 0x58, 0xc6,
  0xd1, 0x9c, 0x79, 0xc6, 0x6b, 0x7b, 0x6b, 0x7b, 0x6b, 0x7b, 0x6b, 0x7b,
  0x6b, 0x7b, 0x6b, 0x7b, 0x6b, 0x7b, 0x6b, 0x7b, 0x6b, 0x7b, 0x6b, 0x7b,
  0x6b, 0x7b, 0x6b, 0x7b, 0x6b, 0x7b, 0x6b, 0x7b, 0x6b, 0x7b, 0x6b, 0x7b,
  0x6b, 0x7b, 0x6b, 0x7b, 0x6b, 0x7b, 0xd1, 0x9c, 0xba, 0xce, 0x1a, 0xb6,
  0xfc, 0xd6, 0x7b, 0xbe, 0x6b, 0x7b, 0x99, 0xce, 0xed, 0x8b, 0x5d, 0xdf,
  0xbb, 0xc6, 0x3a, 0xb6, 0x9c, 0xbe, 0xfa, 0xad, 0xd5, 0xb5, 0x3a, 0xb6,
  0xd7, 0xad, 0x7b, 0xbe, 0x3b, 0xb6, 0xb9, 0xa5, 0xfa, 0xa5, 0x79, 0x95,
  0x1a, 0xb6, 0x1a, 0xae, 0x7b, 0xbe, 0xda, 0xa5, 0xb9, 0x9d, 0x58, 0x95,
  0x78, 0x95, 0x18, 0x8d, 0x58, 0x95, 0x17, 0x85, 0x38, 0x8d, 0xf7, 0x84,
  0xd7, 0x7c, 0x96, 0x74, 0xb7, 0x74, 0x76, 0x6c, 0xf7, 0x84, 0xd7, 0x7c,
  0xd7, 0x7c, 0x96, 0x74, 0x96, 0x74, 0x56, 0x6c, 0x76, 0x6c, 0x35, 0x64,
  0x1a, 0xae, 0xb9, 0x9d, 0xda, 0xa5, 0x78, 0x95, 0x38, 0x8d, 0xf7, 0x84,
  0x18, 0x8d, 0xd7, 0x7c, 0xb9, 0x9d, 0x58, 0x95, 0x79, 0x9d, 0x38, 0x8d,
  0xf7, 0x84, 0xb7, 0x7c, 0xd7, 0x7c, 0x96, 0x74, 0xb7, 0x7c, 0x76, 0x74,
  0x96, 0x74, 0x76, 0x6c, 0x56, 0x6c, 0x35, 0x64, 0x35, 0x64, 0x15, 0x64,
  0x76, 0x74, 0x55, 0x6c, 0x56, 0x6c, 0x35, 0x64, 0x15, 0x64, 0xf5, 0x5b,
  0x15, 0x64, 0xf4, 0x5b, 0x6b, 0x7b, 0x6b, 0x7b, 0x6b, 0x7b, 0x6b, 0x7b,
  0x6b, 0x7b, 0x6b, 0x7b, 0x6b, 0x7b, 0x6b, 0x7b, 0x6b, 0x7b, 0x6b, 0x7b,
  0x6b, 0x7b, 0x6b, 0x7b, 0x6b, 0x7b, 0xf2, 0xa4, 0x6b, 0x7b, 0x79, 0xc6,
  0x58, 0xc6, 0x1d, 0xd7, 0x1c, 0xdf, 0xbc, 0xc6, 0x5b, 0xb6, 0xb9, 0xa5,
  0x1a, 0xae, 0x99, 0x9d, 0x5d, 0xdf, 0x7b, 0xbe, 0xfd, 0xce, 0x3b, 0xb6,
  0xda, 0xa5, 0x78, 0x95, 0xb9, 0xa5, 0x58, 0x95, 0x6b, 0x7b, 0x6b, 0x7b,
  0x6b, 0x7b, 0x6b, 0x7b, 0x6b, 0x7b, 0x3c, 0xdf, 0xf1, 0xa4, 0x5d, 0xdf,
  0x6b, 0x7b, 0x6b, 0x7b, 0x6b, 0x7b, 0x6b, 0x7b, 0x78, 0xc6, 0x1d, 0xd7,
  0x1b, 0xdf, 0xdc, 0xc6, 0xbc, 0xc6, 0x1a, 0xae, 0x7b, 0xbe, 0xda, 0xa5,
  0x99, 0x9d, 0x38, 0x8d, 0x78, 0x9d, 0x17, 0x8d, 0x5b, 0xb6, 0xb9, 0xa5,
  0x1a, 0xae, 0xb9, 0x9d, 0x58, 0x95, 0x17, 0x85, 0x58, 0x95, 0xf7, 0x84,
  0x58, 0x95, 0x17, 0x85, 0x38, 0x8d, 0xf7, 0x84, 0xb7, 0x7c, 0x76, 0x74,
  0xb6, 0x74, 0x76, 0x6c, 0x17, 0x8d, 0xd7, 0x7c, 0xf7, 0x84, 0xb6, 0x7c,
  0x96, 0x74, 0x55, 0x6c, 0x76, 0x74, 0x55, 0x6c, 0x55, 0x6c, 0x15, 0x64,
  0x35, 0x64, 0x15, 0x64, 0xf5, 0x63, 0xf4, 0x5b, 0xf4, 0x5b, 0xd4, 0x5b,
  0x35, 0x64, 0x15, 0x64, 0x15, 0x64, 0xf4, 0x5b, 0xf4, 0x5b, 0xd4, 0x5b,
  0xd4, 0x5b, 0xd4, 0x5b, 0xf7, 0x84, 0x96, 0x74, 0xd7, 0x7c, 0x96, 0x74,
  0x76, 0x6c, 0x35, 0x6c, 0x55, 0x6c, 0x35, 0x64, 0xb7, 0x7c, 0x76, 0x74,
  0xb6, 0x7c, 0x76, 0x74, 0x55, 0x6c, 0x15, 0x64, 0x35, 0x6c, 0x15, 0x64,
  0x15, 0x64, 0xf4, 0x5b, 0x14, 0x64, 0xf4, 0x5b, 0xd4, 0x5b, 0xb3, 0x5b,
  0xd4, 0x5b, 0xb3, 0x5b, 0xf4, 0x63, 0xd4, 0x5b, 0xf4, 0x63, 0xd4, 0x5b,
  0xd3, 0x5b, 0xb3, 0x53, 0xb3, 0x5b, 0xb3, 0x53, 0x76, 0x6c, 0x35, 0x64,
  0x56, 0x6c, 0x35, 0x64, 0x15, 0x64, 0x15, 0x5c, 0x15, 0x5c, 0xf5, 0x5b,
  0x35, 0x64, 0x15, 0x64, 0x15, 0x64, 0xf5, 0x5b, 0xf5, 0x5b, 0xd4, 0x5b,
  0xf4, 0x5b, 0xd4, 0x5b, 0xf5, 0x5b, 0xd5, 0x5b, 0xd4, 0x5b, 0xd4, 0x53,
  0xd4, 0x53, 0xd4, 0x53, 0xd4, 0x53, 0xb4, 0x53, 0xd4, 0x53, 0xd4, 0x53,
  0xd4, 0x53, 0xb4, 0x53, 0xb4, 0x53, 0xb4, 0x53, 0xb4, 0x53, 0xb4, 0x53,
  0x15, 0x5c, 0xf4, 0x5b, 0xf5, 0x5b, 0xd4, 0x5b, 0xd4, 0x5b, 0xd4, 0x53,
  0xd4, 0x53, 0xb4, 0x53, 0xf4, 0x5b, 0xd4, 0x5b, 0xd4, 0x5b, 0xd4, 0x5b,
  0xd4, 0x53, 0xb4, 0x53, 0xb4, 0x53, 0xb3, 0x53, 0xb4, 0x53, 0xb4, 0x53,
  0xb4, 0x53, 0xb4, 0x53, 0xb4, 0x53, 0xb4, 0x53, 0xb3, 0x53, 0x93, 0x53,
  0xb3, 0x53, 0x93, 0x53, 0x93, 0x53, 0x93, 0x53, 0x93, 0x53, 0x93, 0x53,
  0x93, 0x53, 0x93, 0x53, 0xd4, 0x53, 0xd4, 0x53, 0xb4, 0x53, 0xb4, 0x53,
  0xb4, 0x53, 0xd4, 0x53, 0xb4, 0x53, 0xb4, 0x53, 0xb4, 0x53, 0xb4, 0x53,
  0xb4, 0x53, 0xb4, 0x53, 0xb4, 0x53, 0xb4, 0x53, 0xb4, 0x53, 0xb4, 0x53,
  0xd4, 0x53, 0xd5, 0x53, 0xb4, 0x53, 0xd4, 0x53, 0xd5, 0x53, 0xd5, 0x53,
  0xd5, 0x53, 0xd5, 0x53, 0xb4, 0x53, 0xb4, 0x53, 0xb4, 0x53, 0xb4, 0x53,
  0xd5, 0x53, 0xd5, 0x53, 0xd5, 0x53, 0xd5, 0x53, 0xb4, 0x53, 0xb4, 0x53,
  0x94, 0x53, 0x94, 0x53, 0xb4, 0x53, 0xb4, 0x53, 0xb4, 0x53, 0xb4, 0x53,
  0x93, 0x53, 0x94, 0x53, 0x93, 0x53, 0x93, 0x53, 0x94, 0x53, 0xb4, 0x53,
  0x94, 0x53, 0xb4, 0x53, 0xb4, 0x53, 0xb4, 0x53, 0xb4, 0x53, 0xb4, 0x53,
  0xd5, 0x53, 0xd5, 0x53, 0xb4, 0x53, 0xd5, 0x53, 0xb4, 0x53, 0xb4, 0x53,
  0xb4, 0x53, 0xb4, 0x53, 0xb4, 0x53, 0xd5, 0x53, 0xb4, 0x53, 0xd5, 0x53,
  0xd4, 0x5b, 0xb4, 0x53, 0xd4, 0x5b, 0xb3, 0x53, 0xb3, 0x53, 0x93, 0x53,
  0xb3, 0x53, 0x93, 0x53, 0xb4, 0x53, 0xb3, 0x53, 0xb3, 0x53, 0xb3, 0x53,
  0x93, 0x53, 0x93, 0x53, 0x93, 0x53, 0x93, 0x53, 0x93, 0x53, 0x93, 0x53,
  0x93, 0x53, 0x93, 0x53, 0x93, 0x53, 0x93, 0x53, 0x93, 0x53, 0x93, 0x53,
  0x93, 0x53, 0x93, 0x53, 0x93, 0x53, 0x93, 0x53, 0x93, 0x53, 0x93, 0x53,
  0x93, 0x53, 0x93, 0x53, 0xb3, 0x53, 0x93, 0x53, 0xb3, 0x53, 0x93, 0x53,
  0x93, 0x53, 0x93, 0x53, 0x93, 0x53, 0x93, 0x53, 0x93, 0x53, 0x93, 0x53,
  0x93, 0x53, 0x93, 0x53, 0x93, 0x53, 0x93, 0x53, 0x92, 0x53, 0x92, 0x53,
  0x93, 0x53, 0x93, 0x53, 0x93, 0x53, 0x93, 0x53, 0x93, 0x53, 0x93, 0x53,
  0x93, 0x53, 0x93, 0x53, 0x93, 0x53, 0x93, 0x53, 0x93, 0x53, 0x73, 0x53,
  0x93, 0x53, 0x93, 0x53, 0x93, 0x53, 0x93, 0x53, 0x93, 0x53, 0x93, 0x53,
  0x93, 0x53, 0x93, 0x53, 0x94, 0x53, 0x94, 0x53, 0x94, 0x53, 0x94, 0x53,
  0x93, 0x53, 0x93, 0x53, 0x93, 0x53, 0x93, 0x53, 0x93, 0x53, 0x94, 0x53,
  0x93, 0x53, 0x94, 0x53, 0xb4, 0x53, 0xb4, 0x53, 0xb4, 0x53, 0xb4, 0x53,
  0xb4, 0x53, 0xd5, 0x53, 0xb4, 0x53, 0xb5, 0x53, 0xb4, 0x53, 0xb4, 0x53,
  0x94, 0x53, 0xb4, 0x53, 0xb4, 0x53, 0xb4, 0x53, 0xb4, 0x53, 0xb4, 0x53,
  0x93, 0x53, 0x93, 0x53, 0x93, 0x53, 0x93, 0x53, 0x93, 0x53, 0x94, 0x53,
  0x93, 0x53, 0x93, 0x53, 0x93, 0x53, 0x93, 0x53, 0x93, 0x53, 0x93, 0x53,
  0x93, 0x53, 0x93, 0x53, 0x93, 0x53, 0x93, 0x53, 0x94, 0x53, 0xb4, 0x53,
  0x94, 0x53, 0xb4, 0x53, 0xb4, 0x53, 0xb4, 0x53, 0xb4, 0x53, 0xb4, 0x53,
  0x94, 0x53, 0xb4, 0x53, 0x94, 0x53, 0xb4, 0x53, 0xb4, 0x53, 0xb4, 0x53,
  0xb4, 0x53, 0xb4, 0x53, 0x6b, 0x7b, 0x8b, 0x7b, 0x6b, 0x7b, 0x74, 0xad,
  0x5d, 0xe7, 0x9c, 0xc6, 0x5d, 0xdf, 0x7b, 0xbe, 0x6b, 0x7b, 0x99, 0xce,
  0x6b, 0x7b, 0xfb, 0xd6, 0x1d, 0xd7, 0x5b, 0xb6, 0xfc, 0xce, 0x3b, 0xb6,
  0xfa, 0xad, 0x99, 0x9d, 0xda, 0xa5, 0x78, 0x9d, 0x38, 0x8d, 0xd7, 0x84,
  0x17, 0x8d, 0xd7, 0x7c, 0xd9, 0xa5, 0x78, 0x95, 0xb9, 0xa5, 0x58, 0x95,
  0x17, 0x8d, 0xb7, 0x7c, 0xf7, 0x84, 0xb6, 0x7c, 0x6b, 0x7b, 0x3c, 0xdf,
  0x8b, 0x7b, 0x7e, 0xe7, 0xbc, 0xc6, 0x1a, 0xae, 0xbc, 0xc6, 0x1a, 0xae,
  0x73, 0xad, 0x5d, 0xdf, 0xd6, 0xb5, 0x3d, 0xdf, 0x9c, 0xbe, 0xfa, 0xad,
  0x7b, 0xbe, 0xfa, 0xad, 0xb9, 0x9d, 0x58, 0x95, 0x99, 0x9d, 0x38, 0x95,
  0xf7, 0x84, 0xb6, 0x7c, 0xf7, 0x84, 0xb6, 0x7c, 0x99, 0x9d, 0x38, 0x8d,
  0x99, 0x9d, 0x38, 0x8d, 0xf7, 0x84, 0xb6, 0x7c, 0xd7, 0x84, 0x96, 0x7c,
  0x96, 0x74, 0x76, 0x6c, 0x96, 0x74, 0x55, 0x6c, 0x35, 0x6c, 0x14, 0x64,
  0x35, 0x6c, 0x14, 0x64, 0x96, 0x74, 0x55, 0x6c, 0x76, 0x74, 0x55, 0x6c,
  0x35, 0x6c, 0x14, 0x64, 0x35, 0x64, 0xf4, 0x63, 0xf4, 0x5b, 0xd4, 0x5b,
  0xf4, 0x5b, 0xd3, 0x5b, 0xb3, 0x5b, 0x93, 0x53, 0xb3, 0x5b, 0x93, 0x53,
  0xf4, 0x5b, 0xd3, 0x5b, 0xd4, 0x5b, 0xb3, 0x5b, 0xb3, 0x5b, 0x93, 0x53,
  0xb3, 0x5b, 0x92, 0x53, 0x76, 0x74, 0x55, 0x6c, 0x76, 0x74, 0x55, 0x6c,
  0x15, 0x64, 0xf4, 0x63, 0x14, 0x64, 0xf4, 0x63, 0x76, 0x74, 0x35, 0x6c,
  0x75, 0x74, 0x35, 0x6c, 0x14, 0x64, 0xf4, 0x63, 0x14, 0x64, 0xf4, 0x63,
  0xd4, 0x5b, 0xb3, 0x5b, 0xd3, 0x5b, 0xb3, 0x5b, 0xb3, 0x5b, 0x92, 0x5b,
  0x93, 0x5b, 0x92, 0x5b, 0xd3, 0x5b, 0xb3, 0x5b, 0xd3, 0x5b, 0xb3, 0x5b,
  0xb3, 0x5b, 0x92, 0x5b, 0xb3, 0x5b, 0x92, 0x5b, 0xda, 0xd6, 0x3d, 0xd7,
  0xba, 0xd6, 0x1d, 0xd7, 0x7b, 0xbe, 0xfa, 0xad, 0x5b, 0xbe, 0xd9, 0xa5,
  0x3c, 0xdf, 0xfd, 0xce, 0x5c, 0xe7, 0xfd, 0xce, 0x5b, 0xb6, 0xd9, 0xa5,
  0x5b, 0xb6, 0xd9, 0xa5, 0x78, 0x9d, 0x17, 0x8d, 0x78, 0x9d, 0x17, 0x8d,
  0xd7, 0x84, 0x96, 0x7c, 0xd7, 0x84, 0x96, 0x7c, 0x78, 0x9d, 0x17, 0x8d,
  0x78, 0x9d, 0x17, 0x8d, 0xd7, 0x84, 0x96, 0x7c, 0xd7, 0x84, 0x96, 0x7c,
  0x5c, 0xdf, 0xfd, 0xce, 0x3c, 0xdf, 0xfd, 0xce, 0x5b, 0xb6, 0xd9, 0xa5,
  0x5b, 0xb6, 0xd9, 0xa5, 0x5d, 0xe7, 0xfd, 0xce, 0x9e, 0xef, 0xfd, 0xce,
  0x5b, 0xb6, 0xd9, 0xad, 0x5b, 0xb6, 0xda, 0xad, 0x78, 0x9d, 0x17, 0x8d,
  0x78, 0x9d, 0x37, 0x8d, 0xd7, 0x84, 0xb6, 0x7c, 0xd7, 0x84, 0xb6, 0x7c,
  0x78, 0x9d, 0x37, 0x8d, 0x98, 0x9d, 0x38, 0x95, 0xf7, 0x84, 0xb6, 0x7c,
  0xf7, 0x84, 0xb6, 0x7c, 0x75, 0x74, 0x35, 0x6c, 0x75, 0x74, 0x35, 0x6c,
  0x14, 0x64, 0xf4, 0x63, 0x14, 0x64, 0xf4, 0x63, 0x75, 0x74, 0x35, 0x6c,
  0x75, 0x74, 0x55, 0x6c, 0x14, 0x6c, 0xf4, 0x63, 0x14, 0x6c, 0xf4, 0x63,
  0xd3, 0x5b, 0xb3, 0x5b, 0xd3, 0x5b, 0xb3, 0x5b, 0xb3, 0x5b, 0x92, 0x5b,
  0xb3, 0x5b, 0x92, 0x5b, 0xd3, 0x63, 0xb3, 0x5b, 0xd3, 0x63, 0xb3, 0x5b,
  0xb3, 0x5b, 0x92, 0x5b, 0xb3, 0x5b, 0xb3, 0x5b, 0x75, 0x74, 0x55, 0x6c,
  0x75, 0x74, 0x55, 0x6c, 0x14, 0x6c, 0xf4, 0x63, 0x34, 0x6c, 0x14, 0x64,
  0x75, 0x74, 0x55, 0x74, 0x96, 0x74, 0x55, 0x74, 0x34, 0x6c, 0x14, 0x64,
  0x35, 0x6c, 0x14, 0x64, 0xd3, 0x63, 0xd3, 0x5b, 0xf3, 0x63, 0xd3, 0x5b,
  0xb3, 0x5b, 0xb3, 0x5b, 0xb3, 0x5b, 0xb3, 0x5b, 0xf4, 0x63, 0xd3, 0x63,
  0xf4, 0x63, 0xd3, 0x63, 0xb3, 0x5b, 0xb3, 0x5b, 0xd3, 0x5b, 0xb3, 0x5b,
  0x93, 0x53, 0x92, 0x53, 0x92, 0x53, 0x92, 0x53, 0x92, 0x53, 0x92, 0x53,
  0x92, 0x53, 0x92, 0x53, 0x92, 0x53, 0x92, 0x53, 0x92, 0x53, 0x92, 0x53,
  0x92, 0x53, 0x92, 0x53, 0x92, 0x53, 0x92, 0x53, 0x92, 0x53, 0x73, 0x53,
  0x92, 0x53, 0x93, 0x53, 0x93, 0x53, 0x93, 0x53, 0x93, 0x53, 0x93, 0x53,
  0x92, 0x53, 0x93, 0x53, 0x92, 0x53, 0x93, 0x53, 0x93, 0x53, 0x93, 0x53,
  0x93, 0x53, 0x93, 0x53, 0x92, 0x53, 0x92, 0x53, 0x92, 0x53, 0x92, 0x53,
  0x92, 0x53, 0x92, 0x53, 0x92, 0x53, 0x92, 0x53, 0x92, 0x53, 0x92, 0x53,
  0x92, 0x53, 0x92, 0x53, 0x92, 0x53, 0x92, 0x53, 0x92, 0x53, 0x92, 0x53,
  0x92, 0x53, 0x93, 0x53, 0x92, 0x53, 0x93, 0x53, 0x93, 0x53, 0x93, 0x53,
  0x93, 0x53, 0x93, 0x53, 0x92, 0x53, 0x93, 0x53, 0x92, 0x53, 0x93, 0x53,
  0x93, 0x53, 0x93, 0x53, 0x93, 0x53, 0x93, 0x53, 0x93, 0x53, 0x93, 0x53,
  0x93, 0x53, 0x93, 0x53, 0x93, 0x53, 0x93, 0x53, 0x93, 0x53, 0x93, 0x53,
  0x93, 0x53, 0x93, 0x53, 0x93, 0x53, 0x93, 0x53, 0x93, 0x53, 0x93, 0x53,
  0x93, 0x53, 0x93, 0x53, 0x94, 0x4b, 0x94, 0x53, 0x94, 0x53, 0x94, 0x53,
  0xb4, 0x53, 0xb4, 0x53, 0xb4, 0x53, 0xb4, 0x53, 0x94, 0x53, 0x94, 0x53,
  0x93, 0x53, 0x94, 0x53, 0xb4, 0x53, 0xb4, 0x53, 0xb4, 0x53, 0xb4, 0x53,
  0x93, 0x53, 0x93, 0x53, 0x93, 0x53, 0x93, 0x53, 0x93, 0x53, 0x93, 0x53,
  0x93, 0x53, 0x93, 0x53, 0x93, 0x53, 0x93, 0x53, 0x93, 0x53, 0x93, 0x53,
  0x93, 0x53, 0x93, 0x53, 0x93, 0x53, 0x93, 0x53, 0x93, 0x53, 0x94, 0x53,
  0x93, 0x53, 0x94, 0x53, 0xb4, 0x53, 0xb4, 0x53, 0x94, 0x53, 0xb4, 0x53,
  0x93, 0x53, 0x94, 0x53, 0x93, 0x53, 0x93, 0x53, 0x94, 0x53, 0xb4, 0x4b,
  0x94, 0x53, 0x94, 0x4b, 0x92, 0x53, 0x92, 0x53, 0x92, 0x5b, 0x92, 0x53,
  0x92, 0x53, 0x92, 0x53, 0x92, 0x53, 0x92, 0x53, 0x92, 0x5b, 0x92, 0x53,
  0x92, 0x5b, 0x92, 0x53, 0x92, 0x53, 0x92, 0x53, 0x92, 0x53, 0x92, 0x53,
  0x92, 0x53, 0x92, 0x53, 0x92, 0x53, 0x92, 0x53, 0x93, 0x53, 0x93, 0x53,
  0x92, 0x53, 0x93, 0x53, 0x72, 0x53, 0x72, 0x53, 0x72, 0x53, 0x72, 0x53,
  0x72, 0x53, 0x72, 0x53, 0x72, 0x53, 0x72, 0x53, 0x92, 0x5b, 0x92, 0x5b,
  0xb3, 0x5b, 0x92, 0x5b, 0x92, 0x53, 0x92, 0x53, 0x92, 0x53, 0x92, 0x53,
  0xb3, 0x5b, 0xb2, 0x5b, 0xb3, 0x5b, 0xb3, 0x5b, 0x92, 0x53, 0x92, 0x53,
  0x92, 0x53, 0x92, 0x53, 0x72, 0x53, 0x72, 0x53, 0x72, 0x53, 0x72, 0x53,
  0x72, 0x53, 0x72, 0x53, 0x72, 0x53, 0x72, 0x53, 0x72, 0x53, 0x72, 0x53,
  0x92, 0x53, 0x72, 0x53, 0x72, 0x53, 0x72, 0x53, 0x72, 0x53, 0x72, 0x53,
  0x93, 0x53, 0x93, 0x53, 0x93, 0x53, 0x93, 0x53, 0x93, 0x53, 0x93, 0x53,
  0x93, 0x53, 0x93, 0x53, 0x73, 0x53, 0x73, 0x53, 0x72, 0x53, 0x73, 0x53,
  0x93, 0x53, 0x93, 0x53, 0x93, 0x53, 0x93, 0x53, 0x93, 0x53, 0x93, 0x53,
  0x93, 0x53, 0x93, 0x4b, 0x94, 0x4b, 0x94, 0x4b, 0x94, 0x4b, 0x94, 0x4b,
  0x93, 0x53, 0x93, 0x4b, 0x93, 0x53, 0x93, 0x53, 0x93, 0x4b, 0x94, 0x4b,
  0x93, 0x4b, 0x94, 0x4b, 0x72, 0x53, 0x73, 0x53, 0x72, 0x53, 0x72, 0x53,
  0x73, 0x53, 0x93, 0x53, 0x73, 0x53, 0x73, 0x53, 0x72, 0x53, 0x72, 0x53,
  0x72, 0x53, 0x72, 0x53, 0x72, 0x53, 0x73, 0x53, 0x72, 0x53, 0x73, 0x53,
  0x93, 0x53, 0x93, 0x4b, 0x93, 0x53, 0x93, 0x53, 0x93, 0x4b, 0x94, 0x4b,
  0x93, 0x4b, 0x93, 0x4b, 0x73, 0x53, 0x93, 0x53, 0x73, 0x53, 0x93, 0x53,
  0x93, 0x4b, 0x93, 0x4b, 0x93, 0x4b, 0x93, 0x4b, 0xf5, 0x53, 0xf5, 0x53,
  0xd5, 0x53, 0xf5, 0x53, 0xf5, 0x53, 0x16, 0x5c, 0xf5, 0x53, 0x16, 0x54,
  0xd5, 0x53, 0xf5, 0x53, 0xd5, 0x53, 0xf5, 0x53, 0xf5, 0x53, 0x16, 0x54,
  0xf5, 0x53, 0xf6, 0x53, 0x16, 0x5c, 0x36, 0x5c, 0x16, 0x5c, 0x36, 0x5c,
  0x36, 0x5c, 0x56, 0x5c, 0x36, 0x5c, 0x56, 0x5c, 0x16, 0x5c, 0x36, 0x5c,
  0x16, 0x5c, 0x36, 0x5c, 0x36, 0x5c, 0x56, 0x5c, 0x36, 0x5c, 0x56, 0x5c,
  0xd5, 0x53, 0xd5, 0x53, 0xd5, 0x53, 0xd5, 0x53, 0xf5, 0x53, 0xf6, 0x53,
  0xf5, 0x53, 0xf6, 0x53, 0xd5, 0x53, 0xd5, 0x53, 0xd5, 0x53, 0xd5, 0x53,
  0xf5, 0x53, 0xf6, 0x53, 0xf5, 0x53, 0xf5, 0x53, 0x16, 0x5c, 0x16, 0x5c,
  0x16, 0x54, 0x16, 0x5c, 0x36, 0x5c, 0x56, 0x5c, 0x36, 0x5c, 0x56, 0x5c,
  0x16, 0x54, 0x16, 0x5c, 0x16, 0x54, 0x16, 0x5c, 0x36, 0x5c, 0x56, 0x5c,
  0x36, 0x5c, 0x36, 0x5c, 0x57, 0x64, 0x77, 0x64, 0x57, 0x64, 0x77, 0x64,
  0x97, 0x64, 0x97, 0x6c, 0x77, 0x64, 0x97, 0x6c, 0x57, 0x64, 0x77, 0x64,
  0x57, 0x64, 0x77, 0x64, 0x77, 0x64, 0x97, 0x64, 0x77, 0x64, 0x97, 0x64,
  0xb8, 0x6c, 0xd8, 0x6c, 0xb8, 0x6c, 0xd8, 0x6c, 0xd8, 0x74, 0xf8, 0x74,
  0xd8, 0x74, 0xf8, 0x74, 0xb8, 0x6c, 0xd8, 0x6c, 0xb8, 0x6c, 0xd8, 0x6c,
  0xd8, 0x74, 0xf8, 0x74, 0xd8, 0x74, 0xf8, 0x74, 0x57, 0x64, 0x77, 0x64,
  0x57, 0x64, 0x77, 0x64, 0x77, 0x64, 0x97, 0x6c, 0x77, 0x64, 0x97, 0x6c,
  0x57, 0x5c, 0x77, 0x64, 0x57, 0x64, 0x77, 0x64, 0x77, 0x64, 0x97, 0x6c,
  0x77, 0x64, 0x97, 0x6c, 0xb8, 0x6c, 0xd8, 0x6c, 0xb8, 0x6c, 0xd8, 0x6c,
  0xd8, 0x74, 0xf8, 0x74, 0xd8, 0x74, 0xf8, 0x74, 0xb8, 0x6c, 0xd8, 0x74,
  0xb8, 0x6c, 0xd8, 0x74, 0xd8, 0x74, 0xf8, 0x7c, 0xd8, 0x74, 0xf8, 0x74,
  0xd5, 0x53, 0xd5, 0x53, 0xd5, 0x53, 0xd5, 0x53, 0xf5, 0x53, 0xf5, 0x53,
  0xf5, 0x53, 0xf5, 0x53, 0xd5, 0x53, 0xd5, 0x53, 0xd5, 0x53, 0xd5, 0x53,
  0xf5, 0x53, 0xf5, 0x53, 0xd5, 0x53, 0xf5, 0x53, 0x16, 0x54, 0x16, 0x5c,
  0x16, 0x54, 0x16, 0x5c, 0x36, 0x5c, 0x36, 0x5c, 0x36, 0x5c, 0x36, 0x5c,
  0x16, 0x54, 0x16, 0x5c, 0xf6, 0x53, 0x16, 0x54, 0x36, 0x5c, 0x36, 0x5c,
  0x36, 0x5c, 0x36, 0x5c, 0xd5, 0x53, 0xd5, 0x53, 0xb5, 0x53, 0xd5, 0x53,
  0xd5, 0x53, 0xf5, 0x53, 0xd5, 0x53, 0xf5, 0x53, 0xb5, 0x53, 0xd5, 0x53,
  0xb4, 0x53, 0xd5, 0x53, 0xd5, 0x53, 0xf5, 0x53, 0xd5, 0x53, 0xf5, 0x53,
  0xf6, 0x53, 0x16, 0x54, 0xf6, 0x53, 0x16, 0x54, 0x16, 0x5c, 0x36, 0x5c,
  0x16, 0x5c, 0x36, 0x5c, 0xf6, 0x53, 0x16, 0x54, 0xf6, 0x53, 0xf6, 0x53,
  0x16, 0x5c, 0x36, 0x5c, 0x16, 0x5c, 0x36, 0x5c, 0x57, 0x64, 0x77, 0x64,
  0x57, 0x64, 0x77, 0x64, 0x77, 0x64, 0x97, 0x6c, 0x77, 0x64, 0x97, 0x6c,
  0x57, 0x64, 0x77, 0x64, 0x57, 0x5c, 0x77, 0x64, 0x77, 0x64, 0x97, 0x6c,
  0x77, 0x64, 0x97, 0x6c, 0xb8, 0x6c, 0xd8, 0x74, 0xb8, 0x6c, 0xd8, 0x74,
  0xd8, 0x74, 0xf8, 0x7c, 0xd8, 0x74, 0xf8, 0x7c, 0xb8, 0x6c, 0xd8, 0x74,
  0xb7, 0x6c, 0xb8, 0x74, 0xd8, 0x74, 0xf8, 0x7c, 0xd8, 0x74, 0xf8, 0x7c,
  0x56, 0x5c, 0x77, 0x64, 0x56, 0x5c, 0x57, 0x64, 0x77, 0x64, 0x97, 0x6c,
  0x77, 0x64, 0x97, 0x6c, 0x56, 0x5c, 0x57, 0x64, 0x36, 0x5c, 0x57, 0x64,
  0x77, 0x64, 0x97, 0x6c, 0x77, 0x64, 0x97, 0x64, 0xb7, 0x6c, 0xb8, 0x6c,
  0x97, 0x6c, 0xb8, 0x6c, 0xd8, 0x74, 0xf8, 0x74, 0xd8, 0x74, 0xf8, 0x74,
  0x97, 0x6c, 0xb8, 0x6c, 0x97, 0x6c, 0xb8, 0x6c, 0xd8, 0x74, 0xf8, 0x74,
  0xd8, 0x74, 0xf8, 0x74, 0x19, 0x7d, 0x39, 0x7d, 0x19, 0x7d, 0x39, 0x7d,
  0x59, 0x85, 0x79, 0x85, 0x59, 0x85, 0x79, 0x85, 0x19, 0x7d, 0x39, 0x7d,
  0x19, 0x7d, 0x39, 0x7d, 0x59, 0x85, 0x79, 0x85, 0x59, 0x85, 0x79, 0x85,
  0x7a, 0x8d, 0x9a, 0x95, 0x7a, 0x8d, 0x9a, 0x8d, 0xba, 0x95, 0xba, 0x95,
  0xba, 0x95, 0xba, 0x95, 0x7a, 0x8d, 0x9a, 0x95, 0x7a, 0x8d, 0x9a, 0x95,
  0xba, 0x95, 0xda, 0x9d, 0xba, 0x95, 0xda, 0x9d, 0x19, 0x7d, 0x39, 0x7d,
  0x19, 0x7d, 0x39, 0x7d, 0x59, 0x85, 0x79, 0x85, 0x59, 0x85, 0x79, 0x8d,
  0x19, 0x7d, 0x39, 0x7d, 0x19, 0x7d, 0x39, 0x85, 0x59, 0x85, 0x79, 0x8d,
  0x59, 0x85, 0x79, 0x8d, 0x7a, 0x8d, 0x9a, 0x95, 0x9a, 0x8d, 0x9a, 0x95,
  0xba, 0x95, 0xda, 0x9d, 0xba, 0x95, 0xda, 0x9d, 0x9a, 0x8d, 0x9a, 0x95,
  0x9a, 0x8d, 0x9a, 0x95, 0xba, 0x95, 0xda, 0x9d, 0xba, 0x95, 0xda, 0x9d,
  0xd9, 0x9d, 0xf5, 0x8c, 0xd9, 0x9d, 0x98, 0x9d, 0xad, 0x7b, 0x6b, 0x73,
  0x0f, 0x7c, 0x8c, 0x73, 0xda, 0x9d, 0xd9, 0x9d, 0xda, 0x9d, 0xd9, 0xa5,
  0x30, 0x84, 0x6c, 0x73, 0xb3, 0x8c, 0xad, 0x7b, 0xad, 0x7b, 0xed, 0x83,
  0xae, 0x7b, 0xee, 0x83, 0xac, 0x83, 0xca, 0x8b, 0xac, 0x83, 0xea, 0x8b,
  0xcd, 0x7b, 0x0e, 0x8c, 0x0f, 0x84, 0x50, 0x8c, 0xac, 0x83, 0xea, 0x93,
  0xcd, 0x8b, 0x2a, 0x94, 0xda, 0x9d, 0xd9, 0xa5, 0xda, 0x9d, 0xd9, 0x9d,
  0x51, 0x84, 0xad, 0x7b, 0x71, 0x84, 0xef, 0x7b, 0xda, 0x9d, 0xf9, 0xa5,
  0xfa, 0x9d, 0xfa, 0xa5, 0x98, 0x9d, 0x56, 0x9d, 0xf9, 0xa5, 0xd8, 0xad,
  0xcd, 0x7b, 0x2e, 0x8c, 0x0f, 0x84, 0x50, 0x8c, 0xcc, 0x8b, 0x2a, 0x94,
  0x0d, 0x94, 0x4a, 0x9c, 0xf4, 0x9c, 0x91, 0x94, 0xb7, 0xad, 0x34, 0xa5,
  0x0d, 0x94, 0x4a, 0x9c, 0x0c, 0x94, 0x8a, 0xa4, 0x19, 0x7d, 0x39, 0x85,
  0x19, 0x7d, 0x39, 0x85, 0x59, 0x85, 0x79, 0x8d, 0x59, 0x85, 0x79, 0x8d,
  0x19, 0x7d, 0x39, 0x85, 0x19, 0x7d, 0x39, 0x85, 0x59, 0x85, 0x79, 0x8d,
  0x59, 0x85, 0x79, 0x8d, 0x9a, 0x8d, 0x9a, 0x95, 0x9a, 0x8d, 0x9a, 0x95,
  0xba, 0x95, 0xda, 0x9d, 0xba, 0x95, 0xda, 0x9d, 0x9a, 0x8d, 0x9a, 0x95,
  0x7a, 0x8d, 0x9a, 0x95, 0xba, 0x95, 0xda, 0x9d, 0xba, 0x95, 0xda, 0x9d,
  0x19, 0x7d, 0x39, 0x7d, 0x19, 0x7d, 0x39, 0x7d, 0x59, 0x85, 0x59, 0x85,
  0x59, 0x85, 0x59, 0x85, 0x19, 0x7d, 0x39, 0x7d, 0x19, 0x7d, 0x19, 0x7d,
  0x39, 0x85, 0x59, 0x85, 0x39, 0x85, 0x59, 0x85, 0x7a, 0x8d, 0x9a, 0x95,
  0x7a, 0x8d, 0x9a, 0x95, 0xba, 0x95, 0xda, 0x9d, 0xba, 0x95, 0xda, 0x9d,
  0x7a, 0x8d, 0x9a, 0x8d, 0x7a, 0x8d, 0x9a, 0x8d, 0xba, 0x95, 0xda, 0x9d,
  0xba, 0x95, 0xda, 0x95, 0xfa, 0x9d, 0xfa, 0xa5, 0xfa, 0x9d, 0xfa, 0xa5,
  0xf9, 0xad, 0xf8, 0xad, 0xf9, 0xad, 0xf9, 0xad, 0xfa, 0x9d, 0xfa, 0xa5,
  0xfa, 0x9d, 0xfa, 0xa5, 0xf9, 0xad, 0xf9, 0xad, 0xfa, 0xad, 0xf9, 0xad,
  0xb7, 0xad, 0x34, 0xa5, 0xb7, 0xad, 0x34, 0xad, 0x0c, 0x94, 0x8a, 0xa4,
  0x4d, 0x9c, 0xaa, 0xac, 0xb7, 0xad, 0xf3, 0xa4, 0xb7, 0xad, 0xf3, 0x9c,
  0x6d, 0xa4, 0xaa, 0xac, 0x2d, 0x9c, 0xc9, 0x9b, 0xfa, 0x9d, 0xfa, 0xa5,
  0xfa, 0x9d, 0xfa, 0xa5, 0xfa, 0xa5, 0xf9, 0xad, 0xfa, 0xa5, 0xf9, 0xad,
  0xfa, 0x9d, 0xfa, 0xa5, 0xda, 0x9d, 0xfa, 0xa5, 0xfa, 0xa5, 0xf9, 0xad,
  0xfa, 0xa5, 0xf9, 0xad, 0xb7, 0xad, 0xf3, 0xa4, 0xb7, 0xad, 0x14, 0xa5,
  0x0d, 0x9c, 0x48, 0x93, 0x2e, 0x9c, 0xe9, 0x9b, 0xb7, 0xad, 0xf3, 0x9c,
  0x97, 0xad, 0x91, 0x94, 0x0d, 0x9c, 0x29, 0xa4, 0xec, 0x9b, 0x09, 0xa4,
  0xb4, 0x53, 0xd5, 0x53, 0xb4, 0x53, 0xd5, 0x53, 0xd5, 0x53, 0xd5, 0x53,
  0xd5, 0x53, 0xd5, 0x53, 0xb4, 0x53, 0xd5, 0x53, 0xb4, 0x53, 0xb5, 0x53,
  0xd5, 0x53, 0xd5, 0x53, 0xd5, 0x53, 0xd5, 0x53, 0xf5, 0x53, 0xf6, 0x53,
  0xf5, 0x53, 0xf6, 0x53, 0x16, 0x54, 0x36, 0x5c, 0x16, 0x54, 0x36, 0x5c,
  0xf5, 0x53, 0xf6, 0x53, 0xf5, 0x53, 0xf6, 0x53, 0x16, 0x54, 0x16, 0x5c,
  0x16, 0x54, 0x16, 0x5c, 0xb4, 0x53, 0xb4, 0x53, 0xb4, 0x53, 0xb4, 0x53,
  0xd5, 0x53, 0xd5, 0x53, 0xd5, 0x53, 0xd5, 0x53, 0xb4, 0x53, 0xb4, 0x53,
  0xb4, 0x53, 0xb4, 0x53, 0xb5, 0x53, 0xd5, 0x53, 0xb5, 0x53, 0xd5, 0x53,
  0xf5, 0x53, 0xf6, 0x53, 0xf5, 0x53, 0xf5, 0x53, 0x16, 0x54, 0x16, 0x5c,
  0x16, 0x54, 0x16, 0x54, 0xd5, 0x53, 0xf5, 0x53, 0xd5, 0x53, 0xf5, 0x53,
  0xf6, 0x53, 0x16, 0x54, 0xf6, 0x53, 0x16, 0x54, 0x36, 0x5c, 0x57, 0x64,
  0x36, 0x5c, 0x57, 0x5c, 0x77, 0x64, 0x77, 0x64, 0x77, 0x64, 0x77, 0x64,
  0x36, 0x5c, 0x57, 0x5c, 0x36, 0x5c, 0x57, 0x5c, 0x57, 0x64, 0x77, 0x64,
  0x57, 0x64, 0x77, 0x64, 0x97, 0x6c, 0xb8, 0x6c, 0x97, 0x64, 0xb8, 0x6c,
  0xd8, 0x6c, 0xf8, 0x74, 0xd8, 0x6c, 0xd8, 0x74, 0x97, 0x64, 0xb8, 0x6c,
  0x97, 0x64, 0x98, 0x6c, 0xb8, 0x6c, 0xd8, 0x74, 0xb8, 0x6c, 0xd8, 0x6c,
  0x36, 0x5c, 0x56, 0x5c, 0x36, 0x5c, 0x36, 0x5c, 0x57, 0x5c, 0x77, 0x64,
  0x57, 0x5c, 0x77, 0x64, 0x36, 0x5c, 0x36, 0x5c, 0x36, 0x5c, 0x36, 0x5c,
  0x57, 0x5c, 0x77, 0x64, 0x57, 0x5c, 0x57, 0x64, 0x97, 0x64, 0x98, 0x64,
  0x77, 0x64, 0x98, 0x64, 0xb8, 0x6c, 0xd8, 0x6c, 0xb8, 0x6c, 0xd8, 0x6c,
  0x77, 0x64, 0x97, 0x64, 0x77, 0x64, 0x97, 0x64, 0xb8, 0x6c, 0xd8, 0x6c,
  0xb8, 0x6c, 0xb8, 0x6c, 0xb4, 0x4b, 0xb4, 0x53, 0xb4, 0x4b, 0xb4, 0x53,
  0xb5, 0x53, 0xd5, 0x53, 0xb4, 0x53, 0xd5, 0x53, 0xb4, 0x4b, 0xb4, 0x4b,
  0x94, 0x4b, 0xb4, 0x4b, 0xb4, 0x53, 0xd5, 0x53, 0xb4, 0x53, 0xb5, 0x53,
  0xd5, 0x53, 0xf5, 0x53, 0xd5, 0x53, 0xf5, 0x53, 0xf6, 0x53, 0x16, 0x54,
  0xf6, 0x53, 0x16, 0x54, 0xd5, 0x53, 0xd5, 0x53, 0xd5, 0x53, 0xd5, 0x53,
  0xf5, 0x53, 0xf6, 0x53, 0xf5, 0x53, 0xf6, 0x53, 0x94, 0x4b, 0xb4, 0x4b,
  0x94, 0x4b, 0xb4, 0x4b, 0xb4, 0x53, 0xb5, 0x53, 0xb4, 0x4b, 0xb4, 0x53,
  0x94, 0x4b, 0xb4, 0x4b, 0x94, 0x4b, 0x94, 0x4b, 0xb4, 0x4b, 0xb4, 0x4b,
  0xb4, 0x4b, 0xb4, 0x4b, 0xd5, 0x53, 0xd5, 0x53, 0xd5, 0x53, 0xd5, 0x53,
  0xf5, 0x53, 0xf6, 0x53, 0xf5, 0x53, 0xf5, 0x53, 0xd5, 0x4b, 0xd5, 0x53,
  0xb5, 0x4b, 0xd5, 0x53, 0xf5, 0x53, 0xf5, 0x53, 0xd5, 0x53, 0xf5, 0x53,
  0x16, 0x5c, 0x36, 0x5c, 0x16, 0x5c, 0x36, 0x5c, 0x56, 0x5c, 0x57, 0x64,
  0x56, 0x5c, 0x57, 0x64, 0x16, 0x5c, 0x36, 0x5c, 0x16, 0x54, 0x36, 0x5c,
  0x36, 0x5c, 0x57, 0x64, 0x36, 0x5c, 0x57, 0x64, 0x77, 0x64, 0x97, 0x64,
  0x77, 0x64, 0x97, 0x64, 0xb8, 0x6c, 0xb8, 0x6c, 0x98, 0x6c, 0xb8, 0x6c,
  0x77, 0x64, 0x97, 0x64, 0x77, 0x64, 0x97, 0x64, 0x97, 0x6c, 0xb8, 0x6c,
  0x97, 0x6c, 0xb8, 0x6c, 0x16, 0x54, 0x36, 0x5c, 0x16, 0x54, 0x16, 0x5c,
  0x36, 0x5c, 0x56, 0x64, 0x36, 0x5c, 0x56, 0x64, 0x16, 0x54, 0x16, 0x5c,
  0x16, 0x54, 0x16, 0x5c, 0x36, 0x5c, 0x56, 0x64, 0x36, 0x5c, 0x56, 0x64,
  0x77, 0x64, 0x77, 0x64, 0x77, 0x64, 0x77, 0x64, 0x97, 0x6c, 0xb8, 0x6c,
  0x97, 0x6c, 0xb8, 0x6c, 0x77, 0x64, 0x77, 0x64, 0x77, 0x64, 0x77, 0x64,
  0x97, 0x6c, 0xb7, 0x6c, 0x97, 0x6c, 0xb7, 0x6c, 0xf9, 0x74, 0x19, 0x7d,
  0xf9, 0x74, 0x19, 0x7d, 0x39, 0x85, 0x59, 0x85, 0x39, 0x7d, 0x59, 0x85,
  0xf9, 0x74, 0x19, 0x7d, 0xf8, 0x74, 0x19, 0x7d, 0x39, 0x7d, 0x59, 0x85,
  0x39, 0x7d, 0x59, 0x85, 0x7a, 0x8d, 0x9a, 0x8d, 0x7a, 0x8d, 0x9a, 0x8d,
  0xba, 0x95, 0xda, 0x95, 0xba, 0x95, 0xda, 0x95, 0x7a, 0x85, 0x9a, 0x8d,
  0x7a, 0x85, 0x9a, 0x8d, 0xba, 0x95, 0xda, 0x95, 0xba, 0x95, 0xba, 0x95,
  0xf8, 0x74, 0x19, 0x75, 0xf8, 0x74, 0x19, 0x75, 0x39, 0x7d, 0x59, 0x85,
  0x19, 0x7d, 0x39, 0x85, 0xf8, 0x74, 0xf9, 0x74, 0xd8, 0x74, 0xf9, 0x74,
  0x19, 0x7d, 0x39, 0x85, 0x19, 0x7d, 0x39, 0x7d, 0x7a, 0x85, 0x9a, 0x8d,
  0x59, 0x85, 0x7a, 0x8d, 0x9a, 0x8d, 0xba, 0x95, 0x9a, 0x8d, 0xba, 0x95,
  0x59, 0x85, 0x7a, 0x8d, 0x59, 0x85, 0x7a, 0x8d, 0x9a, 0x8d, 0xba, 0x95,
  0x9a, 0x8d, 0xba, 0x95, 0xda, 0x9d, 0xfa, 0x9d, 0xda, 0x9d, 0xfa, 0x9d,
  0xfa, 0xa5, 0xf9, 0xad, 0xfa, 0xa5, 0xf9, 0xad, 0xda, 0x9d, 0xfa, 0x9d,
  0xda, 0x9d, 0xfa, 0x9d, 0xfa, 0xa5, 0xf9, 0xa5, 0xfa, 0xa5, 0xf9, 0xa5,
  0x97, 0xad, 0x91, 0x94, 0x97, 0xa5, 0x91, 0x94, 0xcc, 0x9b, 0x2a, 0x9c,
  0xcc, 0x93, 0x8b, 0xac, 0x76, 0xa5, 0x71, 0x94, 0x97, 0xa5, 0x92, 0x94,
  0xab, 0x93, 0xc9, 0x9b, 0x8b, 0x93, 0xa9, 0x93, 0xda, 0x9d, 0xfa, 0x9d,
  0xda, 0x9d, 0xfa, 0x9d, 0xfa, 0xa5, 0xf9, 0xa5, 0xfa, 0xa5, 0xf9, 0xa5,
  0xda, 0x9d, 0xda, 0x9d, 0xda, 0x95, 0xda, 0x9d, 0xfa, 0xa5, 0xf9, 0xa5,
  0xf9, 0xa5, 0xf9, 0xa5, 0xb7, 0xa5, 0xd3, 0x9c, 0xb7, 0xa5, 0xf3, 0x9c,
  0x8a, 0x93, 0x69, 0x93, 0x8a, 0x93, 0x48, 0x8b, 0x97, 0xa5, 0xd3, 0x9c,
  0x97, 0xa5, 0xd3, 0x9c, 0x8a, 0x8b, 0x08, 0x83, 0x8b, 0x93, 0x28, 0x83,
  0xd8, 0x74, 0xf8, 0x74, 0xd8, 0x74, 0xf8, 0x74, 0x19, 0x7d, 0x39, 0x7d,
  0x19, 0x7d, 0x39, 0x7d, 0xd8, 0x74, 0xf8, 0x74, 0xd8, 0x74, 0xf8, 0x74,
  0x19, 0x7d, 0x39, 0x7d, 0x18, 0x7d, 0x39, 0x7d, 0x59, 0x85, 0x7a, 0x8d,
  0x59, 0x85, 0x79, 0x8d, 0x9a, 0x8d, 0xba, 0x95, 0x9a, 0x8d, 0xba, 0x95,
  0x59, 0x85, 0x79, 0x8d, 0x59, 0x85, 0x79, 0x8d, 0x9a, 0x8d, 0xba, 0x95,
  0x9a, 0x8d, 0x9a, 0x95, 0xd8, 0x74, 0xf8, 0x74, 0xd8, 0x74, 0xf8, 0x74,
  0x18, 0x7d, 0x19, 0x7d, 0xf8, 0x7c, 0x19, 0x7d, 0xd8, 0x74, 0xd8, 0x74,
  0xd8, 0x74, 0xd8, 0x74, 0xf8, 0x7c, 0x19, 0x7d, 0xf8, 0x7c, 0x18, 0x7d,
  0x39, 0x85, 0x59, 0x8d, 0x39, 0x85, 0x59, 0x85, 0x79, 0x8d, 0x9a, 0x95,
  0x79, 0x8d, 0x99, 0x95, 0x39, 0x85, 0x59, 0x85, 0x39, 0x85, 0x59, 0x85,
  0x79, 0x8d, 0x99, 0x95, 0x79, 0x8d, 0x99, 0x95, 0xda, 0x95, 0xda, 0x9d,
  0xba, 0x95, 0xda, 0x9d, 0xf9, 0xa5, 0xd9, 0xa5, 0xf9, 0xa5, 0xd9, 0xa5,
  0xba, 0x95, 0xda, 0x9d, 0xba, 0x95, 0xda, 0x9d, 0xd9, 0xa5, 0xd9, 0xa5,
  0xd9, 0xa5, 0xd9, 0xa5, 0xb7, 0xa5, 0xf4, 0x9c, 0xb7, 0xa5, 0xf4, 0x9c,
  0x8b, 0x93, 0x08, 0x7b, 0x8c, 0x8b, 0x08, 0x7b, 0x97, 0xa5, 0x92, 0x94,
  0xb7, 0xa5, 0x72, 0x8c, 0x6b, 0x83, 0x08, 0x83, 0x4a, 0x83, 0x09, 0x83,
  0xba, 0x95, 0xda, 0x9d, 0xba, 0x95, 0xd9, 0x9d, 0xd9, 0xa5, 0xd9, 0xa5,
  0xd9, 0x9d, 0xd9, 0xa5, 0xb9, 0x95, 0xb9, 0x9d, 0xb9, 0x95, 0xb9, 0x9d,
  0xd9, 0x9d, 0xd8, 0xa5, 0xd9, 0x9d, 0xd8, 0xa5, 0xb7, 0xa5, 0xb2, 0x94,
  0xb7, 0xa5, 0x72, 0x8c, 0x6a, 0x8b, 0x29, 0x8b, 0x8c, 0x8b, 0x29, 0x8b,
  0xb7, 0xa5, 0xb3, 0x94, 0x97, 0xa5, 0xb2, 0x8c, 0x8c, 0x8b, 0x29, 0x8b,
  0xad, 0x83, 0x49, 0x8b, 0xa9, 0x5a, 0xa9, 0x5a, 0xaa, 0x5a, 0xaa, 0x5a,
  0xa9, 0x5a, 0xa9, 0x5a, 0xaa, 0x5a, 0xaa, 0x5a, 0xaa, 0x52, 0xaa, 0x52,
  0x8a, 0x52, 0x8a, 0x52, 0x8a, 0x52, 0xaa, 0x52, 0xca, 0x52, 0xca, 0x5a,
  0xc9, 0x62, 0xc9, 0x62, 0xaa, 0x52, 0xaa, 0x52, 0xe9, 0x62, 0x09, 0x6b,
  0xaa, 0x52, 0xca, 0x5a, 0xca, 0x52, 0xc9, 0x52, 0x2a, 0x63, 0x4b, 0x6b,
  0xea, 0x5a, 0xe9, 0x5a, 0xc9, 0x5a, 0xa9, 0x52, 0xeb, 0x52, 0xab, 0x52,
  0x4d, 0x63, 0x0c, 0x5b, 0xaa, 0x52, 0x0a, 0x63, 0xaa, 0x52, 0xe9, 0x5a,
  0xcb, 0x5a, 0xaa, 0x5a, 0xaa, 0x52, 0xca, 0x52, 0xe9, 0x5a, 0xc9, 0x5a,
  0xc9, 0x5a, 0xa9, 0x5a, 0x6a, 0x73, 0xc9, 0x5a, 0x68, 0x52, 0x68, 0x4a,
  0xa8, 0x52, 0xc8, 0x52, 0x87, 0x4a, 0x87, 0x4a, 0x48, 0x4a, 0x28, 0x42,
  0x89, 0x52, 0x68, 0x52, 0x47, 0x42, 0x47, 0x42, 0x68, 0x4a, 0x67, 0x4a,
  0x09, 0x6b, 0x4a, 0x73, 0xc9, 0x5a, 0xc9, 0x5a, 0x6a, 0x7b, 0x6b, 0x7b,
  0xa8, 0x5a, 0x88, 0x5a, 0xc9, 0x52, 0xc9, 0x5a, 0xc9, 0x52, 0xc9, 0x52,
  0xe9, 0x5a, 0xe9, 0x5a, 0xc9, 0x52, 0xc9, 0x52, 0x6b, 0x7b, 0x6b, 0x7b,
  0xc9, 0x62, 0xe9, 0x6a, 0x6b, 0x7b, 0x6b, 0x7b, 0x2a, 0x73, 0x6a, 0x7b,
  0xe9, 0x5a, 0xc9, 0x52, 0xc9, 0x5a, 0xc9, 0x5a, 0xa8, 0x52, 0x88, 0x52,
  0xe9, 0x5a, 0xe9, 0x5a, 0xe8, 0x52, 0xe8, 0x52, 0x67, 0x42, 0x67, 0x4a,
  0xc8, 0x52, 0xc8, 0x52, 0x87, 0x4a, 0x87, 0x52, 0x67, 0x4a, 0x67, 0x4a,
  0x46, 0x4a, 0x86, 0x52, 0x87, 0x52, 0x87, 0x52, 0xe7, 0x62, 0x06, 0x6b,
  0xa7, 0x52, 0xa7, 0x52, 0x87, 0x52, 0x87, 0x52, 0xa8, 0x52, 0xa7, 0x52,
  0x87, 0x52, 0xa7, 0x62, 0xa6, 0x62, 0xe6, 0x6a, 0x26, 0x73, 0x06, 0x6b,
  0x06, 0x6b, 0x06, 0x73, 0x26, 0x6b, 0x06, 0x6b, 0x8a, 0x52, 0xa9, 0x52,
  0xc9, 0x5a, 0xe9, 0x5a, 0x09, 0x63, 0xc9, 0x5a, 0x2a, 0x6b, 0x09, 0x63,
  0x89, 0x52, 0xea, 0x62, 0x8a, 0x52, 0x0a, 0x63, 0xe9, 0x62, 0xe8, 0x5a,
  0x09, 0x63, 0x08, 0x63, 0xa8, 0x52, 0x88, 0x52, 0xa8, 0x5a, 0xa7, 0x52,
  0x88, 0x52, 0x68, 0x52, 0x88, 0x52, 0x68, 0x52, 0x08, 0x63, 0xc8, 0x5a,
  0x09, 0x63, 0x29, 0x6b, 0xa7, 0x52, 0xc8, 0x62, 0x48, 0x6b, 0x07, 0x6b,
  0xcb, 0x52, 0x2a, 0x6b, 0x0c, 0x5b, 0x2b, 0x73, 0x29, 0x6b, 0x08, 0x6b,
  0x29, 0x6b, 0x88, 0x83, 0x2d, 0x63, 0x2b, 0x6b, 0x4d, 0x6b, 0x2b, 0x6b,
  0x29, 0x73, 0x68, 0x7b, 0x6a, 0x7b, 0x89, 0x83, 0x89, 0x83, 0xc9, 0x8b,
  0xa8, 0x83, 0xa8, 0x83, 0x87, 0x7b, 0x06, 0x6b, 0x87, 0x7b, 0x06, 0x6b,
  0xa8, 0x83, 0xc8, 0x8b, 0x88, 0x83, 0xe7, 0x8b, 0xa7, 0x83, 0x66, 0x7b,
  0xc6, 0x83, 0xa6, 0x83, 0x68, 0x52, 0x87, 0x5a, 0xa8, 0x62, 0xe8, 0x6a,
  0xc7, 0x62, 0xe6, 0x62, 0xa7, 0x62, 0xe6, 0x62, 0xe8, 0x6a, 0xa8, 0x62,
  0xc7, 0x62, 0xc7, 0x6a, 0xe7, 0x6a, 0x87, 0x5a, 0x87, 0x5a, 0xc6, 0x62,
  0x26, 0x6b, 0x26, 0x6b, 0xe6, 0x62, 0xe6, 0x6a, 0xe6, 0x62, 0x05, 0x6b,
  0x06, 0x6b, 0x05, 0x6b, 0x86, 0x5a, 0xe5, 0x62, 0xa7, 0x6a, 0x66, 0x52,
  0xc5, 0x62, 0xc6, 0x62, 0xc5, 0x5a, 0xc6, 0x62, 0xc7, 0x62, 0xc7, 0x62,
  0xe6, 0x6a, 0xa7, 0x62, 0xc7, 0x6a, 0x88, 0x5a, 0xe7, 0x6a, 0xc8, 0x72,
  0x06, 0x6b, 0xc7, 0x62, 0x26, 0x6b, 0xe7, 0x6a, 0x07, 0x6b, 0xc7, 0x6a,
  0xa7, 0x62, 0xc7, 0x62, 0xc6, 0x62, 0xc7, 0x6a, 0x67, 0x5a, 0xc6, 0x62,
  0x26, 0x4a, 0x85, 0x52, 0xa7, 0x62, 0xe6, 0x41, 0xa7, 0x6a, 0x67, 0x52,
  0xc7, 0x72, 0x47, 0x52, 0xe6, 0x6a, 0x86, 0x5a, 0x66, 0x52, 0xc6, 0x62,
  0x6b, 0x7b, 0x6b, 0x7b, 0x6b, 0x7b, 0x6b, 0x7b, 0x6b, 0x7b, 0x6b, 0x7b,
  0x6b, 0x7b, 0x6b, 0x7b, 0xa8, 0x5a, 0xe9, 0x6a, 0xe9, 0x5a, 0xe9, 0x5a,
  0x4a, 0x73, 0x6b, 0x7b, 0xc9, 0x5a, 0xc9, 0x5a, 0x6b, 0x7b, 0x6b, 0x7b,
  0x6b, 0x7b, 0x6b, 0x7b, 0x6b, 0x7b, 0x6b, 0x7b, 0x6b, 0x7b, 0x6b, 0x7b,
  0x6b, 0x7b, 0x6b, 0x7b, 0xe9, 0x62, 0x4a, 0x73, 0x6b, 0x7b, 0x6b, 0x7b,
  0x6b, 0x7b, 0x6b, 0x7b, 0xa8, 0x5a, 0xc8, 0x5a, 0xc7, 0x62, 0x07, 0x73,
  0xc8, 0x5a, 0x09, 0x63, 0x07, 0x73, 0x07, 0x6b, 0x26, 0x7b, 0x07, 0x73,
  0xe6, 0x6a, 0xc6, 0x6a, 0xe6, 0x72, 0xe6, 0x72, 0xc6, 0x6a, 0xe6, 0x72,
  0x0a, 0x63, 0xe9, 0x5a, 0x07, 0x6b, 0x28, 0x6b, 0xe9, 0x62, 0x09, 0x6b,
  0xe8, 0x62, 0x09, 0x63, 0x07, 0x73, 0x27, 0x73, 0x06, 0x73, 0x06, 0x73,
  0x47, 0x73, 0x47, 0x6b, 0x06, 0x7b, 0x06, 0x73, 0x6b, 0x7b, 0x6b, 0x7b,
  0x6b, 0x7b, 0x6b, 0x7b, 0x6b, 0x7b, 0x6b, 0x7b, 0x6b, 0x7b, 0x6b, 0x7b,
  0x6b, 0x7b, 0x6b, 0x7b, 0x6b, 0x7b, 0x6b, 0x7b, 0x6b, 0x7b, 0x6b, 0x7b,
  0x6b, 0x7b, 0x6b, 0x7b, 0x6b, 0x7b, 0x6b, 0x7b, 0x6b, 0x7b, 0x6b, 0x7b,
  0x6b, 0x7b, 0x6b, 0x7b, 0x6b, 0x7b, 0x6b, 0x7b, 0x6b, 0x7b, 0x6b, 0x7b,
  0x6b, 0x7b, 0x6b, 0x7b, 0x6b, 0x7b, 0x6b, 0x7b, 0x6b, 0x7b, 0x6b, 0x7b,
  0x6a, 0x7b, 0x6b, 0x7b, 0xe9, 0x62, 0x09, 0x6b, 0x6b, 0x7b, 0x6b, 0x7b,
  0x4a, 0x73, 0x6b, 0x7b, 0x47, 0x73, 0x49, 0x73, 0x26, 0x73, 0x26, 0x73,
  0x09, 0x63, 0x09, 0x6b, 0x87, 0x7b, 0x68, 0x7b, 0x6b, 0x7b, 0x6b, 0x7b,
  0x6b, 0x7b, 0x6b, 0x7b, 0x6b, 0x7b, 0x6b, 0x7b, 0x6b, 0x7b, 0x6b, 0x7b,
  0x4a, 0x73, 0x6b, 0x7b, 0x09, 0x6b, 0x0a, 0x6b, 0x6b, 0x7b, 0x6b, 0x7b,
  0x4a, 0x73, 0x6b, 0x7b, 0x45, 0x73, 0x25, 0x73, 0x05, 0x6b, 0x25, 0x73,
  0x25, 0x73, 0x05, 0x6b, 0x05, 0x6b, 0x25, 0x73, 0xe6, 0x72, 0xc5, 0x6a,
  0xa6, 0x6a, 0xe6, 0x72, 0xc5, 0x62, 0xa5, 0x62, 0xe6, 0x6a, 0xa5, 0x62,
  0xe5, 0x6a, 0x05, 0x6b, 0x05, 0x73, 0x05, 0x73, 0x06, 0x73, 0x06, 0x7b,
  0xe5, 0x6a, 0xe5, 0x6a, 0xa5, 0x62, 0xc5, 0x6a, 0xa5, 0x62, 0xe5, 0x72,
  0xa5, 0x6a, 0xc5, 0x62, 0xe4, 0x72, 0xe4, 0x72, 0xc5, 0x62, 0x65, 0x5a,
  0x46, 0x52, 0xc6, 0x62, 0x45, 0x52, 0x85, 0x5a, 0xa5, 0x5a, 0x85, 0x5a,
  0xe6, 0x41, 0x45, 0x4a, 0x26, 0x52, 0xc5, 0x39, 0xa5, 0x5a, 0xe5, 0x62,
  0x65, 0x52, 0xc5, 0x5a, 0x65, 0x5a, 0x44, 0x52, 0x65, 0x52, 0x65, 0x52,
  0x04, 0x42, 0xe4, 0x41, 0x85, 0x5a, 0x84, 0x5a, 0xc5, 0x62, 0x65, 0x52,
  0xc5, 0x5a, 0xc4, 0x5a, 0x44, 0x4a, 0x84, 0x52, 0x84, 0x52, 0x84, 0x52,
  0xe6, 0x72, 0x06, 0x7b, 0xc5, 0x6a, 0xe5, 0x72, 0x06, 0x73, 0x47, 0x7b,
  0x06, 0x7b, 0x06, 0x7b, 0xe5, 0x72, 0xe5, 0x6a, 0xe5, 0x6a, 0xa4, 0x6a,
  0xc5, 0x6a, 0xe5, 0x72, 0xc5, 0x6a, 0xc5, 0x6a, 0xa7, 0x83, 0x88, 0x83,
  0x06, 0x7b, 0x06, 0x73, 0x49, 0x73, 0x2a, 0x6b, 0x87, 0x83, 0x88, 0x83,
  0xe6, 0x72, 0x06, 0x7b, 0xc5, 0x62, 0xe5, 0x6a, 0x06, 0x7b, 0xe6, 0x6a,
  0xe5, 0x72, 0x06, 0x7b, 0x84, 0x62, 0xc4, 0x6a, 0xa4, 0x62, 0xe5, 0x6a,
  0xc5, 0x62, 0xc5, 0x6a, 0xe5, 0x6a, 0xa4, 0x6a, 0x84, 0x52, 0xa4, 0x5a,
  0x64, 0x52, 0x64, 0x52, 0x84, 0x5a, 0x84, 0x5a, 0x63, 0x52, 0x84, 0x52,
  0xa4, 0x62, 0xc4, 0x62, 0xc4, 0x6a, 0xe4, 0x6a, 0xc5, 0x6a, 0x05, 0x73,
  0x04, 0x73, 0xc4, 0x62, 0xa4, 0x5a, 0xc4, 0x62, 0xa4, 0x5a, 0xa4, 0x5a,
  0xc4, 0x6a, 0xa4, 0x5a, 0xe3, 0x6a, 0x04, 0x6b, 0x4c, 0x6b, 0x4b, 0x73,
  0x4c, 0x6b, 0x6b, 0x7b, 0xa9, 0x8b, 0x89, 0x83, 0xa9, 0x8b, 0xa8, 0x8b,
  0x2b, 0x6b, 0xaa, 0x83, 0x4b, 0x73, 0xca, 0x93, 0x88, 0x83, 0xc8, 0x8b,
  0x88, 0x83, 0xc8, 0x8b, 0xc8, 0x8b, 0x47, 0x73, 0x67, 0x7b, 0xc7, 0x8b,
  0x87, 0x7b, 0x87, 0x7b, 0xa6, 0x83, 0xc7, 0x83, 0xa7, 0x83, 0xc7, 0x83,
  0xc8, 0x8b, 0x87, 0x7b, 0x87, 0x7b, 0xa6, 0x83, 0xa6, 0x7b, 0x45, 0x73,
  0x6b, 0x7b, 0x2a, 0x9c, 0x8a, 0x83, 0x09, 0x9c, 0xe9, 0x93, 0xc8, 0x93,
  0xc8, 0x8b, 0xe8, 0x93, 0xca, 0x8b, 0x08, 0x94, 0xca, 0x8b, 0xc8, 0x8b,
  0xe9, 0x93, 0xa7, 0x8b, 0xa9, 0x8b, 0xe9, 0x93, 0xc8, 0x93, 0xa7, 0x7b,
  0xe9, 0x93, 0xc7, 0x83, 0x45, 0x6b, 0x05, 0x6b, 0x45, 0x6b, 0x65, 0x73,
  0x08, 0x94, 0x87, 0x73, 0xe8, 0x93, 0x47, 0x73, 0x47, 0x73, 0xa6, 0x83,
  0xa7, 0x83, 0xc7, 0x8b, 0x06, 0x63, 0x06, 0x6b, 0x05, 0x6b, 0x06, 0x63,
  0x87, 0x5a, 0xc7, 0x62, 0xc6, 0x62, 0x46, 0x52, 0x05, 0x63, 0x05, 0x63,
  0xe5, 0x62, 0xe5, 0x62, 0xe5, 0x6a, 0x66, 0x5a, 0x05, 0x6b, 0xc6, 0x6a,
  0xe6, 0x6a, 0xa7, 0x6a, 0xa6, 0x62, 0xe6, 0x72, 0x06, 0x42, 0x85, 0x52,
  0x47, 0x5a, 0x46, 0x4a, 0x46, 0x4a, 0xe6, 0x6a, 0x06, 0x4a, 0xa6, 0x5a,
  0x86, 0x6a, 0xe6, 0x41, 0xe6, 0x6a, 0x06, 0x4a, 0x05, 0x63, 0xe5, 0x62,
  0x25, 0x6b, 0xe5, 0x62, 0x05, 0x63, 0xe6, 0x6a, 0xe5, 0x6a, 0xe5, 0x62,
  0x66, 0x83, 0xe5, 0x62, 0x86, 0x83, 0x25, 0x6b, 0xe5, 0x62, 0x25, 0x6b,
  0x05, 0x6b, 0x25, 0x6b, 0x47, 0x5a, 0x86, 0x52, 0x87, 0x62, 0x46, 0x4a,
  0xc5, 0x62, 0x66, 0x62, 0xe6, 0x62, 0xc6, 0x6a, 0xc6, 0x6a, 0x06, 0x4a,
  0xc6, 0x6a, 0x06, 0x52, 0xc6, 0x62, 0xc5, 0x62, 0x86, 0x5a, 0xc5, 0x6a,
  0xca, 0x8b, 0xe9, 0x8b, 0xea, 0x93, 0xe9, 0x93, 0xa8, 0x8b, 0x08, 0x94,
  0xe8, 0x8b, 0xe8, 0x93, 0x0a, 0x94, 0xe8, 0x93, 0x29, 0x9c, 0xe8, 0x93,
  0xc8, 0x8b, 0xc8, 0x8b, 0xc8, 0x8b, 0xc8, 0x8b, 0xc8, 0x8b, 0xc7, 0x83,
  0xa8, 0x83, 0x88, 0x83, 0xa5, 0x83, 0xa7, 0x8b, 0x47, 0x73, 0xc8, 0x8b,
  0xc8, 0x8b, 0x88, 0x7b, 0xe8, 0x8b, 0xc8, 0x8b, 0xc8, 0x83, 0x87, 0x7b,
  0xa7, 0x83, 0xa7, 0x83, 0x09, 0x94, 0xe8, 0x93, 0x29, 0x94, 0x08, 0x94,
  0xe8, 0x8b, 0xe9, 0x93, 0xe8, 0x8b, 0xc8, 0x8b, 0x29, 0x9c, 0x08, 0x94,
  0x29, 0x94, 0x29, 0x94, 0xe8, 0x93, 0xa8, 0x83, 0x08, 0x94, 0xe8, 0x8b,
  0xe8, 0x93, 0xc8, 0x8b, 0xe8, 0x8b, 0x08, 0x94, 0xc8, 0x8b, 0xa7, 0x83,
  0xc7, 0x83, 0xa6, 0x83, 0xc8, 0x8b, 0x08, 0x94, 0xe7, 0x8b, 0x28, 0x94,
  0xe7, 0x8b, 0xa6, 0x83, 0xc7, 0x83, 0xa7, 0x83, 0x86, 0x7b, 0x05, 0x63,
  0x66, 0x73, 0x25, 0x6b, 0x05, 0x6b, 0x25, 0x6b, 0x05, 0x6b, 0x05, 0x6b,
  0x46, 0x73, 0x25, 0x6b, 0x66, 0x73, 0x26, 0x6b, 0xe5, 0x62, 0x05, 0x63,
  0xe5, 0x62, 0xe5, 0x62, 0x06, 0x73, 0x46, 0x5a, 0x06, 0x73, 0x66, 0x62,
  0x26, 0x42, 0xc5, 0x62, 0xe6, 0x41, 0xa6, 0x62, 0x05, 0x73, 0xc6, 0x6a,
  0x05, 0x6b, 0xc5, 0x6a, 0xe6, 0x49, 0x86, 0x52, 0x46, 0x5a, 0x46, 0x52,
  0x66, 0x73, 0x25, 0x6b, 0x66, 0x73, 0x25, 0x6b, 0xe5, 0x5a, 0xa5, 0x5a,
  0xc5, 0x5a, 0xc5, 0x5a, 0x67, 0x7b, 0x45, 0x6b, 0x87, 0x7b, 0x25, 0x6b,
  0xe5, 0x5a, 0xa5, 0x5a, 0xc5, 0x5a, 0xc6, 0x62, 0xe5, 0x62, 0x85, 0x62,
  0xc5, 0x62, 0xa4, 0x5a, 0x25, 0x52, 0x06, 0x42, 0x45, 0x5a, 0xe6, 0x41,
  0x85, 0x5a, 0x84, 0x5a, 0xc5, 0x62, 0x85, 0x5a, 0x45, 0x52, 0xc6, 0x39,
  0x65, 0x52, 0xc6, 0x39, 0xc5, 0x62, 0xe6, 0x41, 0xc5, 0x5a, 0x85, 0x62,
  0xe5, 0x39, 0x65, 0x4a, 0xe6, 0x41, 0x25, 0x42, 0x85, 0x52, 0xc5, 0x62,
  0x26, 0x42, 0x85, 0x52, 0x45, 0x5a, 0xc5, 0x39, 0x85, 0x62, 0xe5, 0x41,
  0xa4, 0x5a, 0xe5, 0x62, 0x45, 0x4a, 0xa4, 0x5a, 0xa4, 0x5a, 0x64, 0x52,
  0xc4, 0x5a, 0xa4, 0x52, 0x25, 0x4a, 0x44, 0x4a, 0xc5, 0x39, 0x25, 0x4a,
  0xa4, 0x52, 0xe4, 0x5a, 0x64, 0x52, 0x84, 0x52, 0xe6, 0x41, 0x85, 0x52,
  0xe6, 0x41, 0x25, 0x4a, 0xc5, 0x5a, 0x65, 0x5a, 0x85, 0x52, 0x85, 0x5a,
  0x26, 0x52, 0xe6, 0x41, 0x46, 0x5a, 0xc6, 0x39, 0x85, 0x5a, 0xa5, 0x62,
  0x65, 0x52, 0xa5, 0x62, 0xc6, 0x39, 0x05, 0x42, 0xc5, 0x41, 0xc5, 0x39,
  0x25, 0x4a, 0x64, 0x52, 0x05, 0x42, 0x45, 0x52, 0x45, 0x5a, 0xa5, 0x39,
  0xa5, 0x62, 0xe5, 0x41, 0xc5, 0x39, 0x25, 0x52, 0xa5, 0x39, 0xc5, 0x41,
  0x64, 0x52, 0x64, 0x52, 0x64, 0x52, 0x64, 0x52, 0x64, 0x52, 0x64, 0x52,
  0x84, 0x52, 0x84, 0x52, 0x84, 0x52, 0x64, 0x4a, 0xa4, 0x5a, 0x44, 0x4a,
  0x64, 0x4a, 0x24, 0x4a, 0x64, 0x52, 0x44, 0x4a, 0x84, 0x5a, 0xc4, 0x5a,
  0xa4, 0x5a, 0xc3, 0x5a, 0xa4, 0x5a, 0xc4, 0x5a, 0xc3, 0x5a, 0xa4, 0x52,
  0x84, 0x5a, 0x84, 0x5a, 0x64, 0x4a, 0x23, 0x4a, 0x43, 0x4a, 0x83, 0x5a,
  0x64, 0x52, 0x63, 0x52, 0x84, 0x52, 0x84, 0x5a, 0x44, 0x52, 0x64, 0x5a,
  0x44, 0x4a, 0x44, 0x4a, 0x03, 0x42, 0xe4, 0x39, 0x65, 0x5a, 0x64, 0x5a,
  0x45, 0x52, 0xa5, 0x62, 0x84, 0x5a, 0x24, 0x4a, 0xa5, 0x62, 0x45, 0x52,
  0x64, 0x52, 0x84, 0x52, 0x24, 0x4a, 0x44, 0x4a, 0x84, 0x52, 0x83, 0x52,
  0x63, 0x52, 0x84, 0x52, 0x25, 0x4a, 0x64, 0x5a, 0xc4, 0x39, 0x04, 0x4a,
  0x63, 0x5a, 0x63, 0x52, 0xe3, 0x49, 0x83, 0x5a, 0x86, 0x62, 0xc6, 0x41,
  0xa6, 0x6a, 0xe6, 0x41, 0x45, 0x4a, 0x86, 0x62, 0xe6, 0x41, 0x86, 0x62,
  0xa5, 0x62, 0x27, 0x52, 0xe6, 0x6a, 0x46, 0x5a, 0xe6, 0x41, 0x65, 0x5a,
  0xc6, 0x41, 0x45, 0x52, 0xa5, 0x6a, 0x25, 0x52, 0xc5, 0x6a, 0x65, 0x5a,
  0xa5, 0x39, 0x05, 0x4a, 0xa5, 0x31, 0xe5, 0x41, 0xc5, 0x62, 0xa5, 0x62,
  0xa5, 0x62, 0x85, 0x62, 0xc6, 0x39, 0xe5, 0x39, 0xe6, 0x49, 0xa5, 0x39,
  0xc5, 0x62, 0x86, 0x62, 0xc5, 0x62, 0xa7, 0x6a, 0xe6, 0x41, 0x25, 0x4a,
  0xe6, 0x41, 0x06, 0x42, 0xa6, 0x62, 0xa6, 0x6a, 0x86, 0x5a, 0xa6, 0x6a,
  0xe6, 0x41, 0xe6, 0x41, 0x06, 0x4a, 0xc6, 0x39, 0x85, 0x62, 0xa5, 0x6a,
  0x85, 0x62, 0xa6, 0x6a, 0x45, 0x5a, 0xa5, 0x39, 0x45, 0x5a, 0xc6, 0x39,
  0x85, 0x5a, 0xc5, 0x62, 0x45, 0x4a, 0xa4, 0x62, 0x25, 0x52, 0xc5, 0x39,
  0x45, 0x5a, 0xa5, 0x31, 0x25, 0x52, 0x64, 0x52, 0xe5, 0x49, 0x65, 0x52,
  0x64, 0x52, 0x64, 0x4a, 0x84, 0x52, 0xa4, 0x5a, 0x05, 0x4a, 0x64, 0x52,
  0xe5, 0x49, 0x25, 0x52, 0x44, 0x52, 0x84, 0x52, 0x24, 0x4a, 0x64, 0x52,
  0x04, 0x42, 0x04, 0x42, 0x24, 0x4a, 0x04, 0x3a, 0x24, 0x4a, 0x44, 0x4a,
  0x24, 0x4a, 0x24, 0x42, 0x64, 0x52, 0x04, 0x3a, 0x44, 0x52, 0x24, 0x4a,
  0x24, 0x42, 0x84, 0x52, 0xe4, 0x39, 0x64, 0x4a, 0xc5, 0x41, 0x45, 0x52,
  0x05, 0x42, 0x24, 0x4a, 0x44, 0x4a, 0x84, 0x5a, 0x24, 0x4a, 0x84, 0x52,
  0xe5, 0x41, 0x25, 0x52, 0xc5, 0x39, 0x05, 0x4a, 0x24, 0x4a, 0x64, 0x4a,
  0x24, 0x4a, 0x44, 0x4a, 0x24, 0x4a, 0x24, 0x4a, 0x44, 0x4a, 0xe4, 0x39,
  0x04, 0x42, 0x24, 0x42, 0xc3, 0x39, 0x03, 0x42, 0x24, 0x42, 0x04, 0x42,
  0x24, 0x42, 0x04, 0x3a, 0x03, 0x42, 0x03, 0x42, 0xc3, 0x39, 0x44, 0x52,
  0x6b, 0x7b, 0x6b, 0x7b, 0x6b, 0x7b, 0x6b, 0x7b, 0x6b, 0x7b, 0x6b, 0x7b,
  0x6b, 0x7b, 0x6b, 0x7b, 0x6b, 0x7b, 0x6b, 0x7b, 0x6b, 0x7b, 0x6b, 0x7b,
  0x6b, 0x7b, 0x6b, 0x7b, 0x6b, 0x7b, 0x6b, 0x7b, 0x6b, 0x7b, 0x6b, 0x7b,
  0x6b, 0x7b, 0x6b, 0x7b, 0x6b, 0x7b, 0x6b, 0x7b, 0x6b, 0x7b, 0x6b, 0x7b,
  0x6b, 0x7b, 0x6b, 0x7b, 0x6b, 0x7b, 0x6b, 0x7b, 0x6b, 0x7b, 0x6b, 0x7b,
  0x6b, 0x7b, 0x6b, 0x7b, 0x6b, 0x7b, 0x6b, 0x7b, 0x6b, 0x7b, 0x6b, 0x7b,
  0x6b, 0x7b, 0x6b, 0x7b, 0x6b, 0x7b, 0x6b, 0x7b, 0x6b, 0x7b, 0x6b, 0x7b,
  0x6b, 0x7b, 0x6b, 0x7b, 0x6b, 0x7b, 0x6b, 0x7b, 0x6b, 0x7b, 0x6b, 0x7b,
  0x6b, 0x7b, 0x6b, 0x7b, 0x6b, 0x7b, 0x6b, 0x7b, 0x6b, 0x7b, 0x6b, 0x7b,
  0x6b, 0x7b, 0x6b, 0x7b, 0x6b, 0x7b, 0x6b, 0x7b, 0x6b, 0x7b, 0x6b, 0x7b,
  0x6b, 0x7b, 0x6b, 0x7b, 0x6b, 0x7b, 0x6b, 0x7b, 0x6b, 0x7b, 0x6b, 0x7b,
  0x6b, 0x7b, 0x6b, 0x7b, 0x6b, 0x7b, 0x6b, 0x7b, 0x6b, 0x7b, 0x6b, 0x7b,
  0x6b, 0x7b, 0x6b, 0x7b, 0x6b, 0x7b, 0x6b, 0x7b, 0x6b, 0x7b, 0x6b, 0x7b,
  0x6b, 0x7b, 0x6b, 0x7b, 0x6b, 0x7b, 0x6b, 0x7b, 0x6b, 0x7b, 0x6b, 0x7b,
  0x6b, 0x7b, 0x6b, 0x7b, 0x6b, 0x7b, 0x6b, 0x7b, 0x6b, 0x7b, 0x6b, 0x7b,
  0x6b, 0x7b, 0x6b, 0x7b, 0x6b, 0x7b, 0x6b, 0x7b, 0x6b, 0x7b, 0x6b, 0x7b,
  0x6b, 0x7b, 0x6b, 0x7b, 0x6b, 0x7b, 0x6b, 0x7b, 0x6b, 0x7b, 0x6b, 0x7b,
  0x6b, 0x7b, 0x6b, 0x7b, 0x6b, 0x7b, 0x6b, 0x7b, 0x6b, 0x7b, 0x6b, 0x7b,
  0x6b, 0x7b, 0x6b, 0x7b, 0x6b, 0x7b, 0x6b, 0x7b, 0x6b, 0x7b, 0x6b, 0x7b,
  0x6b, 0x7b, 0x6b, 0x7b, 0x6b, 0x7b, 0x6b, 0x7b, 0x6b, 0x7b, 0x6b, 0x7b,
  0x6b, 0x7b, 0x6b, 0x7b, 0x6b, 0x7b, 0x6b, 0x7b, 0x6b, 0x7b, 0x6b, 0x7b,
  0x6b, 0x7b, 0x6b, 0x7b, 0x6a, 0x7b, 0x6b, 0x7b, 0x49, 0x73, 0x2a, 0x73,
  0x6b, 0x7b, 0x6b, 0x7b, 0x6a, 0x7b, 0x6b, 0x7b, 0x47, 0x73, 0x88, 0x83,
  0xe6, 0x72, 0xe6, 0x6a, 0x29, 0x73, 0x4a, 0x73, 0x67, 0x7b, 0x88, 0x7b,
  0x6b, 0x7b, 0x6b, 0x7b, 0x6b, 0x7b, 0x6b, 0x7b, 0x6b, 0x7b, 0x6b, 0x7b,
  0x6b, 0x7b, 0x6b, 0x7b, 0x6b, 0x7b, 0x6b, 0x7b, 0x4a, 0x73, 0x6a, 0x7b,
  0x6b, 0x7b, 0x6b, 0x7b, 0x6b, 0x7b, 0x6b, 0x7b, 0xe5, 0x72, 0xe6, 0x72,
  0xa5, 0x62, 0x05, 0x6b, 0x07, 0x73, 0x47, 0x73, 0xe6, 0x6a, 0x06, 0x73,
  0x24, 0x73, 0xc5, 0x62, 0xe4, 0x62, 0xc4, 0x62, 0xe5, 0x6a, 0xe6, 0x6a,
  0xa4, 0x5a, 0xc5, 0x62, 0xa8, 0x83, 0x49, 0x73, 0x27, 0x73, 0x87, 0x83,
  0x6a, 0x73, 0x6b, 0x7b, 0x89, 0x83, 0x4a, 0x73, 0x06, 0x73, 0x27, 0x7b,
  0x25, 0x73, 0x06, 0x6b, 0x67, 0x7b, 0xc8, 0x8b, 0x06, 0x73, 0x46, 0x73,
  0x6b, 0x7b, 0x6b, 0x7b, 0x6b, 0x7b, 0x6b, 0x7b, 0x6b, 0x7b, 0x6b, 0x7b,
  0x6b, 0x7b, 0x6b, 0x7b, 0x6b, 0x7b, 0x6b, 0x7b, 0x6b, 0x7b, 0x6b, 0x7b,
  0x6b, 0x7b, 0x6b, 0x7b, 0x6b, 0x7b, 0x6b, 0x7b, 0x6b, 0x7b, 0x6b, 0x7b,
  0x6b, 0x7b, 0x6b, 0x7b, 0x6b, 0x7b, 0x6b, 0x7b, 0x6b, 0x7b, 0x6b, 0x7b,
  0x6b, 0x7b, 0x6b, 0x7b, 0x6b, 0x7b, 0x6b, 0x7b, 0x6b, 0x7b, 0x6b, 0x7b,
  0x6b, 0x7b, 0x6b, 0x7b, 0x6b, 0x7b, 0x6b, 0x7b, 0x6b, 0x7b, 0x6b, 0x7b,
  0x6b, 0x7b, 0x6b, 0x7b, 0x6b, 0x7b, 0x6b, 0x7b, 0x4a, 0x73, 0x6b, 0x7b,
  0xc8, 0x8b, 0x6a, 0x7b, 0x6b, 0x7b, 0x6b, 0x7b, 0x6a, 0x7b, 0x6b, 0x7b,
  0x6b, 0x7b, 0x6b, 0x7b, 0x6b, 0x7b, 0x6b, 0x7b, 0x6b, 0x7b, 0x6b, 0x7b,
  0x6b, 0x7b, 0x6b, 0x7b, 0x6b, 0x7b, 0x6b, 0x7b, 0x6b, 0x7b, 0x6b, 0x7b,
  0x6b, 0x7b, 0x6b, 0x7b, 0x6b, 0x7b, 0x6b, 0x7b, 0x6b, 0x7b, 0x6b, 0x7b,
  0x6b, 0x7b, 0x6b, 0x7b, 0x6b, 0x7b, 0x6b, 0x7b, 0x6b, 0x7b, 0x6b, 0x7b,
  0x6b, 0x7b, 0x6b, 0x7b, 0x6b, 0x7b, 0x6b, 0x7b, 0x6b, 0x7b, 0x6b, 0x7b,
  0x6b, 0x7b, 0x6b, 0x7b, 0x6b, 0x7b, 0x6b, 0x7b, 0x6b, 0x7b, 0x6b, 0x7b,
  0x6b, 0x7b, 0x6b, 0x7b, 0x6b, 0x7b, 0x6b, 0x7b, 0x6b, 0x7b, 0x6b, 0x7b,
  0x6b, 0x7b, 0x6b, 0x7b, 0x6b, 0x7b, 0x6b, 0x7b, 0x6b, 0x7b, 0x6b, 0x7b,
  0x6b, 0x7b, 0x6b, 0x7b, 0x6b, 0x7b, 0x6b, 0x7b, 0x6b, 0x7b, 0x6b, 0x7b,
  0x6b, 0x7b, 0x6b, 0x7b, 0x6b, 0x7b, 0x6b, 0x7b, 0x6b, 0x7b, 0x6b, 0x7b,
  0x6b, 0x7b, 0x6b, 0x7b, 0x6b, 0x7b, 0x6b, 0x7b, 0x6b, 0x7b, 0x6b, 0x7b,
  0x6b, 0x7b, 0x6b, 0x7b, 0x6b, 0x7b, 0x6b, 0x7b, 0x6b, 0x7b, 0x6b, 0x7b,
  0x6b, 0x7b, 0x6b, 0x7b, 0x6b, 0x7b, 0x6b, 0x7b, 0x6b, 0x7b, 0x6b, 0x7b,
  0x6b, 0x7b, 0x6b, 0x7b, 0x6b, 0x7b, 0x6b, 0x7b, 0x6b, 0x7b, 0x6b, 0x7b,
  0x6b, 0x7b, 0x6b, 0x7b, 0x6b, 0x7b, 0x6b, 0x7b, 0x6b, 0x7b, 0x6b, 0x7b,
  0x6b, 0x7b, 0x6b, 0x7b, 0x6b, 0x7b, 0x6b, 0x7b, 0x6b, 0x7b, 0x6b, 0x7b,
  0x6b, 0x7b, 0x6b, 0x7b, 0x6b, 0x7b, 0x6b, 0x7b, 0x6b, 0x7b, 0x6b, 0x7b,
  0x6b, 0x7b, 0x6b, 0x7b, 0x6b, 0x7b, 0x6b, 0x7b, 0x6b, 0x7b, 0x6b, 0x7b,
  0x6b, 0x7b, 0x6b, 0x7b, 0x6b, 0x7b, 0x6b, 0x7b, 0x6b, 0x7b, 0x6b, 0x7b,
  0x6b, 0x7b, 0x6b, 0x7b, 0x6b, 0x7b, 0x6b, 0x7b, 0x6b, 0x7b, 0x6b, 0x7b,
  0x6b, 0x7b, 0x6b, 0x7b, 0x6b, 0x7b, 0x6b, 0x7b, 0x6b, 0x7b, 0x6b, 0x7b,
  0x6b, 0x7b, 0x6b, 0x7b, 0x6b, 0x7b, 0x6b, 0x7b, 0x6b, 0x7b, 0x6b, 0x7b,
  0x6b, 0x7b, 0x6b, 0x7b, 0x6b, 0x7b, 0x6b, 0x7b, 0x6b, 0x7b, 0x6b, 0x7b,
  0x6b, 0x7b, 0x6b, 0x7b, 0x6b, 0x7b, 0x6b, 0x7b, 0x6b, 0x7b, 0x6b, 0x7b,
  0x6b, 0x7b, 0x6b, 0x7b, 0x6b, 0x7b, 0x6b, 0x7b, 0x6b, 0x7b, 0x6b, 0x7b,
  0x6b, 0x7b, 0x6b, 0x7b, 0x6b, 0x7b, 0x6b, 0x7b, 0x6b, 0x7b, 0x6b, 0x7b,
  0x6b, 0x7b, 0x6b, 0x7b, 0x6b, 0x7b, 0x6b, 0x7b, 0x6b, 0x7b, 0x6b, 0x7b,
  0x6b, 0x7b, 0x6b, 0x7b, 0x6b, 0x7b, 0x6b, 0x7b, 0x6b, 0x7b, 0x6b, 0x7b,
  0x6b, 0x7b, 0x6b, 0x7b, 0x6b, 0x7b, 0x6b, 0x7b, 0x6b, 0x7b, 0x6b, 0x7b,
  0x6b, 0x7b, 0x6b, 0x7b, 0x6b, 0x7b, 0x6b, 0x7b, 0x6b, 0x7b, 0x6b, 0x7b,
  0x6b, 0x7b, 0x6b, 0x7b, 0x6b, 0x7b, 0x6b, 0x7b, 0x6b, 0x7b, 0x6b, 0x7b,
  0x6b, 0x7b, 0x6b, 0x7b, 0x6b, 0x7b, 0x6b, 0x7b, 0x6b, 0x7b, 0x6b, 0x7b,
  0x6b, 0x7b, 0x6b, 0x7b, 0x6b, 0x7b, 0x6b, 0x7b, 0x6b, 0x7b, 0x6b, 0x7b,
  0x6b, 0x7b, 0x6b, 0x7b, 0x6b, 0x7b, 0x6b, 0x7b, 0x6b, 0x7b, 0x6b, 0x7b,
  0x6b, 0x7b, 0x6b, 0x7b, 0x6b, 0x7b, 0x6b, 0x7b, 0x6b, 0x7b, 0x6b, 0x7b,
  0x6b, 0x7b, 0x6b, 0x7b, 0x6b, 0x7b, 0x6b, 0x7b, 0x6b, 0x7b, 0x6b, 0x7b,
  0x6b, 0x7b, 0x6b, 0x7b, 0x6b, 0x7b, 0x6b, 0x7b, 0x6b, 0x7b, 0x6b, 0x7b,
  0x6b, 0x7b, 0x6b, 0x7b, 0x6b, 0x7b, 0x6b, 0x7b, 0x6b, 0x7b, 0x6b, 0x7b,
  0x6b, 0x7b, 0x6b, 0x7b, 0x6b, 0x7b, 0x6b, 0x7b, 0x6b, 0x7b, 0x6b, 0x7b,
  0x6b, 0x7b, 0x6b, 0x7b, 0x6b, 0x7b, 0x6b, 0x7b, 0x6b, 0x7b, 0x6b, 0x7b,
  0x6b, 0x7b, 0x6b, 0x7b, 0x6b, 0x7b, 0x6b, 0x7b, 0x6b, 0x7b, 0x6b, 0x7b,
  0x6b, 0x7b, 0x6b, 0x7b, 0x6b, 0x7b, 0x6b, 0x7b, 0x6b, 0x7b, 0x6b, 0x7b,
  0x6b, 0x7b, 0x6b, 0x7b, 0x6b, 0x7b, 0x6b, 0x7b, 0x6b, 0x7b, 0x6b, 0x7b,
  0x6b, 0x7b, 0x6b, 0x7b, 0x6b, 0x7b, 0x6b, 0x7b, 0x6b, 0x7b, 0x6b, 0x7b,
  0x6b, 0x7b, 0x6b, 0x7b, 0x6b, 0x7b, 0x6b, 0x7b, 0x6b, 0x7b, 0x6b, 0x7b,
  0x6b, 0x7b, 0x6b, 0x7b, 0x04, 0x6b, 0xc4, 0x5a, 0x83, 0x5a, 0xc3, 0x62,
  0xa4, 0x62, 0xc4, 0x6a, 0xa4, 0x5a, 0xa3, 0x5a, 0xa3, 0x5a, 0xc4, 0x62,
  0x83, 0x52, 0xc4, 0x5a, 0xc4, 0x62, 0xa4, 0x5a, 0xe3, 0x62, 0xc4, 0x5a,
  0x64, 0x52, 0xe4, 0x6a, 0xe4, 0x6a, 0xa4, 0x62, 0xe5, 0x6a, 0x06, 0x73,
  0xc4, 0x62, 0x05, 0x6b, 0x83, 0x52, 0xa4, 0x62, 0xa4, 0x5a, 0xa4, 0x5a,
  0xa4, 0x62, 0xc5, 0x6a, 0xa3, 0x62, 0x64, 0x52, 0xa3, 0x52, 0x83, 0x52,
  0x83, 0x52, 0xa3, 0x52, 0xc3, 0x5a, 0xe4, 0x62, 0x63, 0x4a, 0x83, 0x5a,
  0x44, 0x4a, 0x84, 0x52, 0x64, 0x52, 0x43, 0x4a, 0xa3, 0x52, 0x83, 0x52,
  0x83, 0x4a, 0x83, 0x52, 0xe3, 0x62, 0xc4, 0x5a, 0xe3, 0x62, 0xe4, 0x62,
  0xe3, 0x62, 0xe3, 0x62, 0xc3, 0x5a, 0xc3, 0x62, 0xa3, 0x5a, 0xc3, 0x5a,
  0xa3, 0x52, 0xa3, 0x52, 0xe3, 0x62, 0xa4, 0x5a, 0xe3, 0x5a, 0xc3, 0x5a,
  0xe6, 0x6a, 0xa7, 0x83, 0x05, 0x73, 0x06, 0x6b, 0x89, 0x7b, 0x6a, 0x7b,
  0xc7, 0x8b, 0x89, 0x7b, 0x05, 0x73, 0x05, 0x6b, 0xa5, 0x62, 0xe5, 0x6a,
  0xc6, 0x6a, 0x47, 0x73, 0xe5, 0x6a, 0xe6, 0x6a, 0x6b, 0x7b, 0x6b, 0x7b,
  0x6b, 0x7b, 0x6b, 0x7b, 0x6b, 0x7b, 0x6b, 0x7b, 0x6b, 0x7b, 0x6b, 0x7b,
  0x89, 0x7b, 0x6a, 0x7b, 0x87, 0x7b, 0xa9, 0x83, 0x6b, 0x7b, 0x6b, 0x7b,
  0x6b, 0x7b, 0x6b, 0x7b, 0x44, 0x4a, 0xa4, 0x62, 0x04, 0x6b, 0x64, 0x52,
  0x05, 0x6b, 0x06, 0x6b, 0xc3, 0x62, 0x25, 0x73, 0xa3, 0x5a, 0x24, 0x73,
  0xc3, 0x62, 0x83, 0x52, 0x84, 0x5a, 0xe4, 0x6a, 0xe4, 0x6a, 0xc4, 0x5a,
  0xe6, 0x6a, 0x87, 0x7b, 0x06, 0x6b, 0xe6, 0x6a, 0x89, 0x83, 0x6a, 0x7b,
  0x67, 0x7b, 0x89, 0x7b, 0xe5, 0x6a, 0x05, 0x6b, 0xe4, 0x62, 0xc4, 0x62,
  0xe6, 0x6a, 0xa8, 0x83, 0x06, 0x63, 0xe6, 0x6a, 0x63, 0x52, 0x63, 0x52,
  0x03, 0x42, 0x43, 0x4a, 0x43, 0x42, 0x63, 0x52, 0xa4, 0x5a, 0x84, 0x5a,
  0x44, 0x4a, 0x03, 0x42, 0x44, 0x4a, 0x63, 0x4a, 0xe3, 0x39, 0x83, 0x5a,
  0x43, 0x4a, 0x63, 0x4a, 0xa4, 0x5a, 0x83, 0x52, 0x84, 0x52, 0xc4, 0x5a,
  0xa3, 0x52, 0xc2, 0x5a, 0x83, 0x52, 0xa3, 0x52, 0x64, 0x52, 0x64, 0x52,
  0x64, 0x4a, 0xa4, 0x52, 0x64, 0x5a, 0x83, 0x52, 0xa4, 0x5a, 0x44, 0x4a,
  0x84, 0x52, 0x43, 0x4a, 0xe3, 0x39, 0x23, 0x4a, 0x23, 0x42, 0x43, 0x4a,
  0x23, 0x42, 0x23, 0x42, 0x24, 0x4a, 0xe3, 0x39, 0x44, 0x5a, 0x23, 0x42,
  0x03, 0x42, 0x43, 0x4a, 0x03, 0x42, 0x43, 0x4a, 0x23, 0x42, 0x63, 0x52,
  0x23, 0x4a, 0x23, 0x42, 0xa4, 0x5a, 0x43, 0x4a, 0x83, 0x52, 0x83, 0x52,
  0x24, 0x42, 0x43, 0x4a, 0x23, 0x42, 0x23, 0x42, 0x64, 0x4a, 0x83, 0x52,
  0x43, 0x4a, 0x43, 0x4a, 0xc3, 0x5a, 0xc3, 0x62, 0xc3, 0x5a, 0xc3, 0x5a,
  0xa3, 0x5a, 0xe4, 0x62, 0xe4, 0x62, 0xe4, 0x62, 0xa3, 0x52, 0xe3, 0x5a,
  0x43, 0x42, 0xc3, 0x5a, 0xc3, 0x5a, 0xe4, 0x62, 0xa3, 0x52, 0xe3, 0x62,
  0x04, 0x6b, 0xc4, 0x62, 0xc4, 0x62, 0xc4, 0x62, 0xe5, 0x6a, 0xe6, 0x62,
  0xe4, 0x6a, 0xc5, 0x62, 0xe4, 0x62, 0xe4, 0x62, 0xc3, 0x62, 0xc4, 0x5a,
  0xc4, 0x62, 0x05, 0x6b, 0xe4, 0x6a, 0xa5, 0x5a, 0x44, 0x4a, 0x03, 0x4a,
  0x63, 0x52, 0xc4, 0x5a, 0xc2, 0x5a, 0xa3, 0x52, 0x63, 0x52, 0xa3, 0x5a,
  0xc3, 0x5a, 0xa4, 0x5a, 0xa4, 0x52, 0x84, 0x52, 0x84, 0x52, 0x83, 0x5a,
  0xa3, 0x52, 0x83, 0x52, 0xe3, 0x62, 0x84, 0x52, 0xa4, 0x5a, 0xc4, 0x62,
  0xa3, 0x5a, 0x04, 0x73, 0x84, 0x52, 0xe4, 0x6a, 0x83, 0x52, 0xa3, 0x5a,
  0x83, 0x52, 0x23, 0x42, 0x83, 0x52, 0x44, 0x4a, 0xc2, 0x5a, 0x43, 0x4a,
  0x6b, 0x7b, 0x6b, 0x7b, 0x6b, 0x7b, 0x6b, 0x7b, 0x6b, 0x7b, 0x6b, 0x7b,
  0x6b, 0x7b, 0x6b, 0x7b, 0x6b, 0x7b, 0x6b, 0x7b, 0x6b, 0x7b, 0x6b, 0x7b,
  0x6b, 0x7b, 0x6b, 0x7b, 0x6b, 0x7b, 0x6b, 0x7b, 0x6b, 0x7b, 0x6b, 0x7b,
  0x6b, 0x7b, 0x6b, 0x7b, 0x6b, 0x7b, 0x6b, 0x7b, 0x6b, 0x7b, 0x6b, 0x7b,
  0x6b, 0x7b, 0x6b, 0x7b, 0x6b, 0x7b, 0x6b, 0x7b, 0x6b, 0x7b, 0x6b, 0x7b,
  0x6b, 0x7b, 0x6b, 0x7b, 0x6b, 0x7b, 0x6b, 0x7b, 0x6a, 0x7b, 0x6b, 0x7b,
  0x6b, 0x7b, 0x6b, 0x7b, 0x6b, 0x7b, 0x6b, 0x7b, 0xaa, 0x83, 0x6b, 0x7b,
  0xa8, 0x83, 0x6a, 0x7b, 0x6b, 0x7b, 0x6b, 0x7b, 0x6b, 0x7b, 0x6b, 0x7b,
  0x6b, 0x7b, 0x6b, 0x7b, 0x6b, 0x7b, 0x6b, 0x7b, 0x6b, 0x7b, 0x6b, 0x7b,
  0x6b, 0x7b, 0x6b, 0x7b, 0x6b, 0x7b, 0x6b, 0x7b, 0x6b, 0x7b, 0x6b, 0x7b,
  0x6b, 0x7b, 0x6b, 0x7b, 0x6b, 0x7b, 0x6b, 0x7b, 0x6b, 0x7b, 0x6b, 0x7b,
  0x6b, 0x7b, 0x6b, 0x7b, 0x6b, 0x7b, 0x6b, 0x7b, 0x6b, 0x7b, 0x6b, 0x7b,
  0x6b, 0x7b, 0x6b, 0x7b, 0x6b, 0x7b, 0x6b, 0x7b, 0x6b, 0x7b, 0x6b, 0x7b,
  0x6b, 0x7b, 0x6b, 0x7b, 0x6b, 0x7b, 0x6b, 0x7b, 0x6b, 0x7b, 0x6b, 0x7b,
  0x6b, 0x7b, 0x6b, 0x7b, 0x6b, 0x7b, 0x6b, 0x7b, 0x6b, 0x7b, 0x6b, 0x7b,
  0x6b, 0x7b, 0x6b, 0x7b, 0x6b, 0x7b, 0x6b, 0x7b, 0x6b, 0x7b, 0x6b, 0x7b,
  0x6b, 0x7b, 0x6b, 0x7b, 0x6b, 0x7b, 0x6b, 0x7b, 0x6b, 0x7b, 0x6b, 0x7b,
  0x6b, 0x7b, 0x6b, 0x7b, 0x6b, 0x7b, 0x6b, 0x7b, 0x6b, 0x7b, 0x6b, 0x7b,
  0x6b, 0x7b, 0x6b, 0x7b, 0x6b, 0x7b, 0x6b, 0x7b, 0x6b, 0x7b, 0x6b, 0x7b,
  0x6b, 0x7b, 0x6b, 0x7b, 0x6b, 0x7b, 0x6b, 0x7b, 0x6b, 0x7b, 0x6b, 0x7b,
  0x6b, 0x7b, 0x6b, 0x7b, 0x6b, 0x7b, 0x6b, 0x7b, 0x6b, 0x7b, 0x6b, 0x7b,
  0x6b, 0x7b, 0x6b, 0x7b, 0x27, 0x73, 0xe8, 0x8b, 0x06, 0x6b, 0x27, 0x6b,
  0x6a, 0x7b, 0x6b, 0x7b, 0xc8, 0x8b, 0x6a, 0x7b, 0x85, 0x52, 0xe6, 0x6a,
  0x05, 0x6b, 0xa6, 0x52, 0x27, 0x6b, 0xc9, 0x83, 0x06, 0x6b, 0x87, 0x7b,
  0x6b, 0x7b, 0x6b, 0x7b, 0x6b, 0x7b, 0x6b, 0x7b, 0x6b, 0x7b, 0x6b, 0x7b,
  0x6b, 0x7b, 0x6b, 0x7b, 0x6a, 0x7b, 0x6b, 0x7b, 0x8a, 0x7b, 0x6b, 0x7b,
  0x6b, 0x7b, 0x6b, 0x7b, 0x6b, 0x7b, 0x6b, 0x7b, 0xa5, 0x62, 0x25, 0x73,
  0xc5, 0x62, 0xc5, 0x62, 0xc5, 0x5a, 0xe6, 0x62, 0xc5, 0x62, 0xe5, 0x62,
  0xe4, 0x62, 0x85, 0x5a, 0x43, 0x4a, 0x04, 0x6b, 0xc5, 0x62, 0xa5, 0x5a,
  0x65, 0x52, 0xe4, 0x62, 0xc8, 0x83, 0x6a, 0x7b, 0x27, 0x6b, 0xc9, 0x83,
  0x6b, 0x7b, 0x6b, 0x7b, 0x6a, 0x7b, 0x6b, 0x7b, 0x06, 0x6b, 0x87, 0x7b,
  0x85, 0x52, 0xe6, 0x6a, 0x8a, 0x7b, 0x6b, 0x7b, 0xe8, 0x8b, 0x6a, 0x7b,
  0x6b, 0x7b, 0x6b, 0x7b, 0x6b, 0x7b, 0x6b, 0x7b, 0x6b, 0x7b, 0x6b, 0x7b,
  0x6b, 0x7b, 0x6b, 0x7b, 0x6b, 0x7b, 0x6b, 0x7b, 0x6b, 0x7b, 0x6b, 0x7b,
  0x6b, 0x7b, 0x6b, 0x7b, 0x6b, 0x7b, 0x6b, 0x7b, 0x6b, 0x7b, 0x6b, 0x7b,
  0x6b, 0x7b, 0x6b, 0x7b, 0x6b, 0x7b, 0x6b, 0x7b, 0x6b, 0x7b, 0x6b, 0x7b,
  0x6b, 0x7b, 0x6b, 0x7b, 0x6b, 0x7b, 0x6b, 0x7b, 0x6b, 0x7b, 0x6b, 0x7b,
  0x6b, 0x7b, 0x6b, 0x7b, 0x6b, 0x7b, 0x6b, 0x7b, 0x6b, 0x7b, 0x6b, 0x7b,
  0x6b, 0x7b, 0x6b, 0x7b, 0x6b, 0x7b, 0x6b, 0x7b, 0x6b, 0x7b, 0x6b, 0x7b,
  0x6b, 0x7b, 0x6b, 0x7b, 0x6b, 0x7b, 0x6b, 0x7b, 0x6b, 0x7b, 0x6b, 0x7b,
  0x6b, 0x7b, 0x6b, 0x7b, 0x6b, 0x7b, 0x6b, 0x7b, 0x6b, 0x7b, 0x6b, 0x7b,
  0x6b, 0x7b, 0x6b, 0x7b, 0x6b, 0x7b, 0x6b, 0x7b, 0x6b, 0x7b, 0x6b, 0x7b,
  0x6b, 0x7b, 0x6b, 0x7b, 0x6b, 0x7b, 0x6b, 0x7b, 0x29, 0x94, 0x29, 0x94,
  0x29, 0x9c, 0x49, 0x9c, 0x28, 0x94, 0x28, 0x94, 0x28, 0x9c, 0x28, 0x94,
  0x29, 0x9c, 0x49, 0x9c, 0x4a, 0x9c, 0x28, 0x9c, 0x08, 0x94, 0x28, 0x94,
  0x28, 0x94, 0x08, 0x94, 0x08, 0x94, 0xe7, 0x8b, 0x28, 0x9c, 0xc8, 0x8b,
  0xa7, 0x83, 0x87, 0x7b, 0xa7, 0x83, 0x67, 0x73, 0xe8, 0x93, 0xe8, 0x93,
  0x08, 0x94, 0x08, 0x94, 0xe7, 0x8b, 0xc5, 0x7b, 0x07, 0x8c, 0xe6, 0x8b,
  0x49, 0x9c, 0x49, 0xa4, 0x69, 0x9c, 0x69, 0xa4, 0x28, 0x94, 0x29, 0x9c,
  0x28, 0x9c, 0x29, 0x9c, 0x89, 0xa4, 0x48, 0x9c, 0x89, 0xa4, 0x68, 0xa4,
  0x49, 0x9c, 0x28, 0x9c, 0x49, 0x9c, 0x28, 0x9c, 0xe8, 0x93, 0x28, 0x94,
  0x08, 0x9c, 0x28, 0x94, 0xc6, 0x83, 0xc6, 0x8b, 0x07, 0x94, 0xa6, 0x83,
  0x28, 0x9c, 0x27, 0x94, 0x28, 0x9c, 0xe7, 0x8b, 0xe7, 0x8b, 0xc5, 0x7b,
  0xa7, 0x83, 0x86, 0x7b, 0x46, 0x73, 0x25, 0x6b, 0x67, 0x73, 0x45, 0x73,
  0xc5, 0x5a, 0x86, 0x5a, 0xc5, 0x62, 0xc6, 0x62, 0xa7, 0x83, 0x86, 0x7b,
  0xa6, 0x83, 0x65, 0x83, 0xe5, 0x62, 0x85, 0x52, 0x25, 0x6b, 0xe6, 0x6a,
  0xe6, 0x6a, 0xc6, 0x6a, 0x27, 0x7b, 0xc6, 0x72, 0x65, 0x5a, 0xc6, 0x39,
  0x65, 0x5a, 0xc6, 0x41, 0xa6, 0x62, 0xc5, 0x72, 0xe6, 0x72, 0xc6, 0x6a,
  0x45, 0x5a, 0xe6, 0x41, 0x65, 0x5a, 0xe6, 0x41, 0xa5, 0x83, 0x85, 0x8b,
  0xa6, 0x8b, 0xa6, 0x8b, 0x46, 0x73, 0x06, 0x6b, 0x46, 0x7b, 0x06, 0x6b,
  0x86, 0x83, 0xa7, 0x93, 0x65, 0x7b, 0xa6, 0x83, 0x46, 0x7b, 0x06, 0x6b,
  0xe5, 0x6a, 0xe5, 0x6a, 0xe6, 0x6a, 0x85, 0x62, 0xc6, 0x62, 0xc5, 0x5a,
  0x85, 0x5a, 0xe6, 0x41, 0x85, 0x5a, 0x06, 0x4a, 0xc5, 0x62, 0xa5, 0x5a,
  0xc5, 0x62, 0xc5, 0x5a, 0x85, 0x5a, 0xe6, 0x49, 0x85, 0x5a, 0x26, 0x4a,
  0x69, 0xa4, 0x89, 0xa4, 0x8a, 0xac, 0x89, 0xa4, 0x69, 0xa4, 0x48, 0x9c,
  0xa8, 0xac, 0x67, 0xa4, 0xaa, 0xb4, 0x89, 0xac, 0xa9, 0xb4, 0x89, 0xa4,
  0xa9, 0xac, 0x88, 0xac, 0xa9, 0xa4, 0x88, 0xac, 0x27, 0x94, 0x07, 0x94,
  0x27, 0x9c, 0x48, 0x9c, 0x08, 0x94, 0xa7, 0x83, 0x08, 0x8c, 0xc7, 0x8b,
  0x47, 0x9c, 0x68, 0x9c, 0x68, 0xa4, 0x68, 0x9c, 0x08, 0x94, 0xe7, 0x8b,
  0x07, 0x94, 0xe7, 0x8b, 0x89, 0xac, 0x69, 0xa4, 0x89, 0xac, 0x89, 0xac,
  0xa9, 0xa4, 0xa8, 0xac, 0x89, 0xa4, 0x88, 0xac, 0xa9, 0xac, 0x68, 0xa4,
  0x88, 0xa4, 0x28, 0x9c, 0x68, 0x9c, 0x68, 0xa4, 0x48, 0x9c, 0x49, 0x9c,
  0x67, 0xa4, 0x27, 0x9c, 0x67, 0xa4, 0x07, 0x94, 0x08, 0x94, 0xe8, 0x8b,
  0x08, 0x94, 0xc8, 0x83, 0x28, 0x94, 0x07, 0x94, 0xc7, 0x83, 0xe8, 0x93,
  0xc8, 0x8b, 0xc8, 0x83, 0xa8, 0x83, 0xa7, 0x83, 0xa7, 0x83, 0x86, 0x83,
  0xa7, 0x83, 0x86, 0x7b, 0x25, 0x6b, 0x05, 0x63, 0x26, 0x6b, 0x05, 0x63,
  0xa7, 0x7b, 0x86, 0x7b, 0xa7, 0x83, 0x86, 0x7b, 0x26, 0x6b, 0x06, 0x6b,
  0x26, 0x6b, 0x26, 0x6b, 0xe5, 0x62, 0xe5, 0x62, 0xe5, 0x62, 0xe5, 0x62,
  0x86, 0x62, 0x26, 0x4a, 0x66, 0x5a, 0x26, 0x4a, 0x05, 0x63, 0xe6, 0x62,
  0x26, 0x6b, 0x06, 0x6b, 0x66, 0x5a, 0x46, 0x4a, 0x87, 0x62, 0x86, 0x52,
  0xc7, 0x83, 0x86, 0x7b, 0xa7, 0x83, 0x66, 0x73, 0x46, 0x6b, 0x46, 0x6b,
  0x46, 0x6b, 0x26, 0x6b, 0xa6, 0x83, 0x66, 0x73, 0x86, 0x7b, 0x46, 0x73,
  0x46, 0x73, 0x46, 0x73, 0x06, 0x6b, 0x46, 0x73, 0x26, 0x73, 0xe6, 0x6a,
  0x26, 0x73, 0x07, 0x73, 0x67, 0x5a, 0xa6, 0x5a, 0x27, 0x4a, 0xc6, 0x62,
  0x06, 0x6b, 0xe7, 0x72, 0x27, 0x73, 0xc7, 0x72, 0x27, 0x52, 0xe6, 0x62,
  0x46, 0x52, 0xe6, 0x6a, 0x66, 0x5a, 0xa5, 0x6a, 0x46, 0x52, 0x85, 0x62,
  0x26, 0x52, 0xc6, 0x39, 0x26, 0x52, 0xc6, 0x39, 0x65, 0x4a, 0xa5, 0x6a,
  0x45, 0x4a, 0xc5, 0x6a, 0x26, 0x5a, 0xc6, 0x39, 0x26, 0x5a, 0xc6, 0x39,
  0x45, 0x52, 0xc5, 0x62, 0x45, 0x52, 0x85, 0x5a, 0x64, 0x5a, 0xa5, 0x39,
  0x64, 0x5a, 0xa4, 0x39, 0x45, 0x52, 0xa5, 0x62, 0x25, 0x4a, 0x85, 0x5a,
  0x85, 0x5a, 0xc4, 0x39, 0x85, 0x5a, 0xa4, 0x39, 0x66, 0x52, 0x85, 0x62,
  0xa6, 0x5a, 0x85, 0x62, 0x46, 0x5a, 0xc6, 0x39, 0x46, 0x5a, 0xc6, 0x39,
  0x65, 0x52, 0xa5, 0x62, 0xa6, 0x5a, 0xc5, 0x6a, 0x26, 0x5a, 0xc6, 0x39,
  0x66, 0x62, 0xc6, 0x39, 0xe5, 0x41, 0x65, 0x52, 0x25, 0x4a, 0x65, 0x52,
  0xa4, 0x5a, 0xc5, 0x39, 0xa5, 0x62, 0xc5, 0x41, 0x25, 0x52, 0x85, 0x5a,
  0x45, 0x4a, 0x85, 0x5a, 0xa5, 0x5a, 0xe5, 0x41, 0xa5, 0x62, 0xc5, 0x39,
  0xc5, 0x39, 0xe4, 0x49, 0xa5, 0x39, 0x05, 0x4a, 0x24, 0x42, 0x24, 0x4a,
  0x04, 0x42, 0x24, 0x4a, 0xc5, 0x39, 0x05, 0x42, 0xa5, 0x31, 0xe4, 0x41,
  0x24, 0x4a, 0x04, 0x42, 0xe4, 0x41, 0x24, 0x4a, 0x43, 0x42, 0x04, 0x3a,
  0xe3, 0x39, 0x03, 0x42, 0x03, 0x3a, 0x03, 0x3a, 0x03, 0x3a, 0xe3, 0x39,
  0xc4, 0x39, 0xc3, 0x31, 0x24, 0x42, 0xe3, 0x39, 0x24, 0x42, 0x43, 0x4a,
  0xc4, 0x39, 0xc3, 0x39, 0xa5, 0x31, 0x04, 0x42, 0xa5, 0x31, 0xe4, 0x41,
  0x04, 0x42, 0x24, 0x4a, 0x04, 0x42, 0x44, 0x4a, 0xc5, 0x39, 0x04, 0x42,
  0xa5, 0x31, 0x04, 0x42, 0x04, 0x42, 0x44, 0x4a, 0x25, 0x4a, 0x24, 0x42,
  0x44, 0x4a, 0xe4, 0x39, 0x44, 0x4a, 0x24, 0x42, 0x04, 0x42, 0xc4, 0x39,
  0x04, 0x3a, 0x04, 0x3a, 0x04, 0x42, 0x04, 0x42, 0x04, 0x3a, 0xe3, 0x39,
  0x24, 0x42, 0xc3, 0x31, 0x03, 0x42, 0x03, 0x42, 0xc5, 0x5a, 0xc6, 0x72,
  0xc5, 0x62, 0xe6, 0x72, 0x66, 0x62, 0xc6, 0x39, 0x46, 0x5a, 0xa6, 0x39,
  0xe6, 0x6a, 0xe6, 0x72, 0x06, 0x6b, 0xc6, 0x72, 0x47, 0x5a, 0xe6, 0x41,
  0x47, 0x5a, 0xe6, 0x41, 0x25, 0x4a, 0x65, 0x5a, 0x46, 0x52, 0xa6, 0x6a,
  0x85, 0x62, 0xc5, 0x39, 0x85, 0x62, 0xc5, 0x39, 0x66, 0x5a, 0xa5, 0x62,
  0x86, 0x5a, 0xc5, 0x62, 0xa5, 0x62, 0xe5, 0x39, 0xa5, 0x5a, 0xe5, 0x41,
  0x06, 0x6b, 0xe7, 0x72, 0x06, 0x6b, 0xc7, 0x72, 0x47, 0x5a, 0xe6, 0x41,
  0x27, 0x52, 0x06, 0x4a, 0x06, 0x73, 0xa7, 0x6a, 0xe6, 0x72, 0xa7, 0x6a,
  0x07, 0x4a, 0x26, 0x4a, 0x07, 0x42, 0x66, 0x52, 0xa6, 0x62, 0xc6, 0x62,
  0xa6, 0x62, 0xc6, 0x6a, 0xa5, 0x62, 0xe6, 0x41, 0x86, 0x62, 0xc5, 0x41,
  0xa6, 0x62, 0xc5, 0x6a, 0xc6, 0x6a, 0xc6, 0x6a, 0x45, 0x52, 0xe6, 0x41,
  0x25, 0x52, 0xe6, 0x41, 0xa5, 0x39, 0xe4, 0x41, 0xc5, 0x39, 0x25, 0x42,
  0x05, 0x4a, 0x24, 0x4a, 0x45, 0x4a, 0x45, 0x52, 0xc5, 0x31, 0x05, 0x42,
  0xc5, 0x39, 0x05, 0x42, 0x45, 0x4a, 0x24, 0x42, 0x45, 0x4a, 0x44, 0x4a,
  0x04, 0x42, 0xe3, 0x39, 0x04, 0x42, 0xc3, 0x31, 0x43, 0x42, 0x03, 0x42,
  0x24, 0x4a, 0x44, 0x4a, 0x04, 0x42, 0xc4, 0x39, 0x04, 0x42, 0x24, 0x42,
  0x03, 0x42, 0x63, 0x52, 0x04, 0x3a, 0x64, 0x52, 0xe5, 0x41, 0x05, 0x4a,
  0xe6, 0x41, 0xe5, 0x41, 0x65, 0x52, 0x65, 0x52, 0x45, 0x52, 0x24, 0x4a,
  0x06, 0x42, 0xe5, 0x41, 0xc6, 0x39, 0x06, 0x4a, 0x44, 0x4a, 0x25, 0x4a,
  0x45, 0x52, 0x24, 0x4a, 0x04, 0x42, 0x44, 0x4a, 0xe4, 0x39, 0x44, 0x4a,
  0x44, 0x4a, 0x44, 0x4a, 0x64, 0x4a, 0x24, 0x42, 0x04, 0x42, 0x44, 0x4a,
  0x64, 0x4a, 0x44, 0x4a, 0x64, 0x4a, 0x24, 0x42, 0x04, 0x42, 0x24, 0x42,
  0x68, 0xa4, 0x69, 0xa4, 0x68, 0xac, 0x69, 0xa4, 0x08, 0x9c, 0x07, 0x94,
  0x29, 0xa4, 0x08, 0x94, 0x69, 0xa4, 0x29, 0x9c, 0x69, 0xa4, 0x49, 0x9c,
  0x08, 0x9c, 0x08, 0x9c, 0x08, 0x9c, 0x28, 0x9c, 0xc7, 0x8b, 0xa7, 0x83,
  0xc7, 0x8b, 0xa7, 0x83, 0x87, 0x7b, 0xa6, 0x83, 0x66, 0x7b, 0x66, 0x7b,
  0xe8, 0x8b, 0xa7, 0x83, 0x08, 0x94, 0xc6, 0x83, 0x46, 0x73, 0x45, 0x7b,
  0x85, 0x7b, 0x45, 0x7b, 0x29, 0x9c, 0x28, 0x9c, 0xe9, 0x93, 0x29, 0x9c,
  0xe9, 0x9b, 0xe9, 0x93, 0xe9, 0x93, 0x09, 0x94, 0xa9, 0x8b, 0x09, 0x9c,
  0xa9, 0x8b, 0x09, 0x9c, 0x09, 0x9c, 0x09, 0x94, 0xe9, 0x9b, 0xe8, 0x93,
  0x08, 0x94, 0xe7, 0x8b, 0xe8, 0x93, 0xc8, 0x8b, 0xa6, 0x7b, 0x45, 0x7b,
  0x66, 0x7b, 0x45, 0x7b, 0xc8, 0x8b, 0xa8, 0x83, 0xa8, 0x83, 0xa8, 0x83,
  0x66, 0x73, 0x46, 0x7b, 0x87, 0x7b, 0x66, 0x83, 0x66, 0x7b, 0x45, 0x73,
  0x46, 0x73, 0x45, 0x73, 0x06, 0x73, 0x26, 0x6b, 0x46, 0x73, 0x26, 0x73,
  0xc5, 0x6a, 0x05, 0x6b, 0xe5, 0x72, 0x46, 0x7b, 0x26, 0x73, 0x26, 0x73,
  0x26, 0x73, 0x06, 0x6b, 0x27, 0x7b, 0xa7, 0x6a, 0x07, 0x73, 0x87, 0x62,
  0x67, 0x52, 0xc6, 0x6a, 0x66, 0x52, 0xe6, 0x72, 0x06, 0x73, 0x67, 0x5a,
  0xe6, 0x6a, 0x47, 0x52, 0xa6, 0x5a, 0xe6, 0x72, 0xa6, 0x62, 0xe5, 0x6a,
  0x26, 0x7b, 0x26, 0x7b, 0x26, 0x73, 0x26, 0x73, 0x05, 0x6b, 0x06, 0x6b,
  0xe5, 0x6a, 0x06, 0x6b, 0x26, 0x73, 0x06, 0x6b, 0x26, 0x73, 0x06, 0x6b,
  0x26, 0x73, 0x26, 0x6b, 0x06, 0x6b, 0x06, 0x73, 0xe6, 0x6a, 0x27, 0x52,
  0xa6, 0x62, 0x46, 0x52, 0xe6, 0x6a, 0x07, 0x73, 0xc6, 0x6a, 0xc6, 0x72,
  0x86, 0x62, 0x66, 0x52, 0x46, 0x5a, 0x86, 0x5a, 0xc6, 0x6a, 0xa6, 0x6a,
  0xe6, 0x6a, 0xa6, 0x6a, 0x88, 0x83, 0xe9, 0x9b, 0x48, 0x83, 0xa9, 0x93,
  0xe9, 0x9b, 0xc8, 0x93, 0xe9, 0x9b, 0xc8, 0x93, 0x68, 0x83, 0x88, 0x83,
  0x28, 0x83, 0x69, 0x83, 0xc9, 0x9b, 0xc8, 0x93, 0xc9, 0x9b, 0xa8, 0x8b,
  0xa8, 0x83, 0xc9, 0x83, 0x88, 0x83, 0xa8, 0x83, 0x87, 0x83, 0x86, 0x83,
  0x87, 0x7b, 0x66, 0x7b, 0xc8, 0x8b, 0x68, 0x7b, 0xa8, 0x8b, 0xa8, 0x83,
  0x88, 0x7b, 0x46, 0x73, 0x68, 0x7b, 0x46, 0x73, 0x68, 0x8b, 0x68, 0x83,
  0x28, 0x83, 0x89, 0x83, 0xc9, 0x93, 0x88, 0x8b, 0xc9, 0x93, 0xa8, 0x93,
  0x48, 0x8b, 0xa9, 0x8b, 0x47, 0x83, 0xa9, 0x8b, 0xc8, 0x93, 0xc8, 0x93,
  0xa8, 0x93, 0xc8, 0x93, 0x47, 0x7b, 0x88, 0x83, 0x87, 0x8b, 0x88, 0x83,
  0x68, 0x7b, 0x46, 0x73, 0x88, 0x83, 0x26, 0x73, 0xa7, 0x8b, 0xc8, 0x8b,
  0x88, 0x8b, 0xe9, 0x93, 0x87, 0x83, 0x26, 0x73, 0x67, 0x83, 0x26, 0x73,
  0x26, 0x6b, 0xe5, 0x6a, 0x26, 0x73, 0x05, 0x6b, 0x06, 0x6b, 0xe6, 0x6a,
  0xe6, 0x6a, 0xa6, 0x62, 0x26, 0x73, 0x05, 0x63, 0x05, 0x6b, 0xe5, 0x62,
  0xc5, 0x6a, 0x66, 0x62, 0xc6, 0x6a, 0x46, 0x52, 0x46, 0x52, 0xa6, 0x5a,
  0x86, 0x52, 0xc5, 0x5a, 0xe6, 0x6a, 0x87, 0x6a, 0xc6, 0x6a, 0x47, 0x5a,
  0xa6, 0x5a, 0xc5, 0x5a, 0xa6, 0x52, 0xc5, 0x62, 0xa6, 0x6a, 0x27, 0x4a,
  0x66, 0x62, 0xe6, 0x41, 0x05, 0x6b, 0xe6, 0x6a, 0x05, 0x6b, 0xe5, 0x6a,
  0xc6, 0x6a, 0x66, 0x52, 0x66, 0x5a, 0x46, 0x52, 0x05, 0x6b, 0xe5, 0x6a,
  0x05, 0x6b, 0xa6, 0x62, 0x47, 0x52, 0xa6, 0x52, 0x66, 0x52, 0xe6, 0x62,
  0xa5, 0x5a, 0xc6, 0x6a, 0xa5, 0x5a, 0xa6, 0x6a, 0x47, 0x5a, 0x06, 0x4a,
  0x27, 0x52, 0x46, 0x52, 0xc5, 0x62, 0x87, 0x6a, 0xc6, 0x72, 0x67, 0x62,
  0x06, 0x42, 0x86, 0x52, 0x26, 0x4a, 0x65, 0x5a, 0xe6, 0x72, 0x87, 0x62,
  0xe6, 0x72, 0x67, 0x62, 0xe6, 0x41, 0x86, 0x5a, 0xe6, 0x41, 0x86, 0x5a,
  0xc6, 0x72, 0x47, 0x5a, 0xa7, 0x6a, 0x07, 0x4a, 0x26, 0x52, 0xc6, 0x6a,
  0x26, 0x4a, 0xc6, 0x6a, 0xc5, 0x62, 0xa6, 0x6a, 0xe6, 0x6a, 0x65, 0x62,
  0x25, 0x52, 0xc6, 0x39, 0xe5, 0x41, 0xc5, 0x39, 0xc6, 0x6a, 0x66, 0x62,
  0xa6, 0x6a, 0x65, 0x5a, 0xc5, 0x41, 0xc5, 0x39, 0xc5, 0x39, 0xe6, 0x41,
  0x87, 0x62, 0xe6, 0x41, 0x46, 0x5a, 0xe6, 0x41, 0x66, 0x5a, 0xa6, 0x62,
  0x66, 0x5a, 0xc6, 0x6a, 0x26, 0x52, 0xe6, 0x41, 0x06, 0x4a, 0x26, 0x52,
  0x85, 0x62, 0x86, 0x62, 0xa5, 0x62, 0x86, 0x6a, 0xa5, 0x6a, 0x46, 0x5a,
  0x86, 0x62, 0x26, 0x52, 0xc6, 0x39, 0x06, 0x4a, 0xe5, 0x39, 0x05, 0x4a,
  0x45, 0x62, 0xc5, 0x39, 0x25, 0x52, 0xa5, 0x39, 0x05, 0x3a, 0xe4, 0x39,
  0x05, 0x42, 0xe4, 0x39, 0xc5, 0x39, 0x25, 0x4a, 0xc5, 0x39, 0xe5, 0x41,
  0x44, 0x52, 0x24, 0x4a, 0x45, 0x52, 0x44, 0x52, 0x05, 0x4a, 0xc4, 0x39,
  0xe5, 0x41, 0xa4, 0x31, 0xe4, 0x41, 0x44, 0x52, 0x05, 0x42, 0x64, 0x5a,
  0x44, 0x4a, 0xe4, 0x39, 0x44, 0x42, 0xe4, 0x39, 0x04, 0x42, 0x03, 0x3a,
  0x44, 0x4a, 0x03, 0x42, 0x64, 0x4a, 0x24, 0x42, 0xa5, 0x62, 0x24, 0x42,
  0x64, 0x52, 0x23, 0x42, 0x44, 0x4a, 0x23, 0x42, 0xe5, 0x49, 0xe4, 0x39,
  0xc5, 0x39, 0xe4, 0x41, 0x05, 0x42, 0xc4, 0x39, 0x04, 0x42, 0x25, 0x4a,
  0xc5, 0x39, 0xe4, 0x39, 0xa4, 0x31, 0xe4, 0x39, 0x45, 0x4a, 0xc4, 0x39,
  0x24, 0x4a, 0x04, 0x42, 0xc4, 0x41, 0x04, 0x42, 0x05, 0x4a, 0xe4, 0x41,
  0xe3, 0x39, 0x04, 0x42, 0xa3, 0x31, 0xc4, 0x39, 0x04, 0x4a, 0xe4, 0x49,
  0x24, 0x52, 0x45, 0x52, 0x05, 0x4a, 0xc3, 0x41, 0xc5, 0x6a, 0xa4, 0x62,
  0xe6, 0x41, 0x46, 0x52, 0xe6, 0x41, 0x85, 0x52, 0x85, 0x62, 0xa6, 0x6a,
  0xa5, 0x62, 0x45, 0x5a, 0x06, 0x4a, 0x85, 0x5a, 0x45, 0x4a, 0xa5, 0x5a,
  0x65, 0x62, 0xe5, 0x49, 0x46, 0x62, 0xc5, 0x41, 0xe5, 0x41, 0xa5, 0x39,
  0xa5, 0x39, 0xa5, 0x31, 0x05, 0x42, 0xe4, 0x39, 0x05, 0x4a, 0x05, 0x42,
  0x85, 0x31, 0xe5, 0x39, 0xa5, 0x39, 0x04, 0x3a, 0xc4, 0x31, 0xe4, 0x39,
  0xe4, 0x39, 0xe4, 0x41, 0x65, 0x52, 0xa5, 0x62, 0x85, 0x5a, 0x85, 0x62,
  0x25, 0x52, 0xc5, 0x39, 0xc5, 0x41, 0xc5, 0x39, 0x85, 0x5a, 0x25, 0x52,
  0x85, 0x62, 0x05, 0x4a, 0xa5, 0x39, 0xc5, 0x39, 0xc5, 0x39, 0x04, 0x42,
  0xe5, 0x39, 0xe4, 0x39, 0xe4, 0x39, 0xa4, 0x31, 0xc4, 0x39, 0x04, 0x42,
  0xe4, 0x39, 0x24, 0x4a, 0xe4, 0x39, 0xe4, 0x39, 0xc4, 0x31, 0xc4, 0x31,
  0x24, 0x42, 0x44, 0x4a, 0x24, 0x4a, 0x24, 0x4a, 0xe4, 0x39, 0x44, 0x4a,
  0x04, 0x42, 0x64, 0x52, 0x44, 0x4a, 0x64, 0x4a, 0x64, 0x52, 0x84, 0x5a,
  0x24, 0x42, 0x44, 0x4a, 0xe3, 0x39, 0x44, 0x4a, 0x44, 0x4a, 0x64, 0x4a,
  0x44, 0x4a, 0x64, 0x4a, 0x64, 0x4a, 0x85, 0x5a, 0x85, 0x5a, 0xe5, 0x6a,
  0xc5, 0x6a, 0x85, 0x62, 0xc5, 0x6a, 0xa4, 0x62, 0xa5, 0x52, 0x85, 0x52,
  0x84, 0x52, 0x64, 0x4a, 0x84, 0x52, 0x64, 0x52, 0x84, 0x52, 0x64, 0x4a,
  0x03, 0x42, 0x04, 0x3a, 0x44, 0x4a, 0x44, 0x4a, 0x44, 0x4a, 0x44, 0x42,
  0x64, 0x4a, 0x84, 0x52, 0x24, 0x42, 0x84, 0x52, 0x03, 0x3a, 0x23, 0x42,
  0x83, 0x52, 0x64, 0x4a, 0x63, 0x4a, 0x44, 0x4a, 0x84, 0x52, 0x44, 0x4a,
  0xa4, 0x52, 0x64, 0x4a, 0x84, 0x52, 0xa4, 0x5a, 0xc4, 0x5a, 0x64, 0x4a,
  0x64, 0x4a, 0xa4, 0x52, 0x84, 0x52, 0xa4, 0x52, 0x84, 0x4a, 0x44, 0x42,
  0x44, 0x4a, 0x43, 0x4a, 0x23, 0x4a, 0x23, 0x42, 0x43, 0x4a, 0x03, 0x42,
  0xe3, 0x39, 0x03, 0x42, 0x23, 0x42, 0x23, 0x42, 0x43, 0x42, 0x23, 0x42,
  0x43, 0x4a, 0x23, 0x42, 0x64, 0x52, 0x44, 0x4a, 0x03, 0x42, 0x44, 0x4a,
  0x23, 0x42, 0x43, 0x4a, 0x23, 0x42, 0x43, 0x4a, 0x23, 0x42, 0xe3, 0x39,
  0x24, 0x42, 0x24, 0x42, 0x03, 0x3a, 0x23, 0x42, 0x03, 0x3a, 0xe3, 0x41,
  0xe3, 0x39, 0x23, 0x42, 0x03, 0x42, 0x23, 0x42, 0xe3, 0x39, 0x43, 0x4a,
  0x04, 0x3a, 0x23, 0x42, 0x04, 0x42, 0x24, 0x4a, 0x43, 0x4a, 0x23, 0x42,
  0x44, 0x4a, 0x03, 0x42, 0x44, 0x4a, 0x84, 0x52, 0x23, 0x4a, 0x03, 0x42,
  0x23, 0x42, 0x24, 0x42, 0x23, 0x42, 0x03, 0x3a, 0xe3, 0x39, 0xc3, 0x31,
  0xe3, 0x39, 0xe3, 0x39, 0x44, 0x4a, 0xe3, 0x39, 0x03, 0x42, 0xe3, 0x39,
  0xe3, 0x39, 0x23, 0x42, 0xc3, 0x39, 0xc3, 0x31, 0xe3, 0x39, 0x23, 0x42,
  0x63, 0x4a, 0xa4, 0x52, 0x44, 0x42, 0x83, 0x52, 0x84, 0x52, 0x63, 0x4a,
  0x64, 0x4a, 0x84, 0x52, 0x03, 0x3a, 0x23, 0x42, 0xe3, 0x39, 0x23, 0x42,
  0x63, 0x4a, 0x23, 0x42, 0x83, 0x52, 0x63, 0x4a, 0x64, 0x4a, 0x63, 0x52,
  0x64, 0x4a, 0x83, 0x52, 0x62, 0x52, 0x83, 0x52, 0x63, 0x52, 0x63, 0x52,
  0x63, 0x52, 0xa3, 0x52, 0x43, 0x42, 0x62, 0x4a, 0x43, 0x4a, 0x23, 0x4a,
  0xa3, 0x52, 0xe2, 0x39, 0x03, 0x3a, 0x23, 0x42, 0xc3, 0x31, 0x23, 0x42,
  0x02, 0x3a, 0x63, 0x4a, 0x23, 0x42, 0x23, 0x42, 0x03, 0x3a, 0x03, 0x42,
  0x03, 0x3a, 0x03, 0x3a, 0x03, 0x3a, 0x23, 0x42, 0x03, 0x3a, 0x43, 0x4a,
  0x23, 0x42, 0x23, 0x42, 0x43, 0x42, 0x03, 0x3a, 0x43, 0x42, 0x23, 0x42,
  0x03, 0x42, 0x63, 0x52, 0x83, 0x4a, 0x03, 0x3a, 0x64, 0x4a, 0x63, 0x4a,
  0x23, 0x42, 0xa3, 0x5a, 0x44, 0x4a, 0x23, 0x42, 0x44, 0x4a, 0x64, 0x4a,
  0x23, 0x42, 0x44, 0x4a, 0xe3, 0x39, 0xc3, 0x39, 0x04, 0x3a, 0x43, 0x4a,
  0x23, 0x42, 0x03, 0x42, 0x44, 0x4a, 0x24, 0x42, 0xe3, 0x39, 0x23, 0x4a,
  0x04, 0x42, 0x23, 0x42, 0x63, 0x4a, 0x03, 0x42, 0x23, 0x4a, 0xe3, 0x39,
  0xc3, 0x39, 0x03, 0x42, 0xe3, 0x31, 0x43, 0x4a, 0x23, 0x42, 0x03, 0x42,
  0x43, 0x4a, 0xc3, 0x31, 0xa3, 0x31, 0x03, 0x3a, 0xc3, 0x31, 0x43, 0x4a,
  0x43, 0x4a, 0x44, 0x4a, 0x44, 0x42, 0x43, 0x4a, 0x44, 0x4a, 0x43, 0x4a,
  0x23, 0x42, 0x23, 0x42, 0x44, 0x4a, 0x23, 0x42, 0x44, 0x42, 0x63, 0x52,
  0x63, 0x52, 0x44, 0x42, 0x43, 0x42, 0x84, 0x52, 0x43, 0x4a, 0x23, 0x42,
  0x23, 0x42, 0x03, 0x3a, 0xc3, 0x31, 0x43, 0x4a, 0x03, 0x3a, 0x23, 0x42,
  0x24, 0x42, 0x23, 0x3a, 0x24, 0x4a, 0x43, 0x42, 0x03, 0x42, 0x03, 0x3a,
  0x24, 0x42, 0x84, 0x4a, 0x23, 0x42, 0xe3, 0x39, 0x23, 0x42, 0x63, 0x4a,
  0x23, 0x42, 0x43, 0x42, 0x23, 0x42, 0x63, 0x4a, 0x43, 0x4a, 0x43, 0x42,
  0x23, 0x42, 0x43, 0x42, 0x43, 0x42, 0x43, 0x4a, 0x63, 0x4a, 0x23, 0x3a,
  0x23, 0x42, 0x03, 0x3a, 0x43, 0x4a, 0x03, 0x42, 0x03, 0x42, 0x44, 0x4a,
  0x23, 0x42, 0x84, 0x52, 0x44, 0x4a, 0xe3, 0x39, 0x23, 0x42, 0x03, 0x3a,
  0x02, 0x3a, 0x63, 0x4a, 0x43, 0x42, 0x43, 0x4a, 0x23, 0x42, 0x64, 0x4a,
  0x43, 0x42, 0x23, 0x42, 0x23, 0x3a, 0xe3, 0x39, 0x63, 0x4a, 0xe3, 0x39,
  0x23, 0x42, 0x23, 0x42, 0x63, 0x4a, 0x63, 0x4a, 0x83, 0x52, 0xe3, 0x39,
  0x43, 0x42, 0xe3, 0x39, 0xc3, 0x31, 0x43, 0x4a, 0xa3, 0x31, 0x43, 0x4a,
  0x63, 0x4a, 0x43, 0x42, 0xa3, 0x52, 0x03, 0x42, 0x03, 0x3a, 0x22, 0x42,
  0x43, 0x42, 0xc3, 0x31, 0x62, 0x4a, 0x43, 0x4a, 0x83, 0x4a, 0x62, 0x52,
  0x44, 0x4a, 0x83, 0x52, 0x83, 0x52, 0x83, 0x52, 0x24, 0x6b, 0x65, 0x52,
  0xa3, 0x5a, 0xc4, 0x62, 0x83, 0x52, 0xc3, 0x5a, 0x63, 0x4a, 0x43, 0x4a,
  0x63, 0x52, 0x03, 0x63, 0xa3, 0x5a, 0x63, 0x52, 0xa5, 0x5a, 0xe6, 0x62,
  0xa4, 0x5a, 0x65, 0x52, 0x67, 0x73, 0xa9, 0x83, 0x06, 0x6b, 0xc8, 0x83,
  0xa5, 0x5a, 0xe5, 0x62, 0x04, 0x6b, 0xc4, 0x5a, 0xc5, 0x5a, 0x27, 0x73,
  0xa5, 0x5a, 0xe6, 0x62, 0x43, 0x4a, 0x83, 0x52, 0x23, 0x42, 0x83, 0x52,
  0xc3, 0x5a, 0x63, 0x4a, 0x83, 0x52, 0xa3, 0x52, 0x03, 0x3a, 0xa4, 0x52,
  0x23, 0x42, 0x23, 0x42, 0xc2, 0x5a, 0x82, 0x4a, 0xc2, 0x5a, 0xc2, 0x52,
  0xe3, 0x62, 0xc4, 0x5a, 0x43, 0x4a, 0x03, 0x6b, 0xe5, 0x62, 0xe5, 0x62,
  0xa5, 0x5a, 0xa5, 0x5a, 0x43, 0x4a, 0xe3, 0x62, 0x84, 0x52, 0x63, 0x52,
  0xe4, 0x62, 0x05, 0x6b, 0x04, 0x6b, 0xe5, 0x62, 0x6b, 0x7b, 0x6b, 0x7b,
  0x8a, 0x7b, 0x6b, 0x7b, 0x6b, 0x7b, 0x6b, 0x7b, 0x6b, 0x7b, 0x6b, 0x7b,
  0xc9, 0x83, 0x6b, 0x7b, 0xc8, 0x83, 0x6a, 0x7b, 0x6b, 0x7b, 0x6b, 0x7b,
  0x6b, 0x7b, 0x6b, 0x7b, 0x6b, 0x7b, 0x6b, 0x7b, 0x6b, 0x7b, 0x6b, 0x7b,
  0x6b, 0x7b, 0x6b, 0x7b, 0x6b, 0x7b, 0x6b, 0x7b, 0x6b, 0x7b, 0x6b, 0x7b,
  0x6b, 0x7b, 0x6b, 0x7b, 0x6b, 0x7b, 0x6b, 0x7b, 0x6b, 0x7b, 0x6b, 0x7b,
  0x27, 0x6b, 0xc9, 0x83, 0x26, 0x73, 0xe8, 0x8b, 0x6b, 0x7b, 0x6b, 0x7b,
  0x6a, 0x7b, 0x6b, 0x7b, 0x26, 0x6b, 0x67, 0x7b, 0xc5, 0x5a, 0x26, 0x73,
  0xea, 0x8b, 0x6b, 0x7b, 0xe8, 0x8b, 0x6b, 0x7b, 0x6b, 0x7b, 0x6b, 0x7b,
  0x6b, 0x7b, 0x6b, 0x7b, 0x6b, 0x7b, 0x6b, 0x7b, 0x6b, 0x7b, 0x6b, 0x7b,
  0x6b, 0x7b, 0x6b, 0x7b, 0x6b, 0x7b, 0x6b, 0x7b, 0x6b, 0x7b, 0x6b, 0x7b,
  0x6b, 0x7b, 0x6b, 0x7b, 0x23, 0x42, 0x43, 0x4a, 0x23, 0x42, 0x83, 0x52,
  0x83, 0x4a, 0xc3, 0x5a, 0x23, 0x42, 0x63, 0x4a, 0xe3, 0x39, 0x43, 0x42,
  0xc3, 0x31, 0x03, 0x3a, 0xe3, 0x39, 0x83, 0x52, 0xc3, 0x39, 0x83, 0x52,
  0x63, 0x4a, 0x04, 0x42, 0x63, 0x4a, 0x03, 0x42, 0x03, 0x6b, 0x64, 0x52,
  0x44, 0x4a, 0xc4, 0x62, 0x83, 0x52, 0x02, 0x3a, 0x83, 0x52, 0x42, 0x4a,
  0x84, 0x5a, 0xc4, 0x62, 0x63, 0x52, 0xc4, 0x5a, 0x03, 0x3a, 0xe3, 0x39,
  0x02, 0x3a, 0xe3, 0x31, 0x03, 0x42, 0x43, 0x52, 0x43, 0x4a, 0x03, 0x42,
  0x02, 0x42, 0x03, 0x42, 0x23, 0x4a, 0x02, 0x3a, 0x23, 0x42, 0x43, 0x4a,
  0x23, 0x42, 0x63, 0x4a, 0x62, 0x52, 0x83, 0x52, 0xc2, 0x5a, 0x62, 0x4a,
  0x23, 0x42, 0xc4, 0x5a, 0x43, 0x4a, 0xc3, 0x5a, 0x82, 0x52, 0x83, 0x52,
  0x42, 0x4a, 0x83, 0x52, 0x82, 0x52, 0x83, 0x52, 0x83, 0x52, 0x43, 0x4a,
  0xc5, 0x5a, 0x06, 0x6b, 0xc4, 0x5a, 0xa5, 0x5a, 0xa7, 0x7b, 0xaa, 0x83,
  0x27, 0x6b, 0xe9, 0x8b, 0x44, 0x4a, 0x85, 0x52, 0x84, 0x52, 0x84, 0x52,
  0x06, 0x6b, 0xc7, 0x83, 0x05, 0x63, 0x26, 0x73, 0x6b, 0x7b, 0x6b, 0x7b,
  0x6b, 0x7b, 0x6b, 0x7b, 0x6b, 0x7b, 0x6b, 0x7b, 0x6b, 0x7b, 0x6b, 0x7b,
  0x8a, 0x7b, 0x6b, 0x7b, 0xca, 0x83, 0x6b, 0x7b, 0x6b, 0x7b, 0x6b, 0x7b,
  0x6b, 0x7b, 0x6b, 0x7b, 0x03, 0x63, 0x23, 0x42, 0xe3, 0x62, 0x43, 0x4a,
  0xe5, 0x62, 0x26, 0x6b, 0xc5, 0x5a, 0x25, 0x73, 0x04, 0x6b, 0xc3, 0x62,
  0x23, 0x6b, 0xe3, 0x6a, 0x84, 0x52, 0x45, 0x73, 0x64, 0x4a, 0x25, 0x6b,
  0xe9, 0x8b, 0x6b, 0x7b, 0xc8, 0x83, 0x8a, 0x7b, 0x6b, 0x7b, 0x6b, 0x7b,
  0x6b, 0x7b, 0x6b, 0x7b, 0x67, 0x73, 0xaa, 0x83, 0x26, 0x6b, 0xe9, 0x8b,
  0x6b, 0x7b, 0x6b, 0x7b, 0x6b, 0x7b, 0x6b, 0x7b, 0x44, 0x4a, 0x43, 0x4a,
  0x64, 0x52, 0xa4, 0x52, 0x44, 0x42, 0xe3, 0x39, 0x03, 0x3a, 0x23, 0x42,
  0x23, 0x42, 0x43, 0x4a, 0x23, 0x42, 0x44, 0x4a, 0x03, 0x3a, 0xe3, 0x39,
  0x04, 0x42, 0xe3, 0x39, 0x03, 0x42, 0x23, 0x42, 0x44, 0x4a, 0x23, 0x42,
  0x03, 0x42, 0x23, 0x42, 0xe3, 0x39, 0x43, 0x42, 0x03, 0x3a, 0x03, 0x3a,
  0x03, 0x3a, 0x23, 0x42, 0x23, 0x3a, 0x23, 0x42, 0x23, 0x42, 0x83, 0x4a,
  0x44, 0x4a, 0x23, 0x42, 0xe3, 0x41, 0x23, 0x42, 0x24, 0x42, 0x24, 0x42,
  0x03, 0x3a, 0xc3, 0x31, 0x23, 0x52, 0xe4, 0x39, 0x23, 0x52, 0x04, 0x42,
  0xa3, 0x31, 0xe4, 0x39, 0xe4, 0x41, 0x03, 0x42, 0x44, 0x42, 0x43, 0x42,
  0x44, 0x4a, 0x24, 0x42, 0x43, 0x4a, 0x83, 0x4a, 0x64, 0x4a, 0x03, 0x3a,
  0x24, 0x42, 0x43, 0x42, 0xa3, 0x31, 0x03, 0x3a, 0x24, 0x42, 0x23, 0x42,
  0x44, 0x42, 0x43, 0x4a, 0x03, 0x3a, 0x22, 0x3a, 0x22, 0x3a, 0x23, 0x3a,
  0x02, 0x3a, 0x24, 0x42, 0x63, 0x4a, 0x24, 0x42, 0xc3, 0x31, 0x22, 0x3a,
  0x43, 0x42, 0x03, 0x3a, 0x23, 0x42, 0xe3, 0x39, 0xe2, 0x39, 0x23, 0x42,
  0x02, 0x3a, 0x23, 0x42, 0x43, 0x42, 0x02, 0x3a, 0x23, 0x4a, 0xc3, 0x5a,
  0x03, 0x42, 0x43, 0x4a, 0x02, 0x3a, 0x62, 0x4a, 0x83, 0x52, 0xc3, 0x52,
  0x03, 0x3a, 0x83, 0x52, 0x63, 0x4a, 0x43, 0x4a, 0x24, 0x3a, 0x03, 0x3a,
  0x03, 0x3a, 0x03, 0x3a, 0x03, 0x3a, 0x24, 0x42, 0xe3, 0x39, 0x64, 0x52,
  0x63, 0x4a, 0x43, 0x42, 0x83, 0x52, 0x03, 0x3a, 0x44, 0x42, 0x03, 0x3a,
  0x23, 0x3a, 0x23, 0x3a, 0x63, 0x4a, 0x43, 0x4a, 0x43, 0x42, 0x84, 0x4a,
  0x03, 0x3a, 0x64, 0x52, 0x63, 0x4a, 0x43, 0x4a, 0x03, 0x42, 0x63, 0x4a,
  0x03, 0x42, 0x83, 0x52, 0x23, 0x42, 0x64, 0x4a, 0x83, 0x52, 0xe3, 0x39,
  0x03, 0x4a, 0xc3, 0x39, 0x63, 0x52, 0x64, 0x52, 0x04, 0x42, 0x44, 0x4a,
  0x04, 0x42, 0x43, 0x4a, 0xc4, 0x62, 0x44, 0x4a, 0x64, 0x52, 0x44, 0x4a,
  0x44, 0x4a, 0x84, 0x5a, 0x64, 0x52, 0x44, 0x4a, 0xc3, 0x31, 0x03, 0x3a,
  0x03, 0x42, 0x02, 0x42, 0x43, 0x42, 0x84, 0x4a, 0x03, 0x42, 0x43, 0x42,
  0x23, 0x42, 0x63, 0x52, 0xe4, 0x39, 0x03, 0x42, 0x43, 0x42, 0x03, 0x3a,
  0xe3, 0x39, 0xe3, 0x39, 0x44, 0x4a, 0x04, 0x3a, 0x44, 0x4a, 0x44, 0x42,
  0x44, 0x4a, 0xe3, 0x39, 0x24, 0x42, 0x03, 0x3a, 0x64, 0x4a, 0x64, 0x4a,
  0x44, 0x42, 0x44, 0x42, 0x43, 0x42, 0x23, 0x3a, 0x64, 0x42, 0x44, 0x42,
  0xe3, 0x31, 0x03, 0x3a, 0x03, 0x42, 0xe3, 0x39, 0x03, 0x3a, 0x23, 0x42,
  0x22, 0x3a, 0x43, 0x42, 0x44, 0x4a, 0x43, 0x42, 0x23, 0x3a, 0xe3, 0x31,
  0x63, 0x4a, 0xe4, 0x31, 0x23, 0x42, 0xe3, 0x31, 0x64, 0x4a, 0x23, 0x42,
  0x63, 0x4a, 0x03, 0x3a, 0xe3, 0x31, 0x03, 0x3a, 0xc3, 0x31, 0xa2, 0x29,
  0x64, 0x4a, 0x63, 0x42, 0x63, 0x4a, 0x23, 0x42, 0xa3, 0x29, 0x24, 0x42,
  0x03, 0x3a, 0x63, 0x4a, 0x23, 0x42, 0x63, 0x4a, 0xe3, 0x39, 0x63, 0x4a,
  0x83, 0x52, 0x63, 0x4a, 0x43, 0x4a, 0x43, 0x4a, 0x83, 0x52, 0x83, 0x4a,
  0xc3, 0x52, 0x63, 0x4a, 0x43, 0x4a, 0x23, 0x4a, 0x43, 0x4a, 0xc3, 0x39,
  0x43, 0x42, 0x44, 0x42, 0x03, 0x3a, 0x03, 0x3a, 0xe3, 0x31, 0x64, 0x4a,
  0xa3, 0x31, 0x24, 0x42, 0x43, 0x3a, 0xe2, 0x39, 0xe3, 0x31, 0x63, 0x4a,
  0xe3, 0x31, 0xe3, 0x41, 0x63, 0x4a, 0x43, 0x4a, 0x62, 0x4a, 0x44, 0x4a,
  0x02, 0x3a, 0x02, 0x3a, 0x43, 0x4a, 0x04, 0x42, 0x44, 0x4a, 0x03, 0x42,
  0x03, 0x42, 0x63, 0x52, 0xa2, 0x5a, 0x43, 0x4a, 0x24, 0x42, 0xc3, 0x39,
  0x24, 0x42, 0xc3, 0x39, 0x03, 0x42, 0xe2, 0x39, 0x23, 0x42, 0xc2, 0x39,
  0x03, 0x3a, 0x03, 0x42, 0x24, 0x42, 0x23, 0x4a, 0x23, 0x42, 0x44, 0x4a,
  0x43, 0x4a, 0x23, 0x42, 0x22, 0x42, 0x83, 0x52, 0x23, 0x42, 0x23, 0x42,
  0x42, 0x4a, 0x62, 0x52, 0x63, 0x4a, 0xa3, 0x5a, 0x43, 0x4a, 0x03, 0x42,
  0x23, 0x4a, 0x63, 0x52, 0x23, 0x42, 0x23, 0x42, 0x43, 0x4a, 0x03, 0x42,
  0x03, 0x42, 0x44, 0x4a, 0x23, 0x42, 0xc3, 0x31, 0x03, 0x42, 0x23, 0x42,
  0x23, 0x4a, 0x03, 0x3a, 0xe3, 0x39, 0x02, 0x42, 0xc3, 0x31, 0x03, 0x3a,
  0x03, 0x42, 0x03, 0x42, 0x02, 0x42, 0x03, 0x3a, 0xa3, 0x31, 0xe3, 0x31,
  0xe3, 0x39, 0xc3, 0x31, 0x03, 0x42, 0x03, 0x42, 0x23, 0x4a, 0x83, 0x52,
  0x64, 0x52, 0x23, 0x42, 0x44, 0x52, 0x43, 0x42, 0x23, 0x42, 0x43, 0x4a,
  0x83, 0x29, 0x84, 0x52, 0x64, 0x52, 0x84, 0x52, 0x03, 0x42, 0x43, 0x4a,
  0xc3, 0x5a, 0x03, 0x6b, 0x83, 0x52, 0x23, 0x6b, 0xa4, 0x5a, 0xc5, 0x5a,
  0x83, 0x5a, 0x05, 0x63, 0x62, 0x4a, 0x42, 0x73, 0x62, 0x52, 0x23, 0x6b,
  0xc4, 0x5a, 0xe4, 0x62, 0xc3, 0x62, 0xa4, 0x5a, 0x46, 0x73, 0xe8, 0x8b,
  0x45, 0x73, 0xa8, 0x83, 0x6a, 0x7b, 0x6b, 0x7b, 0xaa, 0x83, 0x6b, 0x7b,
  0x25, 0x6b, 0x67, 0x73, 0x25, 0x6b, 0x26, 0x6b, 0xca, 0x8b, 0x6b, 0x7b,
  0xea, 0x8b, 0x6b, 0x7b, 0x02, 0x42, 0x42, 0x6b, 0x43, 0x42, 0x02, 0x63,
  0xe3, 0x62, 0xa4, 0x5a, 0xe4, 0x62, 0xa4, 0x5a, 0x03, 0x42, 0x02, 0x63,
  0x63, 0x4a, 0x42, 0x73, 0x24, 0x73, 0x84, 0x52, 0x04, 0x6b, 0x65, 0x52,
  0xe5, 0x62, 0x26, 0x6b, 0xe4, 0x62, 0x26, 0x6b, 0xe9, 0x8b, 0x6b, 0x7b,
  0xe8, 0x8b, 0x6a, 0x7b, 0xc4, 0x5a, 0x46, 0x73, 0xc4, 0x62, 0x26, 0x6b,
  0xa7, 0x83, 0xab, 0x83, 0xa7, 0x83, 0xaa, 0x83, 0x43, 0x4a, 0x03, 0x3a,
  0x43, 0x4a, 0xe3, 0x39, 0xe3, 0x31, 0x82, 0x29, 0xa3, 0x31, 0xe3, 0x39,
  0x03, 0x3a, 0x03, 0x3a, 0x24, 0x3a, 0xe2, 0x31, 0x44, 0x4a, 0x43, 0x4a,
  0x24, 0x42, 0x03, 0x42, 0xa3, 0x31, 0x62, 0x4a, 0xe4, 0x39, 0xe3, 0x41,
  0x22, 0x42, 0xa5, 0x5a, 0x63, 0x52, 0x03, 0x42, 0x03, 0x42, 0xc3, 0x39,
  0xe3, 0x39, 0xc3, 0x41, 0xa4, 0x5a, 0x03, 0x42, 0x62, 0x5a, 0x23, 0x4a,
  0xc3, 0x39, 0x23, 0x42, 0xe3, 0x39, 0xa4, 0x52, 0xc3, 0x39, 0x24, 0x4a,
  0x24, 0x4a, 0x23, 0x4a, 0x23, 0x42, 0x83, 0x52, 0x43, 0x4a, 0x43, 0x4a,
  0xe3, 0x41, 0xc4, 0x62, 0x23, 0x4a, 0x03, 0x6b, 0xe3, 0x41, 0xc3, 0x41,
  0xe3, 0x41, 0xc3, 0x41, 0x42, 0x52, 0x64, 0x52, 0x63, 0x5a, 0xa3, 0x62,
  0x63, 0x52, 0xa3, 0x41, 0xa4, 0x62, 0x03, 0x4a, 0xe3, 0x72, 0xe3, 0x72,
  0x03, 0x73, 0x23, 0x7b, 0x63, 0x52, 0xe2, 0x5a, 0x43, 0x4a, 0x43, 0x4a,
  0x04, 0x6b, 0x04, 0x42, 0xa4, 0x62, 0x25, 0x4a, 0x63, 0x52, 0x63, 0x52,
  0x63, 0x52, 0x44, 0x52, 0xc3, 0x5a, 0x24, 0x4a, 0x43, 0x6b, 0x24, 0x42,
  0x64, 0x52, 0x26, 0x6b, 0x84, 0x52, 0x46, 0x73, 0x87, 0x7b, 0xea, 0x8b,
  0x67, 0x7b, 0xea, 0x8b, 0xa5, 0x5a, 0x05, 0x6b, 0x64, 0x4a, 0xa5, 0x5a,
  0x66, 0x73, 0xea, 0x8b, 0x46, 0x73, 0x09, 0x94, 0xa2, 0x62, 0x64, 0x52,
  0x82, 0x5a, 0x43, 0x52, 0xc3, 0x62, 0x64, 0x52, 0xc4, 0x5a, 0x64, 0x52,
  0x82, 0x5a, 0xa4, 0x5a, 0xa4, 0x62, 0xc3, 0x62, 0x83, 0x52, 0x84, 0x52,
  0x63, 0x52, 0x84, 0x52, 0x44, 0x4a, 0x05, 0x63, 0x64, 0x4a, 0x25, 0x6b,
  0x86, 0x7b, 0xe9, 0x8b, 0x86, 0x7b, 0x29, 0x94, 0x84, 0x52, 0x25, 0x6b,
  0xc4, 0x5a, 0x25, 0x6b, 0x66, 0x73, 0x09, 0x8c, 0x66, 0x7b, 0x29, 0x94,
  0xbe, 0xef, 0xfd, 0xce, 0x5d, 0xe7, 0xfd, 0xce, 0x5b, 0xbe, 0xfa, 0xad,
  0x7b, 0xbe, 0xfa, 0xad, 0x5d, 0xdf, 0x1d, 0xcf, 0x5d, 0xe7, 0x1d, 0xd7,
  0x7b, 0xbe, 0xfa, 0xad, 0x9c, 0xbe, 0x1a, 0xae, 0x99, 0x9d, 0x38, 0x95,
  0x99, 0x9d, 0x38, 0x95, 0xf7, 0x84, 0xb6, 0x7c, 0xf7, 0x8c, 0xd6, 0x84,
  0xb9, 0xa5, 0x58, 0x95, 0xb9, 0xa5, 0x58, 0x95, 0x17, 0x8d, 0xd6, 0x84,
  0x17, 0x8d, 0xd7, 0x84, 0x7d, 0xe7, 0x3d, 0xd7, 0x5c, 0xe7, 0x3d, 0xd7,
  0x9c, 0xc6, 0x1a, 0xb6, 0xbc, 0xc6, 0x3a, 0xb6, 0xfa, 0xd6, 0x5e, 0xdf,
  0xfa, 0xde, 0x7e, 0xdf, 0xbc, 0xc6, 0x5b, 0xb6, 0xdc, 0xce, 0x5b, 0xbe,
  0xb9, 0xa5, 0x78, 0x9d, 0xd9, 0xa5, 0x78, 0x9d, 0x17, 0x8d, 0xf7, 0x84,
  0x37, 0x95, 0xf7, 0x8c, 0xd9, 0xad, 0x99, 0x9d, 0xfa, 0xad, 0x99, 0xa5,
  0x38, 0x95, 0x17, 0x8d, 0x58, 0x95, 0x17, 0x8d, 0x96, 0x7c, 0x55, 0x74,
  0x96, 0x7c, 0x75, 0x74, 0x35, 0x6c, 0x14, 0x6c, 0x55, 0x6c, 0x34, 0x6c,
  0x96, 0x7c, 0x75, 0x74, 0xb6, 0x7c, 0x75, 0x74, 0x55, 0x74, 0x34, 0x6c,
  0x55, 0x74, 0x35, 0x6c, 0xf4, 0x63, 0xf3, 0x63, 0x14, 0x64, 0xf4, 0x63,
  0xd3, 0x5b, 0xd3, 0x5b, 0xd3, 0x63, 0xd3, 0x5b, 0x14, 0x64, 0xf4, 0x63,
  0x14, 0x6c, 0x14, 0x64, 0xf3, 0x63, 0xd3, 0x5b, 0xf4, 0x63, 0xd3, 0x63,
  0xb6, 0x7c, 0x96, 0x7c, 0xb6, 0x84, 0x96, 0x7c, 0x75, 0x74, 0x55, 0x6c,
  0x75, 0x74, 0x55, 0x74, 0xd6, 0x84, 0xb6, 0x7c, 0xd7, 0x84, 0xb6, 0x7c,
  0x75, 0x74, 0x55, 0x74, 0x96, 0x7c, 0x75, 0x74, 0x34, 0x6c, 0x14, 0x64,
  0x34, 0x6c, 0x14, 0x6c, 0xf4, 0x63, 0xf3, 0x63, 0x14, 0x64, 0xf4, 0x63,
  0x55, 0x6c, 0x34, 0x6c, 0x55, 0x74, 0x35, 0x6c, 0x14, 0x64, 0xf4, 0x63,
  0x14, 0x6c, 0x14, 0x64, 0x16, 0xbe, 0x9e, 0xe7, 0x94, 0xb5, 0xbe, 0xef,
  0xfd, 0xce, 0x7b, 0xbe, 0x1d, 0xd7, 0x9c, 0xc6, 0x8b, 0x7b, 0xbe, 0xef,
  0x6b, 0x7b, 0x9d, 0xe7, 0x3d, 0xd7, 0xbc, 0xc6, 0x5e, 0xdf, 0xdc, 0xce,
  0x1a, 0xae, 0xb9, 0xa5, 0x1a, 0xb6, 0xd9, 0xa5, 0x78, 0x9d, 0x37, 0x8d,
  0x78, 0x9d, 0x38, 0x95, 0x3a, 0xb6, 0xd9, 0xad, 0x5b, 0xbe, 0xfa, 0xad,
  0x99, 0x9d, 0x58, 0x95, 0xb9, 0xa5, 0x78, 0x9d, 0x6b, 0x7b, 0x3c, 0xdf,
  0x6b, 0x7b, 0xb9, 0xd6, 0x7e, 0xdf, 0xfd, 0xce, 0x9e, 0xe7, 0x1d, 0xd7,
  0x6b, 0x7b, 0xd5, 0xbd, 0x6b, 0x7b, 0x8b, 0x7b, 0xbe, 0xef, 0x3d, 0xd7,
  0xde, 0xef, 0x5e, 0xdf, 0x7b, 0xbe, 0x1a, 0xb6, 0x9c, 0xc6, 0x3a, 0xb6,
  0xd9, 0xa5, 0x78, 0x9d, 0xf9, 0xad, 0x99, 0x9d, 0xbc, 0xc6, 0x5b, 0xbe,
  0xfc, 0xce, 0x7b, 0xbe, 0xfa, 0xad, 0xb9, 0xa5, 0x1a, 0xb6, 0xd9, 0xa5,
  0xf7, 0x84, 0xd6, 0x84, 0xf7, 0x8c, 0xd6, 0x84, 0x96, 0x7c, 0x75, 0x74,
  0xb6, 0x7c, 0x95, 0x7c, 0x17, 0x8d, 0xf7, 0x84, 0x37, 0x8d, 0xf7, 0x8c,
  0xb6, 0x84, 0x96, 0x7c, 0xd6, 0x84, 0xb6, 0x7c, 0x55, 0x74, 0x55, 0x6c,
  0x75, 0x74, 0x55, 0x74, 0x34, 0x6c, 0x14, 0x64, 0x35, 0x6c, 0x14, 0x6c,
  0x75, 0x74, 0x75, 0x74, 0x96, 0x7c, 0x75, 0x74, 0x55, 0x6c, 0x34, 0x6c,
  0x55, 0x74, 0x35, 0x6c, 0x38, 0x95, 0x17, 0x8d, 0x58, 0x95, 0x37, 0x8d,
  0xf7, 0x84, 0xb6, 0x84, 0xf7, 0x8c, 0xd6, 0x84, 0x78, 0x9d, 0x38, 0x95,
  0x99, 0x9d, 0x58, 0x95, 0x17, 0x8d, 0xf7, 0x84, 0x37, 0x8d, 0xf7, 0x8c,
  0x96, 0x7c, 0x75, 0x74, 0xb6, 0x7c, 0x96, 0x7c, 0x75, 0x74, 0x55, 0x6c,
  0x75, 0x74, 0x55, 0x74, 0xb6, 0x84, 0xb6, 0x7c, 0xd6, 0x84, 0xb6, 0x7c,
  0x95, 0x74, 0x75, 0x74, 0x96, 0x7c, 0x75, 0x74, 0xb3, 0x5b, 0xb3, 0x5b,
  0xb3, 0x5b, 0xb3, 0x5b, 0x92, 0x5b, 0x92, 0x53, 0xb2, 0x5b, 0x92, 0x53,
  0xd3, 0x5b, 0xb3, 0x5b, 0xd3, 0x5b, 0xb3, 0x5b, 0xb3, 0x5b, 0x92, 0x53,
  0xb3, 0x5b, 0x92, 0x5b, 0x92, 0x53, 0x72, 0x53, 0x92, 0x53, 0x72, 0x53,
  0x72, 0x53, 0x72, 0x53, 0x72, 0x53, 0x72, 0x53, 0x92, 0x53, 0x92, 0x53,
  0x92, 0x53, 0x92, 0x53, 0x72, 0x53, 0x72, 0x53, 0x72, 0x53, 0x72, 0x53,
  0xd3, 0x5b, 0xb3, 0x5b, 0xd3, 0x63, 0xd3, 0x5b, 0xb3, 0x5b, 0xb3, 0x5b,
  0xb3, 0x5b, 0xb3, 0x5b, 0xf4, 0x63, 0xd3, 0x5b, 0xf4, 0x63, 0xd3, 0x5b,
  0xb3, 0x5b, 0xb3, 0x5b, 0xd3, 0x5b, 0xb3, 0x5b, 0x92, 0x53, 0x92, 0x53,
  0x92, 0x5b, 0x92, 0x53, 0x72, 0x53, 0x72, 0x53, 0x72, 0x53, 0x72, 0x53,
  0x92, 0x5b, 0x92, 0x53, 0x93, 0x5b, 0x92, 0x53, 0x72, 0x53, 0x72, 0x53,
  0x92, 0x53, 0x72, 0x53, 0x72, 0x53, 0x72, 0x53, 0x72, 0x53, 0x72, 0x53,
  0x72, 0x53, 0x72, 0x53, 0x72, 0x53, 0x72, 0x53, 0x72, 0x53, 0x72, 0x53,
  0x72, 0x53, 0x72, 0x53, 0x72, 0x53, 0x72, 0x53, 0x72, 0x53, 0x72, 0x53,
  0x73, 0x4b, 0x73, 0x53, 0x73, 0x53, 0x73, 0x4b, 0x93, 0x4b, 0x93, 0x4b,
  0x93, 0x4b, 0x93, 0x4b, 0x73, 0x53, 0x73, 0x4b, 0x72, 0x53, 0x73, 0x4b,
  0x93, 0x4b, 0x93, 0x4b, 0x73, 0x4b, 0x93, 0x4b, 0x72, 0x53, 0x72, 0x53,
  0x72, 0x53, 0x72, 0x53, 0x72, 0x53, 0x72, 0x53, 0x72, 0x53, 0x72, 0x53,
  0x72, 0x53, 0x72, 0x53, 0x72, 0x53, 0x72, 0x53, 0x72, 0x53, 0x72, 0x53,
  0x72, 0x53, 0x72, 0x53, 0x72, 0x53, 0x73, 0x53, 0x72, 0x53, 0x73, 0x53,
  0x73, 0x4b, 0x93, 0x4b, 0x73, 0x4b, 0x93, 0x4b, 0x72, 0x53, 0x73, 0x53,
  0x72, 0x53, 0x73, 0x53, 0x73, 0x4b, 0x93, 0x4b, 0x73, 0x53, 0x93, 0x53,
  0xf4, 0x63, 0xf4, 0x63, 0x14, 0x64, 0xf4, 0x63, 0xd3, 0x5b, 0xb3, 0x5b,
  0xd3, 0x5b, 0xd3, 0x5b, 0x14, 0x64, 0xf4, 0x63, 0x14, 0x6c, 0x14, 0x64,
  0xf4, 0x63, 0xd3, 0x5b, 0xf4, 0x63, 0xd3, 0x5b, 0xb3, 0x5b, 0x92, 0x5b,
  0xb3, 0x5b, 0x92, 0x5b, 0x92, 0x53, 0x72, 0x53, 0x92, 0x53, 0x92, 0x53,
  0xb3, 0x5b, 0xb3, 0x5b, 0xd3, 0x5b, 0xb3, 0x5b, 0x92, 0x5b, 0x92, 0x53,
  0x93, 0x5b, 0x92, 0x5b, 0x34, 0x6c, 0x14, 0x64, 0x35, 0x6c, 0x14, 0x6c,
  0xf4, 0x63, 0xf4, 0x63, 0x14, 0x64, 0xf4, 0x63, 0x55, 0x6c, 0x34, 0x6c,
  0x55, 0x74, 0x35, 0x6c, 0x14, 0x64, 0xf4, 0x63, 0x34, 0x6c, 0x14, 0x64,
  0xd3, 0x5b, 0xb3, 0x5b, 0xd3, 0x5b, 0xd3, 0x5b, 0xb3, 0x5b, 0x93, 0x5b,
  0xb3, 0x5b, 0xb3, 0x5b, 0xf4, 0x63, 0xd3, 0x5b, 0xf4, 0x63, 0xf4, 0x63,
  0xb3, 0x5b, 0xb3, 0x5b, 0xd3, 0x5b, 0xb3, 0x5b, 0x72, 0x53, 0x72, 0x53,
  0x72, 0x53, 0x72, 0x53, 0x72, 0x53, 0x72, 0x53, 0x72, 0x53, 0x72, 0x53,
  0x92, 0x53, 0x72, 0x53, 0x92, 0x53, 0x92, 0x53, 0x72, 0x53, 0x72, 0x53,
  0x92, 0x53, 0x92, 0x53, 0x72, 0x53, 0x73, 0x53, 0x72, 0x53, 0x73, 0x53,
  0x73, 0x53, 0x93, 0x53, 0x73, 0x53, 0x93, 0x53, 0x73, 0x53, 0x73, 0x53,
  0x93, 0x53, 0x93, 0x53, 0x93, 0x53, 0x93, 0x53, 0x93, 0x53, 0x93, 0x53,
  0x92, 0x53, 0x92, 0x53, 0x93, 0x5b, 0x93, 0x53, 0x92, 0x53, 0x93, 0x53,
  0x93, 0x53, 0x93, 0x53, 0xb3, 0x5b, 0x93, 0x53, 0xb3, 0x5b, 0xb3, 0x5b,
  0x93, 0x53, 0x93, 0x53, 0xb3, 0x5b, 0x93, 0x53, 0x93, 0x53, 0x93, 0x53,
  0x93, 0x53, 0x93, 0x53, 0x93, 0x53, 0x93, 0x53, 0x93, 0x53, 0x93, 0x53,
  0x93, 0x53, 0x93, 0x53, 0x93, 0x53, 0x93, 0x53, 0x93, 0x53, 0x93, 0x53,
  0x93, 0x53, 0x93, 0x53, 0x6b, 0x7b, 0x6b, 0x7b, 0x6b, 0x7b, 0x6b, 0x7b,
  0x7d, 0xe7, 0x7e, 0xe7, 0xd9, 0xd6, 0xbe, 0xef, 0x6b, 0x7b, 0x6b, 0x7b,
  0x6b, 0x7b, 0x6b, 0x7b, 0x11, 0xa5, 0xdf, 0xf7, 0x6b, 0x7b, 0xbe, 0xef,
  0x1d, 0xd7, 0xbc, 0xc6, 0x3d, 0xd7, 0xdc, 0xce, 0x5b, 0xb6, 0xfa, 0xad,
  0x7b, 0xbe, 0x1a, 0xb6, 0x5e, 0xdf, 0xfd, 0xce, 0x9e, 0xe7, 0x1d, 0xd7,
  0x9b, 0xc6, 0x3a, 0xb6, 0xdc, 0xce, 0x7b, 0xbe, 0x6b, 0x7b, 0x6b, 0x7b,
  0x6b, 0x7b, 0x6b, 0x7b, 0x6b, 0x7b, 0x1b, 0xdf, 0x6b, 0x7b, 0x32, 0xad,
  0x6b, 0x7b, 0x6b, 0x7b, 0x6b, 0x7b, 0x6b, 0x7b, 0x6b, 0x7b, 0x6b, 0x7b,
  0x6b, 0x7b, 0x6b, 0x7b, 0xbf, 0xef, 0x5e, 0xdf, 0xff, 0xf7, 0x7e, 0xe7,
  0xfc, 0xce, 0x9b, 0xc6, 0x1d, 0xd7, 0xbc, 0xc6, 0xbe, 0xef, 0x9e, 0xef,
  0xd9, 0xd6, 0xdf, 0xf7, 0x5d, 0xdf, 0xfc, 0xce, 0x7e, 0xe7, 0x1d, 0xd7,
  0xb9, 0xa5, 0x78, 0x9d, 0xd9, 0xa5, 0x99, 0x9d, 0x38, 0x95, 0x17, 0x8d,
  0x58, 0x95, 0x37, 0x95, 0xfa, 0xad, 0xb9, 0xa5, 0x1a, 0xae, 0xd9, 0xa5,
  0x78, 0x9d, 0x58, 0x95, 0x99, 0x9d, 0x78, 0x9d, 0xf7, 0x84, 0xd6, 0x84,
  0x17, 0x8d, 0xd6, 0x84, 0xb6, 0x7c, 0x95, 0x7c, 0xb6, 0x84, 0x96, 0x7c,
  0x17, 0x8d, 0xf7, 0x8c, 0x37, 0x95, 0x17, 0x8d, 0xd6, 0x84, 0xb6, 0x7c,
  0xf7, 0x84, 0xd6, 0x84, 0x3b, 0xb6, 0xfa, 0xad, 0x7b, 0xbe, 0x1a, 0xb6,
  0xb9, 0xa5, 0x98, 0x9d, 0xd9, 0xad, 0xb9, 0xa5, 0x9c, 0xc6, 0x5b, 0xb6,
  0xdc, 0xce, 0x7b, 0xbe, 0x1a, 0xae, 0xd9, 0xa5, 0x3a, 0xb6, 0xfa, 0xad,
  0x58, 0x95, 0x37, 0x95, 0x78, 0x9d, 0x58, 0x95, 0x17, 0x8d, 0xd6, 0x84,
  0x17, 0x8d, 0xf7, 0x8c, 0x99, 0xa5, 0x78, 0x9d, 0xb9, 0xa5, 0x99, 0x9d,
  0x38, 0x95, 0x17, 0x8d, 0x58, 0x9d, 0x37, 0x95, 0x6b, 0x7b, 0x6b, 0x7b,
  0x6b, 0x7b, 0x6b, 0x7b, 0x6b, 0x7b, 0x6b, 0x7b, 0x6b, 0x7b, 0x6b, 0x7b,
  0x6b, 0x7b, 0x6b, 0x7b, 0x6b, 0x7b, 0x6b, 0x7b, 0x6b, 0x7b, 0x6b, 0x7b,
  0x6b, 0x7b, 0x6b, 0x7b, 0x6e, 0x94, 0xff, 0xf7, 0x6b, 0x7b, 0x5c, 0xe7,
  0x9e, 0xef, 0x5d, 0xdf, 0xdf, 0xef, 0x7e, 0xe7, 0x6b, 0x7b, 0x32, 0xad,
  0x6b, 0x7b, 0x6b, 0x7b, 0xff, 0xff, 0xbe, 0xef, 0x9d, 0xef, 0xdf, 0xf7,
  0x6b, 0x7b, 0x6b, 0x7b, 0x6b, 0x7b, 0x6b, 0x7b, 0x6b, 0x7b, 0x6b, 0x7b,
  0x6b, 0x7b, 0x6b, 0x7b, 0x6b, 0x7b, 0x6b, 0x7b, 0x6b, 0x7b, 0x6b, 0x7b,
  0x6b, 0x7b, 0x6b, 0x7b, 0x6b, 0x7b, 0x6b, 0x7b, 0x6b, 0x7b, 0x6b, 0x7b,
  0x6b, 0x7b, 0x6b, 0x7b, 0xf5, 0xbd, 0xff, 0xff, 0x6b, 0x7b, 0xbd, 0xef,
  0x6b, 0x7b, 0x6b, 0x7b, 0x6b, 0x7b, 0x6b, 0x7b, 0x6b, 0x7b, 0x32, 0xad,
  0x6b, 0x7b, 0x6b, 0x7b, 0xfd, 0xce, 0xbc, 0xc6, 0x3d, 0xd7, 0xdc, 0xce,
  0x5b, 0xbe, 0x1a, 0xb6, 0x9b, 0xc6, 0x5b, 0xb6, 0x5e, 0xdf, 0x1d, 0xd7,
  0x9e, 0xe7, 0x3d, 0xdf, 0xdc, 0xc6, 0x7b, 0xbe, 0xfc, 0xce, 0xbc, 0xc6,
  0xfa, 0xad, 0xb9, 0xa5, 0x1a, 0xae, 0xd9, 0xad, 0x98, 0x9d, 0x58, 0x95,
  0xb9, 0xa5, 0x78, 0x9d, 0x3b, 0xb6, 0x1a, 0xae, 0x7b, 0xbe, 0x3a, 0xb6,
  0xd9, 0xa5, 0xb9, 0xa5, 0xfa, 0xad, 0xd9, 0xa5, 0xbf, 0xef, 0x7e, 0xe7,
  0xff, 0xf7, 0x9e, 0xef, 0x3d, 0xd7, 0xfc, 0xce, 0x5e, 0xdf, 0x1d, 0xd7,
  0xff, 0xff, 0xdf, 0xf7, 0x7c, 0xef, 0xff, 0xf7, 0x9e, 0xe7, 0x5d, 0xdf,
  0xbf, 0xef, 0x7e, 0xe7, 0xbc, 0xc6, 0x7b, 0xbe, 0xdc, 0xce, 0x9c, 0xc6,
  0x3a, 0xb6, 0xfa, 0xad, 0x5b, 0xbe, 0x3a, 0xb6, 0x1d, 0xd7, 0xdc, 0xce,
  0x3d, 0xdf, 0xfd, 0xd6, 0x9c, 0xc6, 0x5b, 0xbe, 0xdc, 0xce, 0x9b, 0xbe,
  0x75, 0x74, 0x55, 0x6c, 0x75, 0x74, 0x75, 0x74, 0x35, 0x6c, 0x14, 0x6c,
  0x55, 0x6c, 0x35, 0x6c, 0x96, 0x7c, 0x75, 0x74, 0xb6, 0x7c, 0x96, 0x7c,
  0x55, 0x74, 0x55, 0x6c, 0x75, 0x74, 0x55, 0x74, 0x14, 0x64, 0xf4, 0x63,
  0x14, 0x64, 0x14, 0x64, 0xd4, 0x5b, 0xd3, 0x5b, 0xf4, 0x63, 0xd4, 0x5b,
  0x34, 0x6c, 0x14, 0x64, 0x35, 0x6c, 0x34, 0x6c, 0x14, 0x64, 0xf4, 0x63,
  0x14, 0x64, 0x14, 0x64, 0xb6, 0x84, 0xb6, 0x7c, 0xd6, 0x84, 0xb6, 0x84,
  0x95, 0x7c, 0x75, 0x74, 0x96, 0x7c, 0x95, 0x74, 0xf7, 0x8c, 0xd6, 0x84,
  0x17, 0x8d, 0xf7, 0x8c, 0xb6, 0x7c, 0x96, 0x7c, 0xd6, 0x84, 0xb6, 0x7c,
  0x55, 0x74, 0x35, 0x6c, 0x75, 0x74, 0x55, 0x6c, 0x34, 0x6c, 0x14, 0x64,
  0x35, 0x6c, 0x35, 0x6c, 0x95, 0x74, 0x75, 0x74, 0x96, 0x7c, 0x96, 0x74,
  0x55, 0x74, 0x35, 0x6c, 0x75, 0x74, 0x55, 0x74, 0xb3, 0x5b, 0xb3, 0x5b,
  0xd3, 0x5b, 0xd3, 0x5b, 0xb3, 0x5b, 0xb3, 0x53, 0xb3, 0x5b, 0xb3, 0x5b,
  0xf4, 0x5b, 0xd4, 0x5b, 0xf4, 0x63, 0xf4, 0x5b, 0xd4, 0x5b, 0xd3, 0x5b,
  0xd4, 0x5b, 0xd4, 0x5b, 0xb3, 0x53, 0xb3, 0x53, 0xb3, 0x53, 0xb3, 0x53,
  0xb3, 0x53, 0xb3, 0x53, 0xb3, 0x53, 0xb4, 0x53, 0xb4, 0x5b, 0xb4, 0x5b,
  0xd4, 0x5b, 0xd4, 0x5b, 0xb4, 0x53, 0xb4, 0x53, 0xd4, 0x5b, 0xd4, 0x5b,
  0x14, 0x64, 0xf4, 0x63, 0x14, 0x64, 0x14, 0x64, 0xf4, 0x5b, 0xf4, 0x5b,
  0xf4, 0x63, 0xf4, 0x63, 0x35, 0x6c, 0x15, 0x64, 0x55, 0x6c, 0x35, 0x6c,
  0x14, 0x64, 0x14, 0x64, 0x35, 0x64, 0x15, 0x64, 0xd4, 0x5b, 0xd4, 0x5b,
  0xf4, 0x5b, 0xf4, 0x5b, 0xd4, 0x5b, 0xd4, 0x5b, 0xd4, 0x5b, 0xd4, 0x5b,
  0xf4, 0x63, 0xf4, 0x5b, 0x15, 0x64, 0x15, 0x64, 0xf4, 0x5b, 0xf4, 0x5b,
  0xf5, 0x63, 0xf5, 0x5b, 0x37, 0x95, 0x17, 0x8d, 0x58, 0x95, 0x37, 0x95,
  0xf7, 0x8c, 0xd6, 0x84, 0x17, 0x8d, 0xf7, 0x8c, 0x78, 0x9d, 0x58, 0x95,
  0xb9, 0xa5, 0x78, 0x9d, 0x37, 0x95, 0x17, 0x8d, 0x58, 0x95, 0x37, 0x95,
  0xb6, 0x7c, 0x96, 0x7c, 0xd6, 0x84, 0xb6, 0x7c, 0x96, 0x74, 0x75, 0x74,
  0x96, 0x7c, 0x96, 0x7c, 0xf7, 0x8c, 0xd6, 0x84, 0x17, 0x8d, 0xf7, 0x8c,
  0xb6, 0x84, 0xb6, 0x7c, 0xd7, 0x84, 0xd6, 0x84, 0xd9, 0xa5, 0xb9, 0xa5,
  0xfa, 0xad, 0xd9, 0xa5, 0x78, 0x9d, 0x58, 0x95, 0xb9, 0xa5, 0x78, 0x9d,
  0x3a, 0xb6, 0xfa, 0xad, 0x5b, 0xbe, 0x3a, 0xb6, 0xd9, 0xa5, 0xb9, 0xa5,
  0xfa, 0xad, 0xd9, 0xa5, 0x37, 0x95, 0x17, 0x8d, 0x58, 0x95, 0x38, 0x95,
  0xf7, 0x8c, 0xf7, 0x84, 0x17, 0x8d, 0x17, 0x8d, 0x98, 0x9d, 0x78, 0x95,
  0xb9, 0xa5, 0x99, 0x9d, 0x58, 0x95, 0x37, 0x8d, 0x78, 0x9d, 0x58, 0x95,
  0x55, 0x74, 0x55, 0x6c, 0x75, 0x74, 0x75, 0x74, 0x35, 0x6c, 0x35, 0x6c,
  0x55, 0x6c, 0x55, 0x6c, 0x96, 0x7c, 0x76, 0x74, 0xb6, 0x7c, 0x96, 0x7c,
  0x75, 0x74, 0x55, 0x74, 0x96, 0x74, 0x76, 0x74, 0x35, 0x64, 0x15, 0x64,
  0x35, 0x6c, 0x35, 0x64, 0x15, 0x64, 0x15, 0x64, 0x35, 0x64, 0x35, 0x64,
  0x55, 0x6c, 0x55, 0x6c, 0x76, 0x74, 0x55, 0x6c, 0x35, 0x6c, 0x35, 0x64,
  0x55, 0x6c, 0x55, 0x6c, 0xd6, 0x84, 0xb6, 0x7c, 0xf7, 0x84, 0xd7, 0x84,
  0xb6, 0x7c, 0x96, 0x7c, 0xd6, 0x84, 0xb6, 0x7c, 0x17, 0x8d, 0xf7, 0x8c,
  0x38, 0x95, 0x17, 0x8d, 0xf7, 0x84, 0xd6, 0x84, 0x17, 0x8d, 0xf7, 0x8c,
  0x96, 0x74, 0x76, 0x74, 0xb6, 0x7c, 0x96, 0x7c, 0x76, 0x74, 0x76, 0x6c,
  0x96, 0x74, 0x76, 0x74, 0xb6, 0x84, 0xb6, 0x7c, 0xf7, 0x84, 0xd7, 0x84,
  0xb6, 0x7c, 0x96, 0x74, 0xd6, 0x7c, 0xb6, 0x7c, 0x94, 0x4b, 0x94, 0x4b,
  0x93, 0x4b, 0x94, 0x4b, 0xb4, 0x4b, 0xb4, 0x4b, 0xb4, 0x4b, 0xb4, 0x4b,
  0x93, 0x4b, 0x94, 0x4b, 0x93, 0x4b, 0x94, 0x4b, 0x94, 0x4b, 0xb4, 0x4b,
  0x94, 0x4b, 0xb4, 0x4b, 0xb5, 0x4b, 0xd5, 0x53, 0xb4, 0x4b, 0xd5, 0x53,
  0xd5, 0x53, 0xf5, 0x53, 0xd5, 0x53, 0xf5, 0x53, 0xb4, 0x4b, 0xd5, 0x53,
  0xb4, 0x4b, 0xd5, 0x53, 0xd5, 0x53, 0xf5, 0x53, 0xd5, 0x53, 0xf5, 0x53,
  0x93, 0x4b, 0x93, 0x4b, 0x93, 0x4b, 0x93, 0x4b, 0x94, 0x4b, 0xb4, 0x4b,
  0x94, 0x4b, 0xb4, 0x4b, 0x93, 0x4b, 0x93, 0x4b, 0x93, 0x4b, 0x93, 0x4b,
  0x94, 0x4b, 0xb4, 0x53, 0x94, 0x53, 0xb4, 0x53, 0xb4, 0x4b, 0xd5, 0x53,
  0xb4, 0x53, 0xb4, 0x53, 0xd5, 0x53, 0xf5, 0x53, 0xd5, 0x53, 0xf5, 0x53,
  0xb4, 0x53, 0xb4, 0x53, 0xb4, 0x53, 0xb4, 0x53, 0xd5, 0x53, 0xf5, 0x53,
  0xd5, 0x53, 0xf5, 0x53, 0x16, 0x54, 0x16, 0x5c, 0x16, 0x54, 0x16, 0x5c,
  0x36, 0x5c, 0x56, 0x64, 0x36, 0x5c, 0x56, 0x64, 0x16, 0x54, 0x36, 0x5c,
  0x16, 0x54, 0x16, 0x5c, 0x36, 0x5c, 0x56, 0x64, 0x36, 0x5c, 0x56, 0x64,
  0x77, 0x64, 0x77, 0x64, 0x77, 0x64, 0x77, 0x64, 0x97, 0x6c, 0xb7, 0x6c,
  0x97, 0x6c, 0xb7, 0x6c, 0x77, 0x64, 0x77, 0x64, 0x76, 0x64, 0x77, 0x64,
  0x97, 0x6c, 0xb7, 0x6c, 0x97, 0x6c, 0xb7, 0x6c, 0x15, 0x54, 0x16, 0x5c,
  0x15, 0x54, 0x16, 0x5c, 0x36, 0x5c, 0x56, 0x64, 0x36, 0x5c, 0x56, 0x5c,
  0x15, 0x54, 0x16, 0x5c, 0x15, 0x54, 0x16, 0x5c, 0x36, 0x5c, 0x56, 0x5c,
  0x36, 0x5c, 0x36, 0x5c, 0x56, 0x64, 0x77, 0x64, 0x56, 0x64, 0x77, 0x64,
  0x97, 0x6c, 0x97, 0x6c, 0x77, 0x64, 0x97, 0x6c, 0x56, 0x64, 0x77, 0x64,
  0x56, 0x64, 0x57, 0x64, 0x77, 0x64, 0x97, 0x6c, 0x77, 0x64, 0x97, 0x6c,
  0x93, 0x53, 0x93, 0x4b, 0x93, 0x53, 0x93, 0x53, 0x94, 0x53, 0xb4, 0x53,
  0x94, 0x53, 0xb4, 0x53, 0x93, 0x53, 0x93, 0x53, 0x93, 0x53, 0x93, 0x53,
  0x94, 0x53, 0xb4, 0x53, 0x94, 0x53, 0xb4, 0x53, 0xb4, 0x53, 0xb4, 0x53,
  0xb4, 0x53, 0xb4, 0x53, 0xd5, 0x53, 0xf5, 0x53, 0xd5, 0x53, 0xf5, 0x53,
  0xb4, 0x53, 0xb4, 0x53, 0xb4, 0x53, 0xb4, 0x53, 0xd5, 0x53, 0xf5, 0x53,
  0xd5, 0x53, 0xf5, 0x53, 0x93, 0x53, 0x93, 0x53, 0x93, 0x53, 0x93, 0x53,
  0x94, 0x53, 0xb4, 0x53, 0xb4, 0x53, 0xb4, 0x53, 0x93, 0x53, 0x94, 0x53,
  0xb3, 0x53, 0xb4, 0x53, 0xb4, 0x53, 0xb4, 0x53, 0xb4, 0x53, 0xb4, 0x53,
  0xb4, 0x53, 0xb4, 0x53, 0xb4, 0x53, 0xd4, 0x53, 0xd5, 0x53, 0xf5, 0x53,
  0xd5, 0x53, 0xf5, 0x53, 0xb4, 0x53, 0xd4, 0x53, 0xb4, 0x53, 0xd4, 0x53,
  0xd5, 0x53, 0xf5, 0x53, 0xd5, 0x53, 0xf5, 0x53, 0x15, 0x54, 0x16, 0x5c,
  0x15, 0x54, 0x16, 0x5c, 0x36, 0x5c, 0x36, 0x5c, 0x36, 0x5c, 0x36, 0x5c,
  0xf5, 0x53, 0x15, 0x5c, 0x15, 0x54, 0x15, 0x5c, 0x36, 0x5c, 0x36, 0x5c,
  0x36, 0x5c, 0x36, 0x5c, 0x56, 0x64, 0x57, 0x64, 0x56, 0x5c, 0x56, 0x64,
  0x77, 0x64, 0x97, 0x64, 0x77, 0x64, 0x97, 0x64, 0x36, 0x5c, 0x56, 0x64,
  0x36, 0x5c, 0x56, 0x64, 0x77, 0x64, 0x77, 0x64, 0x77, 0x64, 0x77, 0x64,
  0x15, 0x5c, 0x15, 0x5c, 0x15, 0x5c, 0x15, 0x5c, 0x36, 0x5c, 0x36, 0x5c,
  0x36, 0x5c, 0x36, 0x5c, 0x15, 0x5c, 0x15, 0x5c, 0x15, 0x5c, 0x15, 0x5c,
  0x36, 0x5c, 0x36, 0x5c, 0x36, 0x5c, 0x36, 0x64, 0x36, 0x5c, 0x56, 0x64,
  0x56, 0x64, 0x56, 0x64, 0x77, 0x64, 0x77, 0x64, 0x76, 0x64, 0x77, 0x64,
  0x56, 0x64, 0x56, 0x64, 0x56, 0x64, 0x56, 0x64, 0x76, 0x64, 0x77, 0x6c,
  0x76, 0x64, 0x77, 0x6c, 0xb8, 0x74, 0xd8, 0x74, 0xb8, 0x74, 0xd8, 0x74,
  0xf8, 0x7c, 0x18, 0x7d, 0xf8, 0x7c, 0x18, 0x7d, 0xb8, 0x6c, 0xd8, 0x74,
  0xb8, 0x6c, 0xd8, 0x74, 0xf8, 0x7c, 0x18, 0x7d, 0xf8, 0x74, 0x18, 0x7d,
  0x39, 0x85, 0x59, 0x85, 0x39, 0x85, 0x59, 0x85, 0x79, 0x8d, 0x99, 0x8d,
  0x79, 0x8d, 0x99, 0x8d, 0x39, 0x85, 0x59, 0x85, 0x39, 0x85, 0x59, 0x85,
  0x79, 0x8d, 0x79, 0x8d, 0x59, 0x8d, 0x79, 0x8d, 0xb7, 0x6c, 0xd8, 0x74,
  0xb7, 0x6c, 0xd8, 0x74, 0xf8, 0x74, 0x18, 0x7d, 0xf8, 0x74, 0x18, 0x7d,
  0xb7, 0x6c, 0xd8, 0x6c, 0xb7, 0x6c, 0xb8, 0x6c, 0xd8, 0x74, 0xf8, 0x7c,
  0xd8, 0x74, 0xf8, 0x7c, 0x38, 0x7d, 0x39, 0x85, 0x18, 0x7d, 0x39, 0x85,
  0x59, 0x8d, 0x79, 0x8d, 0x59, 0x85, 0x79, 0x8d, 0x18, 0x7d, 0x39, 0x85,
  0x18, 0x7d, 0x39, 0x85, 0x59, 0x85, 0x79, 0x8d, 0x59, 0x85, 0x79, 0x8d,
  0x99, 0x95, 0xb9, 0x9d, 0x99, 0x95, 0xb9, 0x9d, 0xd9, 0x9d, 0xb8, 0xa5,
  0xb9, 0x9d, 0xb8, 0xa5, 0x99, 0x95, 0xb9, 0x9d, 0x99, 0x95, 0xb9, 0x95,
  0xb9, 0x9d, 0xb8, 0xa5, 0xb9, 0x9d, 0xb8, 0xa5, 0x35, 0x9d, 0x51, 0x8c,
  0x76, 0x9d, 0x92, 0x8c, 0xce, 0x8b, 0x69, 0x8b, 0xee, 0x8b, 0x49, 0x8b,
  0x97, 0xa5, 0x92, 0x8c, 0x97, 0xa5, 0x93, 0x8c, 0xce, 0x8b, 0x28, 0x83,
  0xcf, 0x83, 0x49, 0x8b, 0x99, 0x95, 0xb9, 0x95, 0x99, 0x95, 0xb9, 0x95,
  0xb9, 0x9d, 0xb8, 0x9d, 0xb9, 0x9d, 0xb8, 0x9d, 0x99, 0x95, 0x99, 0x95,
  0x99, 0x8d, 0x99, 0x95, 0xb9, 0x9d, 0xb8, 0x9d, 0xb9, 0x9d, 0xb8, 0x9d,
  0x97, 0xa5, 0xf4, 0x94, 0x97, 0xa5, 0xf4, 0x94, 0xcf, 0x83, 0x4a, 0x83,
  0xcf, 0x83, 0x4a, 0x83, 0x97, 0xa5, 0xd3, 0x8c, 0x97, 0xa5, 0xd3, 0x8c,
  0xaf, 0x7b, 0x29, 0x83, 0x8e, 0x73, 0x2a, 0x83, 0xb7, 0x6c, 0xb8, 0x6c,
  0x97, 0x6c, 0xb7, 0x6c, 0xd8, 0x74, 0xf8, 0x74, 0xd8, 0x74, 0xf8, 0x74,
  0x97, 0x6c, 0xb7, 0x6c, 0x97, 0x6c, 0xb7, 0x6c, 0xd8, 0x74, 0xf8, 0x74,
  0xd8, 0x74, 0xf8, 0x74, 0x18, 0x7d, 0x39, 0x85, 0x18, 0x7d, 0x38, 0x7d,
  0x59, 0x85, 0x79, 0x8d, 0x59, 0x85, 0x59, 0x8d, 0x18, 0x7d, 0x38, 0x7d,
  0x18, 0x7d, 0x38, 0x7d, 0x59, 0x85, 0x59, 0x8d, 0x39, 0x85, 0x59, 0x8d,
  0x97, 0x6c, 0xb7, 0x6c, 0x97, 0x6c, 0xb7, 0x6c, 0xd8, 0x74, 0xf8, 0x74,
  0xd8, 0x74, 0xf8, 0x74, 0x97, 0x6c, 0xb7, 0x6c, 0x97, 0x6c, 0xb7, 0x6c,
  0x96, 0x74, 0xd7, 0x74, 0x96, 0x74, 0x55, 0x74, 0x18, 0x7d, 0x18, 0x7d,
  0xf8, 0x7c, 0x18, 0x7d, 0x38, 0x85, 0x59, 0x8d, 0x38, 0x85, 0x59, 0x85,
  0xf8, 0x7c, 0x18, 0x7d, 0xd7, 0x74, 0xb6, 0x7c, 0x38, 0x85, 0x58, 0x85,
  0x17, 0x7d, 0xf7, 0x84, 0x79, 0x8d, 0x99, 0x95, 0x79, 0x8d, 0x99, 0x95,
  0xb9, 0x9d, 0xb8, 0x9d, 0xb9, 0x9d, 0xb8, 0x9d, 0x79, 0x8d, 0x99, 0x95,
  0x79, 0x8d, 0x99, 0x95, 0x99, 0x95, 0xb8, 0x9d, 0x98, 0x95, 0x98, 0x9d,
  0x97, 0xa5, 0xd3, 0x8c, 0x97, 0x9d, 0x92, 0x8c, 0xae, 0x7b, 0x2a, 0x83,
  0x8e, 0x7b, 0xea, 0x72, 0x97, 0x9d, 0x14, 0x95, 0x97, 0x9d, 0x35, 0x9d,
  0xef, 0x7b, 0x0a, 0x7b, 0x51, 0x8c, 0x2a, 0x7b, 0x79, 0x8d, 0x99, 0x95,
  0x79, 0x8d, 0x99, 0x95, 0x98, 0x95, 0x98, 0x9d, 0x98, 0x95, 0x98, 0x9d,
  0x79, 0x8d, 0x78, 0x95, 0x38, 0x85, 0x78, 0x8d, 0x98, 0x95, 0x98, 0x9d,
  0x78, 0x95, 0x97, 0x9d, 0x97, 0x9d, 0x35, 0x9d, 0x97, 0x9d, 0x35, 0x9d,
  0x92, 0x8c, 0x4b, 0x7b, 0xb3, 0x94, 0x4c, 0x73, 0x77, 0x9d, 0x35, 0x9d,
  0x76, 0x9d, 0x35, 0x9d, 0xd3, 0x94, 0x4d, 0x73, 0xb3, 0x94, 0xef, 0x83,
  0xb4, 0x53, 0xb4, 0x53, 0xb4, 0x53, 0xb4, 0x53, 0xb4, 0x53, 0xb4, 0x53,
  0xb4, 0x53, 0xb4, 0x53, 0xb4, 0x53, 0xb4, 0x53, 0xd4, 0x53, 0xd4, 0x53,
  0xb4, 0x53, 0xd4, 0x53, 0xd4, 0x53, 0xd4, 0x53, 0xb4, 0x53, 0xd4, 0x53,
  0xd4, 0x53, 0xd4, 0x53, 0xd5, 0x53, 0xf5, 0x5b, 0xf5, 0x53, 0xf5, 0x5b,
  0xd4, 0x53, 0xd5, 0x53, 0xd4, 0x53, 0xd5, 0x53, 0xf5, 0x53, 0x15, 0x5c,
  0xf5, 0x5b, 0x15, 0x5c, 0xd4, 0x5b, 0xd4, 0x5b, 0xd4, 0x5b, 0xd4, 0x5b,
  0xd4, 0x53, 0xd4, 0x53, 0xd4, 0x5b, 0xd4, 0x5b, 0xf4, 0x5b, 0xf4, 0x5b,
  0xf5, 0x5b, 0xf5, 0x5b, 0xf4, 0x5b, 0xf5, 0x5b, 0xf5, 0x5b, 0xf5, 0x5b,
  0xd5, 0x53, 0xf5, 0x5b, 0xf5, 0x5b, 0xf5, 0x5b, 0xf5, 0x5b, 0x15, 0x5c,
  0x15, 0x5c, 0x15, 0x5c, 0xf5, 0x5b, 0x15, 0x5c, 0x15, 0x5c, 0x15, 0x5c,
  0x15, 0x5c, 0x35, 0x64, 0x15, 0x64, 0x35, 0x64, 0x15, 0x5c, 0x15, 0x5c,
  0x15, 0x5c, 0x35, 0x5c, 0x36, 0x64, 0x36, 0x64, 0x36, 0x64, 0x56, 0x64,
  0x15, 0x5c, 0x35, 0x5c, 0x15, 0x5c, 0x35, 0x64, 0x36, 0x64, 0x56, 0x64,
  0x36, 0x64, 0x56, 0x64, 0x56, 0x64, 0x56, 0x64, 0x56, 0x64, 0x56, 0x64,
  0x76, 0x64, 0x97, 0x6c, 0x76, 0x6c, 0x97, 0x6c, 0x56, 0x64, 0x76, 0x64,
  0x56, 0x64, 0x76, 0x64, 0x76, 0x6c, 0x97, 0x6c, 0x76, 0x6c, 0x96, 0x6c,
  0x35, 0x5c, 0x35, 0x64, 0x35, 0x64, 0x36, 0x64, 0x36, 0x64, 0x56, 0x64,
  0x56, 0x64, 0x56, 0x64, 0x35, 0x64, 0x36, 0x64, 0x36, 0x64, 0x56, 0x64,
  0x56, 0x64, 0x56, 0x64, 0x56, 0x64, 0x56, 0x6c, 0x56, 0x64, 0x76, 0x6c,
  0x56, 0x64, 0x76, 0x6c, 0x76, 0x6c, 0x97, 0x6c, 0x76, 0x6c, 0x97, 0x6c,
  0x76, 0x6c, 0x76, 0x6c, 0x76, 0x6c, 0x76, 0x6c, 0x96, 0x6c, 0x97, 0x6c,
  0x96, 0x6c, 0x97, 0x74, 0x15, 0x64, 0x15, 0x64, 0x15, 0x64, 0x15, 0x64,
  0x15, 0x5c, 0x15, 0x5c, 0x15, 0x64, 0x15, 0x64, 0x35, 0x64, 0x35, 0x64,
  0x55, 0x6c, 0x55, 0x6c, 0x35, 0x64, 0x35, 0x64, 0x55, 0x6c, 0x55, 0x64,
  0x15, 0x5c, 0x15, 0x64, 0x35, 0x64, 0x35, 0x64, 0x35, 0x64, 0x35, 0x64,
  0x35, 0x64, 0x56, 0x64, 0x35, 0x64, 0x35, 0x64, 0x56, 0x6c, 0x56, 0x6c,
  0x56, 0x64, 0x56, 0x6c, 0x56, 0x6c, 0x76, 0x6c, 0x56, 0x6c, 0x56, 0x6c,
  0x76, 0x74, 0x76, 0x74, 0x56, 0x6c, 0x56, 0x6c, 0x76, 0x74, 0x76, 0x74,
  0x96, 0x74, 0x96, 0x74, 0xb6, 0x7c, 0xb6, 0x7c, 0x96, 0x74, 0x96, 0x74,
  0xb6, 0x7c, 0xb6, 0x7c, 0x76, 0x6c, 0x76, 0x6c, 0x76, 0x74, 0x76, 0x74,
  0x76, 0x6c, 0x76, 0x6c, 0x96, 0x74, 0x96, 0x74, 0x96, 0x74, 0x96, 0x74,
  0xb6, 0x7c, 0xb6, 0x7c, 0x96, 0x74, 0x96, 0x74, 0xb7, 0x7c, 0xb7, 0x7c,
  0x56, 0x64, 0x56, 0x64, 0x56, 0x64, 0x56, 0x6c, 0x56, 0x6c, 0x76, 0x6c,
  0x76, 0x6c, 0x76, 0x6c, 0x56, 0x6c, 0x76, 0x6c, 0x76, 0x6c, 0x76, 0x6c,
  0x76, 0x6c, 0x76, 0x6c, 0x76, 0x6c, 0x76, 0x6c, 0x76, 0x6c, 0x76, 0x6c,
  0x76, 0x6c, 0x96, 0x6c, 0x97, 0x6c, 0x97, 0x74, 0x97, 0x74, 0x97, 0x74,
  0x96, 0x6c, 0x97, 0x74, 0x96, 0x74, 0xb7, 0x74, 0xb7, 0x74, 0xb7, 0x74,
  0xb7, 0x74, 0xb7, 0x74, 0x76, 0x6c, 0x96, 0x6c, 0x96, 0x74, 0x96, 0x74,
  0x96, 0x6c, 0x96, 0x74, 0x96, 0x74, 0xb7, 0x74, 0xb6, 0x74, 0xb7, 0x74,
  0xb7, 0x7c, 0xb7, 0x7c, 0xb7, 0x74, 0xb7, 0x74, 0xd7, 0x7c, 0xd7, 0x7c,
  0x97, 0x74, 0xb7, 0x74, 0xb7, 0x74, 0xb7, 0x74, 0xb7, 0x74, 0xd7, 0x74,
  0xb7, 0x74, 0xd7, 0x7c, 0xd7, 0x74, 0xd7, 0x7c, 0xd7, 0x7c, 0xd7, 0x7c,
  0xd7, 0x7c, 0xf7, 0x7c, 0xf7, 0x7c, 0xf8, 0x84, 0x97, 0x6c, 0xb7, 0x74,
  0x97, 0x6c, 0xb7, 0x74, 0xb7, 0x74, 0x95, 0x7c, 0x96, 0x74, 0x74, 0x7c,
  0x97, 0x6c, 0xb7, 0x74, 0x97, 0x6c, 0xb7, 0x74, 0xb7, 0x74, 0xb6, 0x7c,
  0xb7, 0x74, 0xb6, 0x74, 0xb7, 0x74, 0xb6, 0x7c, 0x54, 0x74, 0x32, 0x7c,
  0x18, 0x85, 0xf7, 0x84, 0x33, 0x74, 0x94, 0x84, 0x95, 0x7c, 0xd6, 0x84,
  0xd7, 0x7c, 0x18, 0x7d, 0xd6, 0x84, 0xb4, 0x84, 0xf7, 0x84, 0x38, 0x85,
  0x97, 0x6c, 0xb7, 0x74, 0xb7, 0x74, 0xb7, 0x74, 0xd7, 0x74, 0xd7, 0x7c,
  0xd7, 0x74, 0xd7, 0x74, 0x97, 0x74, 0xb7, 0x74, 0xb7, 0x74, 0xb7, 0x74,
  0xd7, 0x74, 0xd7, 0x7c, 0xb7, 0x74, 0xf7, 0x7c, 0xf7, 0x7c, 0x18, 0x7d,
  0xf8, 0x7c, 0x18, 0x7d, 0x18, 0x85, 0x58, 0x8d, 0x38, 0x85, 0x38, 0x8d,
  0xf8, 0x7c, 0x18, 0x7d, 0xf7, 0x7c, 0x17, 0x85, 0x18, 0x85, 0x38, 0x85,
  0x18, 0x85, 0x38, 0x8d, 0x58, 0x8d, 0x78, 0x95, 0x73, 0x7c, 0xb4, 0x84,
  0x98, 0x95, 0x56, 0x95, 0x15, 0x95, 0xb3, 0x8c, 0x52, 0x7c, 0xf5, 0x84,
  0x16, 0x8d, 0x58, 0x95, 0xf5, 0x8c, 0x14, 0x95, 0x57, 0x95, 0x35, 0x95,
  0xf4, 0x8c, 0x92, 0x8c, 0xf4, 0x94, 0xb2, 0x94, 0x51, 0x84, 0xcf, 0x7b,
  0x71, 0x94, 0x0f, 0x8c, 0x14, 0x95, 0x92, 0x94, 0xd3, 0x94, 0x92, 0x8c,
  0x71, 0x8c, 0xcf, 0x73, 0x30, 0x8c, 0x6d, 0x6b, 0x38, 0x8d, 0x78, 0x95,
  0x58, 0x8d, 0x78, 0x95, 0x98, 0x95, 0x97, 0x9d, 0x78, 0x95, 0x77, 0x9d,
  0x58, 0x8d, 0x78, 0x95, 0x58, 0x8d, 0x78, 0x95, 0x78, 0x95, 0x97, 0x9d,
  0x98, 0x9d, 0x97, 0x9d, 0x56, 0x9d, 0x14, 0x9d, 0x76, 0xa5, 0x34, 0x9d,
  0x91, 0x94, 0x8d, 0x7b, 0x92, 0x94, 0x6e, 0x6b, 0x76, 0xa5, 0x55, 0xa5,
  0x76, 0xa5, 0xf4, 0x94, 0xd3, 0x94, 0x4e, 0x63, 0x6e, 0x6b, 0x0d, 0x63,
  0xb7, 0x74, 0xd7, 0x74, 0xb7, 0x74, 0xd7, 0x74, 0xd7, 0x7c, 0x95, 0x7c,
  0xd7, 0x74, 0xb6, 0x7c, 0xb7, 0x74, 0xd7, 0x74, 0xd7, 0x7c, 0xd7, 0x7c,
  0xd7, 0x7c, 0xd7, 0x7c, 0xf7, 0x7c, 0xf8, 0x7c, 0xb6, 0x7c, 0xf7, 0x84,
  0x74, 0x7c, 0x74, 0x7c, 0xf7, 0x84, 0x17, 0x85, 0xd6, 0x84, 0xb5, 0x7c,
  0xb5, 0x84, 0xd6, 0x84, 0xf7, 0x7c, 0x18, 0x85, 0x73, 0x84, 0x94, 0x84,
  0x17, 0x85, 0x37, 0x8d, 0xd7, 0x7c, 0xd7, 0x7c, 0xf7, 0x7c, 0xf7, 0x7c,
  0xf7, 0x7c, 0x17, 0x85, 0x18, 0x85, 0x18, 0x85, 0xf7, 0x7c, 0xf7, 0x84,
  0xf7, 0x84, 0x18, 0x85, 0x18, 0x85, 0x18, 0x85, 0x38, 0x85, 0x38, 0x8d,
  0x18, 0x85, 0x38, 0x85, 0x38, 0x85, 0x38, 0x8d, 0x38, 0x8d, 0x58, 0x95,
  0x58, 0x8d, 0x78, 0x95, 0x38, 0x85, 0x37, 0x8d, 0x38, 0x8d, 0x37, 0x8d,
  0x37, 0x8d, 0x78, 0x95, 0x94, 0x8c, 0xb4, 0x8c, 0x37, 0x8d, 0x78, 0x95,
  0x17, 0x8d, 0x57, 0x95, 0x98, 0x9d, 0x97, 0x9d, 0x57, 0x95, 0x56, 0x9d,
  0xb4, 0x84, 0xf5, 0x8c, 0x36, 0x95, 0x57, 0x95, 0x15, 0x95, 0xf4, 0x94,
  0x56, 0x9d, 0x56, 0x9d, 0x76, 0xa5, 0x34, 0x9d, 0x35, 0x9d, 0xb2, 0x94,
  0xec, 0x5a, 0xec, 0x5a, 0x0c, 0x5b, 0xec, 0x5a, 0xd3, 0x94, 0xb2, 0x9c,
  0x55, 0xa5, 0xf3, 0x9c, 0xce, 0x7b, 0xec, 0x62, 0xae, 0x73, 0x4d, 0x63,
  0x58, 0x95, 0x98, 0x9d, 0x78, 0x95, 0x98, 0x9d, 0x98, 0x9d, 0x97, 0xa5,
  0x98, 0x9d, 0xb7, 0xa5, 0x78, 0x95, 0x98, 0x9d, 0x16, 0x95, 0xb4, 0x8c,
  0xb8, 0xa5, 0xb7, 0xa5, 0x77, 0x9d, 0x76, 0xa5, 0x35, 0x9d, 0x2f, 0x8c,
  0x35, 0x9d, 0x71, 0x8c, 0x6c, 0x73, 0xce, 0x7b, 0x4d, 0x6b, 0x2d, 0x63,
  0x96, 0xad, 0x51, 0x84, 0x34, 0xa5, 0x91, 0x94, 0x2d, 0x63, 0x2d, 0x63,
  0x2c, 0x63, 0x2c, 0x63, 0x6b, 0x7b, 0x6b, 0x7b, 0x6b, 0x7b, 0x6b, 0x7b,
  0x6b, 0x7b, 0x6b, 0x7b, 0x6b, 0x7b, 0x6b, 0x7b, 0x6b, 0x7b, 0x6b, 0x7b,
  0x6b, 0x7b, 0x6b, 0x7b, 0x6b, 0x7b, 0x6b, 0x7b, 0x6b, 0x7b, 0x6b, 0x7b,
  0x6b, 0x7b, 0x6b, 0x7b, 0x6b, 0x7b, 0x6b, 0x7b, 0x6b, 0x7b, 0x6b, 0x7b,
  0x6b, 0x7b, 0x6b, 0x7b, 0x6b, 0x7b, 0x6b, 0x7b, 0x6b, 0x7b, 0x6b, 0x7b,
  0x6b, 0x7b, 0x6b, 0x7b, 0x6b, 0x7b, 0x6b, 0x7b, 0x6b, 0x7b, 0x6b, 0x7b,
  0x6b, 0x7b, 0x6b, 0x7b, 0x6b, 0x7b, 0x6b, 0x7b, 0x6b, 0x7b, 0x6b, 0x7b,
  0x6b, 0x7b, 0x6b, 0x7b, 0x6b, 0x7b, 0x6b, 0x7b, 0x6b, 0x7b, 0x6b, 0x7b,
  0x6b, 0x7b, 0x6b, 0x7b, 0x6b, 0x7b, 0x6b, 0x7b, 0x6b, 0x7b, 0x6b, 0x7b,
  0x6b, 0x7b, 0x6b, 0x7b, 0x6b, 0x7b, 0x6b, 0x7b, 0x6b, 0x7b, 0x6b, 0x7b,
  0x6b, 0x7b, 0x6b, 0x7b, 0x6b, 0x7b, 0x6b, 0x7b, 0x6b, 0x7b, 0x6b, 0x7b,
  0xd0, 0x9c, 0xff, 0xff, 0x6b, 0x7b, 0xd9, 0xd6, 0xff, 0xf7, 0xbf, 0xef,
  0xff, 0xff, 0xdf, 0xf7, 0x6b, 0x7b, 0x8b, 0x7b, 0x6b, 0x7b, 0x6b, 0x7b,
  0xbd, 0xf7, 0xff, 0xf7, 0xd0, 0x9c, 0xfe, 0xf7, 0x7e, 0xe7, 0x3d, 0xdf,
  0xbe, 0xef, 0x7e, 0xe7, 0xfd, 0xd6, 0xdc, 0xce, 0x3d, 0xd7, 0xfd, 0xd6,
  0xdf, 0xf7, 0x9e, 0xef, 0xff, 0xff, 0xdf, 0xef, 0x7e, 0xe7, 0x3d, 0xd7,
  0x9e, 0xef, 0x7e, 0xe7, 0x6b, 0x7b, 0x6b, 0x7b, 0x6b, 0x7b, 0x6b, 0x7b,
  0x6b, 0x7b, 0x77, 0xce, 0x6b, 0x7b, 0x6b, 0x7b, 0x6b, 0x7b, 0x6b, 0x7b,
  0x6b, 0x7b, 0x6b, 0x7b, 0x6b, 0x7b, 0x6b, 0x7b, 0x6b, 0x7b, 0x6b, 0x7b,
  0xde, 0xf7, 0xff, 0xf7, 0x1a, 0xdf, 0xff, 0xf7, 0xdf, 0xef, 0x9e, 0xef,
  0xff, 0xf7, 0xdf, 0xef, 0x0d, 0x8c, 0x1a, 0xdf, 0x6b, 0x7b, 0x11, 0xa5,
  0xff, 0xff, 0xff, 0xf7, 0x5c, 0xe7, 0xff, 0xff, 0x6b, 0x7b, 0x6b, 0x7b,
  0x6b, 0x7b, 0x6b, 0x7b, 0x6b, 0x7b, 0x6b, 0x7b, 0x6b, 0x7b, 0x6b, 0x7b,
  0x6b, 0x7b, 0x6b, 0x7b, 0x6b, 0x7b, 0x6b, 0x7b, 0x6b, 0x7b, 0x6b, 0x7b,
  0x6b, 0x7b, 0x6b, 0x7b, 0x6b, 0x7b, 0x6b, 0x7b, 0x6b, 0x7b, 0x6b, 0x7b,
  0x6b, 0x7b, 0x6b, 0x7b, 0x6b, 0x7b, 0x6b, 0x7b, 0x6b, 0x7b, 0x6b, 0x7b,
  0x6b, 0x7b, 0x6b, 0x7b, 0x6b, 0x7b, 0x6b, 0x7b, 0x6b, 0x7b, 0x6b, 0x7b,
  0x6b, 0x7b, 0x6b, 0x7b, 0x6b, 0x7b, 0x6b, 0x7b, 0x6b, 0x7b, 0x6b, 0x7b,
  0x6b, 0x7b, 0x6b, 0x7b, 0x6b, 0x7b, 0x6b, 0x7b, 0x6b, 0x7b, 0x6b, 0x7b,
  0x6b, 0x7b, 0x6b, 0x7b, 0x6b, 0x7b, 0x6b, 0x7b, 0x6b, 0x7b, 0x6b, 0x7b,
  0x6b, 0x7b, 0x6b, 0x7b, 0x6b, 0x7b, 0x6b, 0x7b, 0x6b, 0x7b, 0x6b, 0x7b,
  0x6b, 0x7b, 0x6b, 0x7b, 0x6b, 0x7b, 0x6b, 0x7b, 0x6b, 0x7b, 0x6b, 0x7b,
  0x6b, 0x7b, 0x6b, 0x7b, 0x6b, 0x7b, 0x6b, 0x7b, 0x6b, 0x7b, 0x6b, 0x7b,
  0x6b, 0x7b, 0x6b, 0x7b, 0x6b, 0x7b, 0x6b, 0x7b, 0x6b, 0x7b, 0x6b, 0x7b,
  0x6b, 0x7b, 0x6b, 0x7b, 0x6b, 0x7b, 0x6b, 0x7b, 0x6b, 0x7b, 0x6b, 0x7b,
  0x6b, 0x7b, 0x6b, 0x7b, 0x6b, 0x7b, 0x6b, 0x7b, 0x73, 0xb5, 0x7c, 0xef,
  0x6b, 0x7b, 0x98, 0xd6, 0x6b, 0x7b, 0x6b, 0x7b, 0x6b, 0x7b, 0x6b, 0x7b,
  0x6b, 0x7b, 0x8b, 0x7b, 0x6b, 0x7b, 0x6b, 0x7b, 0x6b, 0x7b, 0x6b, 0x7b,
  0x6b, 0x7b, 0x6b, 0x7b, 0x6b, 0x7b, 0x6b, 0x7b, 0x6b, 0x7b, 0x6b, 0x7b,
  0x6b, 0x7b, 0x6b, 0x7b, 0x6b, 0x7b, 0x6b, 0x7b, 0x6b, 0x7b, 0x6b, 0x7b,
  0x6b, 0x7b, 0x6b, 0x7b, 0x6b, 0x7b, 0x6b, 0x7b, 0x6b, 0x7b, 0x6b, 0x7b,
  0x6b, 0x7b, 0x6b, 0x7b, 0x6b, 0x7b, 0x6b, 0x7b, 0x6b, 0x7b, 0x6b, 0x7b,
  0x6b, 0x7b, 0x6b, 0x7b, 0x6b, 0x7b, 0x6b, 0x7b, 0x6b, 0x7b, 0x6b, 0x7b,
  0x9c, 0xc6, 0x5b, 0xbe, 0xdc, 0xce, 0x9c, 0xc6, 0x3a, 0xb6, 0xfa, 0xad,
  0x7b, 0xbe, 0x3a, 0xb6, 0xfd, 0xd6, 0xdc, 0xce, 0x3d, 0xd7, 0x1d, 0xd7,
  0x9c, 0xc6, 0x7b, 0xbe, 0xdc, 0xce, 0xbc, 0xc6, 0xd9, 0xa5, 0xb9, 0xa5,
  0x1a, 0xae, 0xfa, 0xad, 0x99, 0x9d, 0x78, 0x9d, 0xb9, 0xa5, 0xb9, 0xa5,
  0x3b, 0xb6, 0x1a, 0xae, 0x7b, 0xbe, 0x5b, 0xb6, 0xfa, 0xad, 0xd9, 0xa5,
  0x3a, 0xb6, 0x1a, 0xae, 0x7e, 0xe7, 0x3d, 0xdf, 0x9e, 0xef, 0x7e, 0xe7,
  0x1d, 0xd7, 0xfc, 0xce, 0x5d, 0xdf, 0x1d, 0xd7, 0xdf, 0xf7, 0xbe, 0xef,
  0xff, 0xf7, 0xdf, 0xf7, 0x7e, 0xe7, 0x5e, 0xdf, 0xbf, 0xef, 0x9e, 0xe7,
  0xbc, 0xc6, 0x9b, 0xbe, 0xfd, 0xce, 0xdc, 0xc6, 0x5b, 0xbe, 0x3a, 0xb6,
  0x9c, 0xc6, 0x7b, 0xbe, 0x3d, 0xd7, 0x1d, 0xcf, 0x5e, 0xdf, 0x3d, 0xdf,
  0xdc, 0xce, 0xbc, 0xc6, 0x1d, 0xd7, 0xfd, 0xce, 0x58, 0x95, 0x58, 0x95,
  0x99, 0x9d, 0x78, 0x9d, 0x38, 0x95, 0x17, 0x8d, 0x58, 0x95, 0x58, 0x95,
  0xb9, 0xa5, 0x99, 0x9d, 0xfa, 0xad, 0xd9, 0xa5, 0x99, 0x9d, 0x78, 0x9d,
  0xb9, 0xa5, 0x99, 0xa5, 0x17, 0x8d, 0xf7, 0x8c, 0x37, 0x95, 0x17, 0x8d,
  0xf7, 0x84, 0xd7, 0x84, 0x17, 0x8d, 0x17, 0x8d, 0x58, 0x9d, 0x58, 0x95,
  0x99, 0x9d, 0x78, 0x9d, 0x38, 0x95, 0x37, 0x8d, 0x78, 0x9d, 0x58, 0x95,
  0x1a, 0xae, 0xfa, 0xad, 0x5b, 0xb6, 0x3a, 0xb6, 0xd9, 0xad, 0xd9, 0xa5,
  0x1a, 0xae, 0xfa, 0xad, 0x9b, 0xbe, 0x7b, 0xbe, 0xdc, 0xc6, 0xbc, 0xc6,
  0x5b, 0xb6, 0x3a, 0xb6, 0x9b, 0xbe, 0x7b, 0xbe, 0xb9, 0xa5, 0xb9, 0xa5,
  0xf9, 0xad, 0xd9, 0xa5, 0x99, 0x9d, 0x98, 0x9d, 0xb9, 0xa5, 0xb9, 0xa5,
  0x1a, 0xb6, 0x1a, 0xae, 0x5b, 0xb6, 0x3a, 0xb6, 0xfa, 0xad, 0xd9, 0xad,
  0x1a, 0xb6, 0x1a, 0xae, 0xff, 0xff, 0xff, 0xff, 0xbe, 0xf7, 0xff, 0xff,
  0xff, 0xf7, 0xbf, 0xef, 0xff, 0xff, 0xff, 0xf7, 0x73, 0xb5, 0xbe, 0xf7,
  0x8b, 0x7b, 0xf5, 0xc5, 0xff, 0xff, 0xff, 0xff, 0xbd, 0xf7, 0xff, 0xff,
  0x9e, 0xe7, 0x7e, 0xe7, 0xdf, 0xef, 0xbf, 0xef, 0x5e, 0xdf, 0x3d, 0xd7,
  0x9e, 0xe7, 0x5e, 0xdf, 0xff, 0xf7, 0xdf, 0xf7, 0xff, 0xff, 0xff, 0xff,
  0xbf, 0xef, 0x9e, 0xe7, 0xff, 0xf7, 0xdf, 0xef, 0x6b, 0x7b, 0x8b, 0x7b,
  0x6b, 0x7b, 0x6b, 0x7b, 0x16, 0xc6, 0x9d, 0xef, 0x8b, 0x7b, 0xf5, 0xc5,
  0x6b, 0x7b, 0x6b, 0x7b, 0x6b, 0x7b, 0x6b, 0x7b, 0x6b, 0x7b, 0x8b, 0x7b,
  0x6b, 0x7b, 0x6b, 0x7b, 0xff, 0xff, 0xff, 0xff, 0x9d, 0xef, 0xff, 0xff,
  0xff, 0xff, 0xff, 0xff, 0xff, 0xff, 0xff, 0xff, 0x52, 0xb5, 0x7c, 0xef,
  0x8b, 0x7b, 0x4d, 0x94, 0xff, 0xff, 0xff, 0xff, 0x3b, 0xe7, 0xff, 0xff,
  0x1d, 0xcf, 0xfc, 0xce, 0x3e, 0xdf, 0x1d, 0xd7, 0xdc, 0xc6, 0xbc, 0xc6,
  0xfd, 0xce, 0xdc, 0xce, 0x7e, 0xe7, 0x5e, 0xdf, 0xbf, 0xef, 0x9e, 0xe7,
  0x3d, 0xd7, 0x1d, 0xd7, 0x7e, 0xe7, 0x5e, 0xdf, 0x9b, 0xbe, 0x7b, 0xbe,
  0xdc, 0xc6, 0xbc, 0xc6, 0x5b, 0xbe, 0x3a, 0xb6, 0x9b, 0xbe, 0x7b, 0xbe,
  0xfd, 0xce, 0xfc, 0xce, 0x3d, 0xdf, 0x1d, 0xd7, 0xdc, 0xc6, 0xbc, 0xc6,
  0x1d, 0xd7, 0xfd, 0xce, 0xff, 0xf7, 0xdf, 0xef, 0xff, 0xff, 0xff, 0xf7,
  0xbf, 0xef, 0x9e, 0xe7, 0xff, 0xf7, 0xdf, 0xef, 0xff, 0xff, 0xff, 0xff,
  0xff, 0xff, 0xff, 0xff, 0xff, 0xff, 0xff, 0xf7, 0xff, 0xff, 0xff, 0xff,
  0x7e, 0xe7, 0x5e, 0xdf, 0xbf, 0xef, 0x9e, 0xe7, 0x5e, 0xdf, 0x3d, 0xd7,
  0x7e, 0xe7, 0x7e, 0xdf, 0xff, 0xf7, 0xdf, 0xef, 0xff, 0xff, 0xff, 0xf7,
  0xbf, 0xef, 0x9f, 0xe7, 0xff, 0xf7, 0xdf, 0xf7, 0x6b, 0x7b, 0x6b, 0x7b,
  0x6b, 0x7b, 0x6b, 0x7b, 0x6b, 0x7b, 0x6b, 0x7b, 0x6b, 0x7b, 0x6b, 0x7b,
  0x6b, 0x7b, 0x6b, 0x7b, 0x6b, 0x7b, 0x6b, 0x7b, 0x6b, 0x7b, 0x6b, 0x7b,
  0x6b, 0x7b, 0x6b, 0x7b, 0x6b, 0x7b, 0x6b, 0x7b, 0x6b, 0x7b, 0x6b, 0x7b,
  0x6b, 0x7b, 0x6b, 0x7b, 0x6b, 0x7b, 0x6b, 0x7b, 0x6b, 0x7b, 0x6b, 0x7b,
  0x6b, 0x7b, 0x6b, 0x7b, 0x6b, 0x7b, 0x6b, 0x7b, 0x6b, 0x7b, 0x6b, 0x7b,
  0x6b, 0x7b, 0x6b, 0x7b, 0x6b, 0x7b, 0x6b, 0x7b, 0x6b, 0x7b, 0x6b, 0x7b,
  0x6b, 0x7b, 0x6b, 0x7b, 0x6b, 0x7b, 0x6b, 0x7b, 0x6b, 0x7b, 0x6b, 0x7b,
  0x6b, 0x7b, 0x6b, 0x7b, 0x6b, 0x7b, 0x6b, 0x7b, 0x6b, 0x7b, 0x6b, 0x7b,
  0x6b, 0x7b, 0x6b, 0x7b, 0x6b, 0x7b, 0x6b, 0x7b, 0x6b, 0x7b, 0x6b, 0x7b,
  0x6b, 0x7b, 0x6b, 0x7b, 0x6b, 0x7b, 0x6b, 0x7b, 0x6b, 0x7b, 0x6b, 0x7b,
  0x6b, 0x7b, 0x6b, 0x7b, 0x6b, 0x7b, 0x6b, 0x7b, 0x6b, 0x7b, 0x6b, 0x7b,
  0x6b, 0x7b, 0x6b, 0x7b, 0x6b, 0x7b, 0x6b, 0x7b, 0x6b, 0x7b, 0x6b, 0x7b,
  0x6b, 0x7b, 0x6b, 0x7b, 0x6b, 0x7b, 0x6b, 0x7b, 0x6b, 0x7b, 0x6b, 0x7b,
  0x6b, 0x7b, 0x6b, 0x7b, 0x6b, 0x7b, 0x6b, 0x7b, 0x6b, 0x7b, 0x6b, 0x7b,
  0x6b, 0x7b, 0x6b, 0x7b, 0x6b, 0x7b, 0x6b, 0x7b, 0x6b, 0x7b, 0x6b, 0x7b,
  0x6b, 0x7b, 0x6b, 0x7b, 0x6b, 0x7b, 0x6b, 0x7b, 0x6b, 0x7b, 0x6b, 0x7b,
  0x6b, 0x7b, 0x6b, 0x7b, 0x6b, 0x7b, 0x6b, 0x7b, 0x6b, 0x7b, 0x6b, 0x7b,
  0x6b, 0x7b, 0x6b, 0x7b, 0x6b, 0x7b, 0x6b, 0x7b, 0x6b, 0x7b, 0x6b, 0x7b,
  0x6b, 0x7b, 0x6b, 0x7b, 0x6b, 0x7b, 0x6b, 0x7b, 0x6b, 0x7b, 0x6b, 0x7b,
  0x6b, 0x7b, 0x6b, 0x7b, 0x6b, 0x7b, 0x6b, 0x7b, 0x6b, 0x7b, 0x6b, 0x7b,
  0x6b, 0x7b, 0x6b, 0x7b, 0x6b, 0x7b, 0x6b, 0x7b, 0x6b, 0x7b, 0x6b, 0x7b,
  0x6b, 0x7b, 0x6b, 0x7b, 0x6b, 0x7b, 0x6b, 0x7b, 0x6b, 0x7b, 0x6b, 0x7b,
  0x6b, 0x7b, 0x6b, 0x7b, 0x6b, 0x7b, 0x6b, 0x7b, 0x6b, 0x7b, 0x6b, 0x7b,
  0x6b, 0x7b, 0x6b, 0x7b, 0x6b, 0x7b, 0x6b, 0x7b, 0x6b, 0x7b, 0x6b, 0x7b,
  0x6b, 0x7b, 0x6b, 0x7b, 0x6b, 0x7b, 0x6b, 0x7b, 0x6b, 0x7b, 0x6b, 0x7b,
  0x6b, 0x7b, 0x6b, 0x7b, 0x6b, 0x7b, 0x6b, 0x7b, 0x6b, 0x7b, 0x6b, 0x7b,
  0x6b, 0x7b, 0x6b, 0x7b, 0x6b, 0x7b, 0x6b, 0x7b, 0x6b, 0x7b, 0x6b, 0x7b,
  0x6b, 0x7b, 0x6b, 0x7b, 0x6b, 0x7b, 0x6b, 0x7b, 0x6b, 0x7b, 0x6b, 0x7b,
  0x6b, 0x7b, 0x6b, 0x7b, 0x6b, 0x7b, 0x6b, 0x7b, 0x6b, 0x7b, 0x6b, 0x7b,
  0x6b, 0x7b, 0x6b, 0x7b, 0x6b, 0x7b, 0x6b, 0x7b, 0x6b, 0x7b, 0x6b, 0x7b,
  0x6b, 0x7b, 0x6b, 0x7b, 0x6b, 0x7b, 0x6b, 0x7b, 0x6b, 0x7b, 0x6b, 0x7b,
  0x6b, 0x7b, 0x6b, 0x7b, 0x6b, 0x7b, 0x6b, 0x7b, 0x6b, 0x7b, 0x6b, 0x7b,
  0x6b, 0x7b, 0x6b, 0x7b, 0x6b, 0x7b, 0x6b, 0x7b, 0x6b, 0x7b, 0x6b, 0x7b,
  0x6b, 0x7b, 0x6b, 0x7b, 0x6b, 0x7b, 0x6b, 0x7b, 0x6b, 0x7b, 0x6b, 0x7b,
  0x6b, 0x7b, 0x6b, 0x7b, 0x6b, 0x7b, 0x6b, 0x7b, 0x6b, 0x7b, 0x6b, 0x7b,
  0x6b, 0x7b, 0x6b, 0x7b, 0x6b, 0x7b, 0x6b, 0x7b, 0x6b, 0x7b, 0x6b, 0x7b,
  0x6b, 0x7b, 0x6b, 0x7b, 0x6b, 0x7b, 0x6b, 0x7b, 0x6b, 0x7b, 0x6b, 0x7b,
  0x6b, 0x7b, 0x6b, 0x7b, 0x6b, 0x7b, 0x6b, 0x7b, 0x6b, 0x7b, 0x6b, 0x7b,
  0x6b, 0x7b, 0x6b, 0x7b, 0x6b, 0x7b, 0x6b, 0x7b, 0x6b, 0x7b, 0x6b, 0x7b,
  0x6b, 0x7b, 0x6b, 0x7b, 0x6b, 0x7b, 0x6b, 0x7b, 0x6b, 0x7b, 0x6b, 0x7b,
  0x6b, 0x7b, 0x6b, 0x7b, 0x6b, 0x7b, 0x6b, 0x7b, 0x6b, 0x7b, 0x6b, 0x7b,
  0x6b, 0x7b, 0x6b, 0x7b, 0x6b, 0x7b, 0x6b, 0x7b, 0x6b, 0x7b, 0x6b, 0x7b,
  0x6b, 0x7b, 0x6b, 0x7b, 0x6b, 0x7b, 0x6b, 0x7b, 0x6b, 0x7b, 0x6b, 0x7b,
  0x6b, 0x7b, 0x6b, 0x7b, 0x6b, 0x7b, 0x6b, 0x7b, 0x6b, 0x7b, 0x6b, 0x7b,
  0x6b, 0x7b, 0x6b, 0x7b, 0x6b, 0x7b, 0x6b, 0x7b, 0x6b, 0x7b, 0x6b, 0x7b,
  0x6b, 0x7b, 0x8b, 0x7b, 0x6b, 0x7b, 0x6b, 0x7b, 0x2d, 0x94, 0xfa, 0xde,
  0x6b, 0x7b, 0xcc, 0x8b, 0x6b, 0x7b, 0x6b, 0x7b, 0x6b, 0x7b, 0x6b, 0x7b,
  0x6b, 0x7b, 0x6b, 0x7b, 0x6b, 0x7b, 0x6b, 0x7b, 0x6b, 0x7b, 0x6b, 0x7b,
  0x6b, 0x7b, 0x6b, 0x7b, 0x6b, 0x7b, 0x6b, 0x7b, 0x6b, 0x7b, 0x6b, 0x7b,
  0x6b, 0x7b, 0x6b, 0x7b, 0x6b, 0x7b, 0x6b, 0x7b, 0x6b, 0x7b, 0x6b, 0x7b,
  0x6b, 0x7b, 0x6b, 0x7b, 0x6b, 0x7b, 0x6b, 0x7b, 0x6b, 0x7b, 0x6b, 0x7b,
  0x6b, 0x7b, 0x6b, 0x7b, 0x6b, 0x7b, 0x6b, 0x7b, 0x6b, 0x7b, 0x6b, 0x7b,
  0x6b, 0x7b, 0x6b, 0x7b, 0x6b, 0x7b, 0x6b, 0x7b, 0x6b, 0x7b, 0x6b, 0x7b,
  0xff, 0xff, 0xff, 0xff, 0x36, 0xc6, 0xff, 0xff, 0xff, 0xff, 0xff, 0xff,
  0xff, 0xff, 0xff, 0xff, 0xcb, 0x83, 0x52, 0xb5, 0x6b, 0x7b, 0x8b, 0x7b,
  0xff, 0xff, 0xff, 0xff, 0xae, 0xa4, 0x5b, 0xe7, 0xff, 0xff, 0xff, 0xff,
  0xff, 0xff, 0xff, 0xff, 0xff, 0xff, 0xff, 0xff, 0xff, 0xff, 0xff, 0xff,
  0xff, 0xff, 0xff, 0xff, 0xff, 0xff, 0xff, 0xff, 0xff, 0xff, 0xff, 0xff,
  0xff, 0xff, 0xff, 0xff, 0x6b, 0x7b, 0x6b, 0x7b, 0x6b, 0x7b, 0x6b, 0x7b,
  0x6b, 0x7b, 0xec, 0x8b, 0x6b, 0x7b, 0x6b, 0x7b, 0x6b, 0x7b, 0x6b, 0x7b,
  0x6b, 0x7b, 0x6b, 0x7b, 0x6b, 0x7b, 0x6b, 0x7b, 0x6b, 0x7b, 0x6b, 0x7b,
  0xf4, 0xc5, 0xff, 0xff, 0xab, 0x83, 0x6d, 0x9c, 0xff, 0xff, 0xff, 0xff,
  0xdd, 0xf7, 0xff, 0xff, 0x6b, 0x7b, 0x6b, 0x7b, 0x6b, 0x7b, 0x6b, 0x7b,
  0xec, 0x8b, 0xf4, 0xc5, 0x6b, 0x7b, 0x8b, 0x7b, 0x6b, 0x7b, 0x6b, 0x7b,
  0x6b, 0x7b, 0x6b, 0x7b, 0x6b, 0x7b, 0x6b, 0x7b, 0x6b, 0x7b, 0x6b, 0x7b,
  0x6b, 0x7b, 0x6b, 0x7b, 0x6b, 0x7b, 0x6b, 0x7b, 0x6b, 0x7b, 0x6b, 0x7b,
  0x6b, 0x7b, 0x6b, 0x7b, 0x6b, 0x7b, 0x6b, 0x7b, 0x6b, 0x7b, 0x6b, 0x7b,
  0x6b, 0x7b, 0x6b, 0x7b, 0x6b, 0x7b, 0x6b, 0x7b, 0x6b, 0x7b, 0x6b, 0x7b,
  0x6b, 0x7b, 0x6b, 0x7b, 0x6b, 0x7b, 0x6b, 0x7b, 0x6b, 0x7b, 0x6b, 0x7b,
  0x6b, 0x7b, 0x6b, 0x7b, 0x6b, 0x7b, 0x6b, 0x7b, 0x6b, 0x7b, 0x6b, 0x7b,
  0x6b, 0x7b, 0x6b, 0x7b, 0x6b, 0x7b, 0x6b, 0x7b, 0x6b, 0x7b, 0x6b, 0x7b,
  0x6b, 0x7b, 0x6b, 0x7b, 0x6b, 0x7b, 0x6b, 0x7b, 0x6b, 0x7b, 0x6b, 0x7b,
  0x6b, 0x7b, 0x6b, 0x7b, 0x6b, 0x7b, 0x6b, 0x7b, 0x6b, 0x7b, 0x6b, 0x7b,
  0x6b, 0x7b, 0x6b, 0x7b, 0x6b, 0x7b, 0x6b, 0x7b, 0x6b, 0x7b, 0x6b, 0x7b,
  0x6b, 0x7b, 0x6b, 0x7b, 0x6b, 0x7b, 0x6b, 0x7b, 0x6b, 0x7b, 0x6b, 0x7b,
  0x6b, 0x7b, 0x6b, 0x7b, 0x6b, 0x7b, 0x6b, 0x7b, 0x6b, 0x7b, 0x6b, 0x7b,
  0x6b, 0x7b, 0x6b, 0x7b, 0x6b, 0x7b, 0x6b, 0x7b, 0x6b, 0x7b, 0x6b, 0x7b,
  0x6b, 0x7b, 0x6b, 0x7b, 0x6b, 0x7b, 0x6b, 0x7b, 0x6b, 0x7b, 0x6b, 0x7b,
  0x6b, 0x7b, 0x6b, 0x7b, 0x6b, 0x7b, 0x6b, 0x7b, 0x6b, 0x7b, 0x6b, 0x7b,
  0x6b, 0x7b, 0x6b, 0x7b, 0x6b, 0x7b, 0x6b, 0x7b, 0x6b, 0x7b, 0x6b, 0x7b,
  0x6b, 0x7b, 0x6b, 0x7b, 0x6b, 0x7b, 0x6b, 0x7b, 0x6b, 0x7b, 0x6b, 0x7b,
  0x6b, 0x7b, 0x6b, 0x7b, 0x6b, 0x7b, 0x6b, 0x7b, 0x6b, 0x7b, 0x6b, 0x7b,
  0x6b, 0x7b, 0x6b, 0x7b, 0x6b, 0x7b, 0x6b, 0x7b, 0x6b, 0x7b, 0x6b, 0x7b,
  0x6b, 0x7b, 0x6b, 0x7b, 0x6b, 0x7b, 0x6b, 0x7b, 0x6b, 0x7b, 0x6b, 0x7b,
  0x6b, 0x7b, 0x6b, 0x7b, 0x6b, 0x7b, 0x6b, 0x7b, 0x6b, 0x7b, 0x6b, 0x7b,
  0xd7, 0x84, 0xd7, 0x7c, 0xf7, 0x84, 0xf7, 0x84, 0xd7, 0x7c, 0xd7, 0x7c,
  0xf7, 0x84, 0xf7, 0x84, 0x17, 0x8d, 0x17, 0x8d, 0x58, 0x95, 0x38, 0x95,
  0x17, 0x8d, 0x17, 0x8d, 0x38, 0x8d, 0x38, 0x8d, 0xd7, 0x7c, 0xd7, 0x7c,
  0xf7, 0x84, 0xf7, 0x84, 0xd7, 0x7c, 0xd7, 0x7c, 0xf7, 0x84, 0xf7, 0x84,
  0x17, 0x85, 0x17, 0x85, 0x38, 0x8d, 0x38, 0x8d, 0x17, 0x85, 0x17, 0x85,
  0x38, 0x8d, 0x18, 0x8d, 0x78, 0x9d, 0x78, 0x9d, 0xb9, 0xa5, 0x99, 0x9d,
  0x58, 0x95, 0x58, 0x95, 0x99, 0x9d, 0x78, 0x9d, 0xd9, 0xa5, 0xb9, 0xa5,
  0xfa, 0xad, 0xfa, 0xad, 0xb9, 0xa5, 0xb9, 0x9d, 0xd9, 0xa5, 0xd9, 0xa5,
  0x58, 0x95, 0x58, 0x95, 0x78, 0x95, 0x78, 0x95, 0x38, 0x95, 0x38, 0x8d,
  0x78, 0x95, 0x58, 0x95, 0x99, 0x9d, 0x99, 0x9d, 0xd9, 0xa5, 0xb9, 0xa5,
  0x99, 0x9d, 0x79, 0x9d, 0xb9, 0x9d, 0xb9, 0x9d, 0xd7, 0x7c, 0xd7, 0x7c,
  0xf7, 0x84, 0xf7, 0x84, 0xd7, 0x7c, 0xf7, 0x7c, 0xf7, 0x84, 0xf7, 0x84,
  0xf7, 0x84, 0x17, 0x85, 0x17, 0x8d, 0x38, 0x8d, 0x17, 0x85, 0x18, 0x85,
  0x38, 0x8d, 0x38, 0x8d, 0xf7, 0x7c, 0xf7, 0x7c, 0xf7, 0x84, 0x17, 0x85,
  0xf7, 0x84, 0x18, 0x85, 0x18, 0x85, 0x18, 0x85, 0x17, 0x85, 0x18, 0x8d,
  0x38, 0x8d, 0x38, 0x8d, 0x38, 0x8d, 0x38, 0x8d, 0x58, 0x8d, 0x58, 0x8d,
  0x38, 0x8d, 0x38, 0x8d, 0x58, 0x95, 0x58, 0x95, 0x38, 0x8d, 0x58, 0x8d,
  0x78, 0x95, 0x58, 0x95, 0x79, 0x9d, 0x79, 0x9d, 0xb9, 0x9d, 0xb9, 0x9d,
  0x99, 0x9d, 0x79, 0x9d, 0xb9, 0x9d, 0x99, 0x9d, 0x58, 0x95, 0x58, 0x95,
  0x78, 0x95, 0x79, 0x95, 0x78, 0x95, 0x58, 0x95, 0x79, 0x95, 0x78, 0x95,
  0x99, 0x9d, 0x99, 0x9d, 0xb9, 0x9d, 0xb9, 0x9d, 0x99, 0x9d, 0x99, 0x9d,
  0xb9, 0x9d, 0xb9, 0xa5, 0x3a, 0xb6, 0x1a, 0xb6, 0x5b, 0xbe, 0x5b, 0xb6,
  0x1a, 0xae, 0xfa, 0xad, 0x3b, 0xb6, 0x3a, 0xb6, 0x9c, 0xc6, 0x9b, 0xbe,
  0xdc, 0xce, 0xdc, 0xc6, 0x7b, 0xbe, 0x7b, 0xbe, 0xbc, 0xc6, 0x9c, 0xc6,
  0xfa, 0xad, 0xfa, 0xa5, 0x3a, 0xb6, 0x1a, 0xae, 0xda, 0xa5, 0xda, 0xa5,
  0xfa, 0xad, 0xfa, 0xad, 0x5b, 0xbe, 0x5b, 0xb6, 0x9c, 0xbe, 0x7b, 0xbe,
  0x3b, 0xb6, 0x3b, 0xb6, 0x7b, 0xbe, 0x7b, 0xbe, 0x1d, 0xd7, 0xfd, 0xce,
  0x5e, 0xdf, 0x3d, 0xdf, 0xfd, 0xce, 0xdc, 0xce, 0x3d, 0xd7, 0x1d, 0xd7,
  0x9e, 0xe7, 0x7e, 0xe7, 0xdf, 0xef, 0xbf, 0xef, 0x7e, 0xdf, 0x5e, 0xdf,
  0x9f, 0xe7, 0x9e, 0xe7, 0xdc, 0xce, 0xbc, 0xc6, 0x1d, 0xd7, 0xfd, 0xce,
  0xbc, 0xc6, 0xbc, 0xc6, 0xfd, 0xce, 0xdc, 0xce, 0x5d, 0xdf, 0x3d, 0xd7,
  0x7e, 0xe7, 0x7e, 0xe7, 0x3d, 0xd7, 0x1d, 0xd7, 0x5e, 0xdf, 0x5e, 0xdf,
  0xda, 0xa5, 0xda, 0xa5, 0xfa, 0xad, 0xfa, 0xad, 0xda, 0xa5, 0xd9, 0xa5,
  0xfa, 0xa5, 0xfa, 0xa5, 0x3b, 0xae, 0x3b, 0xae, 0x7b, 0xbe, 0x5b, 0xb6,
  0x1a, 0xae, 0x3b, 0xae, 0x5b, 0xb6, 0x5b, 0xb6, 0xda, 0xa5, 0xda, 0xa5,
  0xfa, 0xad, 0xfa, 0xad, 0xd9, 0xa5, 0xda, 0xa5, 0xfa, 0xad, 0x1a, 0xae,
  0x3b, 0xae, 0x3a, 0xae, 0x5b, 0xb6, 0x5b, 0xb6, 0x1a, 0xae, 0x3b, 0xb6,
  0x5b, 0xb6, 0x7b, 0xbe, 0xbc, 0xc6, 0x9c, 0xbe, 0xdc, 0xce, 0xdc, 0xc6,
  0x7b, 0xbe, 0x9c, 0xbe, 0xbc, 0xc6, 0xdc, 0xc6, 0x1d, 0xd7, 0x1d, 0xd7,
  0x5d, 0xdf, 0x3d, 0xdf, 0xfd, 0xce, 0xfd, 0xce, 0x3d, 0xd7, 0x3d, 0xd7,
  0x9c, 0xbe, 0x9c, 0xbe, 0xdc, 0xc6, 0xbc, 0xc6, 0x9b, 0xbe, 0x9c, 0xbe,
  0xbc, 0xc6, 0xdc, 0xc6, 0xfd, 0xce, 0xfd, 0xce, 0x3d, 0xd7, 0x1d, 0xd7,
  0xfd, 0xce, 0xfd, 0xce, 0x1d, 0xd7, 0x3d, 0xd7, 0x17, 0x85, 0x38, 0x8d,
  0x18, 0x8d, 0x58, 0x8d, 0x38, 0x8d, 0x58, 0x8d, 0x38, 0x8d, 0x58, 0x95,
  0x38, 0x8d, 0x58, 0x8d, 0x58, 0x95, 0x78, 0x95, 0x58, 0x95, 0x78, 0x95,
  0x78, 0x95, 0x99, 0x9d, 0x58, 0x8d, 0x78, 0x95, 0x58, 0x95, 0x78, 0x95,
  0x57, 0x95, 0x78, 0x9d, 0x98, 0x95, 0xb9, 0x9d, 0x78, 0x95, 0x98, 0x9d,
  0x98, 0x9d, 0x99, 0x9d, 0x98, 0x9d, 0xb9, 0x9d, 0xb9, 0x9d, 0xd9, 0xa5,
  0x79, 0x95, 0x79, 0x95, 0x99, 0x9d, 0x99, 0x9d, 0x99, 0x9d, 0x99, 0x9d,
  0x99, 0x9d, 0xb9, 0x9d, 0xb9, 0x9d, 0xb9, 0x9d, 0xd9, 0xa5, 0xd9, 0xa5,
  0xb9, 0xa5, 0xd9, 0xa5, 0xfa, 0xa5, 0xf9, 0xa5, 0xb9, 0x9d, 0xb9, 0x9d,
  0xd9, 0xa5, 0xb9, 0xa5, 0xd9, 0xa5, 0xd9, 0xa5, 0xf9, 0xa5, 0xf9, 0xad,
  0xf9, 0xa5, 0xd9, 0xa5, 0xfa, 0xad, 0xf9, 0xad, 0xf9, 0xad, 0x19, 0xae,
  0x1a, 0xae, 0x19, 0xb6, 0x57, 0x9d, 0x15, 0x95, 0xb8, 0xa5, 0xb8, 0xa5,
  0x55, 0x9d, 0x35, 0x9d, 0xd8, 0xad, 0xb7, 0xad, 0xd8, 0xa5, 0xd8, 0xa5,
  0xd8, 0xa5, 0x35, 0x9d, 0xd8, 0xad, 0xd7, 0xb5, 0x76, 0xa5, 0x96, 0xad,
  0xf3, 0x9c, 0x0f, 0x84, 0x95, 0xad, 0x91, 0x94, 0x6c, 0x73, 0x6c, 0x73,
  0x8d, 0x73, 0x4c, 0x6b, 0xb6, 0xb5, 0xd3, 0x9c, 0x13, 0x9d, 0x6d, 0x73,
  0x4d, 0x63, 0x4d, 0x63, 0x2d, 0x63, 0x4c, 0x6b, 0xf9, 0xad, 0xd8, 0xad,
  0x19, 0xae, 0x19, 0xb6, 0xd7, 0xad, 0x96, 0xad, 0x18, 0xb6, 0x18, 0xbe,
  0x39, 0xb6, 0x39, 0xb6, 0x5a, 0xbe, 0x59, 0xbe, 0x38, 0xbe, 0x38, 0xbe,
  0x59, 0xc6, 0x38, 0xc6, 0x13, 0xa5, 0xce, 0x73, 0xd6, 0xbd, 0xef, 0x7b,
  0x6d, 0x6b, 0x4c, 0x6b, 0x4d, 0x63, 0x6d, 0x6b, 0xb6, 0xb5, 0x6d, 0x6b,
  0xae, 0x73, 0x4c, 0x63, 0x6e, 0x63, 0x6d, 0x6b, 0x4d, 0x63, 0x6d, 0x6b,
  0xfa, 0xa5, 0xfa, 0xad, 0x1a, 0xae, 0x1a, 0xae, 0x1a, 0xae, 0x1a, 0xae,
  0x3a, 0xb6, 0x3a, 0xb6, 0x3a, 0xb6, 0x3b, 0xb6, 0x7b, 0xbe, 0x7b, 0xbe,
  0x5b, 0xb6, 0x5b, 0xb6, 0x7b, 0xbe, 0x7b, 0xbe, 0x1a, 0xae, 0x1a, 0xae,
  0x3a, 0xb6, 0x5a, 0xb6, 0x3a, 0xb6, 0x3a, 0xb6, 0x5a, 0xbe, 0x5a, 0xbe,
  0x5b, 0xb6, 0x7a, 0xbe, 0x9b, 0xbe, 0x9b, 0xc6, 0x9b, 0xbe, 0x9a, 0xc6,
  0xbb, 0xc6, 0xbb, 0xc6, 0x9c, 0xbe, 0x9c, 0xbe, 0xbc, 0xc6, 0xdc, 0xc6,
  0xbc, 0xc6, 0xbc, 0xc6, 0xdc, 0xce, 0xdc, 0xce, 0xfc, 0xce, 0xfd, 0xce,
  0x1d, 0xd7, 0x3d, 0xd7, 0xfd, 0xce, 0x1d, 0xd7, 0x3d, 0xd7, 0x3d, 0xd7,
  0xbb, 0xc6, 0xbb, 0xc6, 0xdc, 0xce, 0xfc, 0xce, 0xdb, 0xce, 0xdb, 0xce,
  0xfc, 0xd6, 0xfc, 0xd6, 0x1c, 0xd7, 0x1c, 0xd7, 0x3d, 0xdf, 0x3d, 0xdf,
  0x3c, 0xdf, 0x3c, 0xdf, 0x5d, 0xe7, 0x5c, 0xe7, 0x7a, 0xbe, 0x59, 0xbe,
  0x7a, 0xc6, 0x9a, 0xc6, 0x79, 0xc6, 0x78, 0xc6, 0x99, 0xce, 0x98, 0xce,
  0xbb, 0xc6, 0x9a, 0xce, 0xdb, 0xce, 0xda, 0xd6, 0xba, 0xce, 0x99, 0xd6,
  0xda, 0xd6, 0xb9, 0xd6, 0x94, 0xb5, 0x6d, 0x6b, 0xd5, 0xbd, 0x6d, 0x6b,
  0x4d, 0x63, 0xad, 0x73, 0x4d, 0x6b, 0xad, 0x7b, 0xb1, 0x9c, 0x6d, 0x73,
  0x4f, 0x8c, 0xae, 0x73, 0xae, 0x73, 0xce, 0x7b, 0xae, 0x73, 0xce, 0x83,
  0xfb, 0xd6, 0xfb, 0xd6, 0x1c, 0xdf, 0x1b, 0xdf, 0xb9, 0xd6, 0x70, 0x94,
  0xfa, 0xde, 0x90, 0x9c, 0x3c, 0xe7, 0x3b, 0xe7, 0x7c, 0xe7, 0x7c, 0xef,
  0x3b, 0xe7, 0xf9, 0xe6, 0x7b, 0xef, 0xf9, 0xe6, 0xad, 0x7b, 0x6c, 0x73,
  0xcc, 0x83, 0xac, 0x83, 0x6c, 0x73, 0x8c, 0x7b, 0x8c, 0x7b, 0x8c, 0x7b,
  0x6f, 0x94, 0x0e, 0x8c, 0x90, 0x94, 0x6f, 0x94, 0xed, 0x8b, 0xcc, 0x83,
  0xb0, 0x9c, 0x90, 0x9c, 0xff, 0xf7, 0xff, 0xf7, 0xff, 0xff, 0xff, 0xff,
  0xdf, 0xf7, 0xdf, 0xef, 0xff, 0xff, 0xff, 0xf7, 0xff, 0xff, 0xff, 0xff,
  0xff, 0xff, 0xff, 0xff, 0xff, 0xff, 0xff, 0xff, 0xff, 0xff, 0xff, 0xff,
  0xbf, 0xef, 0x9e, 0xef, 0xff, 0xf7, 0xdf, 0xf7, 0x9e, 0xe7, 0x9e, 0xe7,
  0xdf, 0xf7, 0xdf, 0xef, 0xff, 0xff, 0xff, 0xff, 0xff, 0xff, 0xff, 0xff,
  0xff, 0xff, 0xff, 0xf7, 0xff, 0xff, 0xff, 0xff, 0xff, 0xff, 0xff, 0xff,
  0xff, 0xff, 0xff, 0xff, 0xff, 0xff, 0xff, 0xff, 0xff, 0xff, 0xff, 0xff,
  0xff, 0xff, 0xff, 0xff, 0x2d, 0x94, 0xd8, 0xde, 0xff, 0xff, 0xff, 0xff,
  0xff, 0xff, 0xff, 0xff, 0xff, 0xff, 0xff, 0xff, 0xff, 0xff, 0xff, 0xff,
  0xff, 0xff, 0xff, 0xff, 0xff, 0xff, 0xff, 0xff, 0xff, 0xff, 0xff, 0xff,
  0xff, 0xff, 0xff, 0xff, 0xff, 0xff, 0xff, 0xff, 0xff, 0xff, 0xff, 0xff,
  0x7e, 0xe7, 0x7e, 0xe7, 0xbf, 0xef, 0xbf, 0xef, 0x5e, 0xdf, 0x5e, 0xdf,
  0x9e, 0xef, 0x9e, 0xef, 0xff, 0xf7, 0xff, 0xf7, 0xff, 0xff, 0xff, 0xff,
  0xdf, 0xf7, 0xdf, 0xf7, 0xff, 0xff, 0xff, 0xff, 0x7e, 0xdf, 0x5d, 0xdf,
  0x9e, 0xe7, 0x7e, 0xe7, 0x5d, 0xdf, 0x5e, 0xdf, 0x7e, 0xe7, 0x9e, 0xe7,
  0xdf, 0xf7, 0xbf, 0xef, 0xff, 0xff, 0xff, 0xf7, 0xbe, 0xef, 0xbf, 0xef,
  0xff, 0xf7, 0xff, 0xf7, 0xff, 0xff, 0xff, 0xff, 0xff, 0xff, 0xff, 0xff,
  0xff, 0xff, 0xff, 0xff, 0xff, 0xff, 0xff, 0xff, 0xff, 0xff, 0xff, 0xff,
  0xff, 0xff, 0xff, 0xff, 0xff, 0xff, 0xff, 0xff, 0xff, 0xff, 0xff, 0xff,
  0xff, 0xff, 0xff, 0xff, 0xff, 0xff, 0xff, 0xff, 0xff, 0xff, 0xff, 0xff,
  0xff, 0xff, 0xff, 0xff, 0xff, 0xff, 0xff, 0xff, 0xff, 0xff, 0xff, 0xff,
  0xff, 0xff, 0xff, 0xff, 0xff, 0xff, 0xff, 0xff, 0x6b, 0x7b, 0xab, 0x83,
  0x6b, 0x7b, 0x6b, 0x7b, 0x4c, 0x9c, 0x76, 0xd6, 0x6b, 0x7b, 0xab, 0x83,
  0x6b, 0x7b, 0x6b, 0x7b, 0x6b, 0x7b, 0x6b, 0x7b, 0x6b, 0x7b, 0x6b, 0x7b,
  0x6b, 0x7b, 0x6b, 0x7b, 0xff, 0xff, 0xff, 0xff, 0x4d, 0x9c, 0x91, 0xc5,
  0xff, 0xff, 0xff, 0xff, 0xfd, 0xff, 0xff, 0xff, 0x6b, 0x7b, 0xab, 0x83,
  0x6b, 0x7b, 0x6b, 0x7b, 0x4d, 0x9c, 0x50, 0xbd, 0x6b, 0x7b, 0x8b, 0x7b,
  0x6b, 0x7b, 0x6b, 0x7b, 0x6b, 0x7b, 0x6b, 0x7b, 0x6b, 0x7b, 0x6b, 0x7b,
  0x6b, 0x7b, 0x6b, 0x7b, 0x6b, 0x7b, 0x6b, 0x7b, 0x6b, 0x7b, 0x6b, 0x7b,
  0x6b, 0x7b, 0x6b, 0x7b, 0x6b, 0x7b, 0x6b, 0x7b, 0x6b, 0x7b, 0x6b, 0x7b,
  0x6b, 0x7b, 0x6b, 0x7b, 0x6b, 0x7b, 0x6b, 0x7b, 0x6b, 0x7b, 0x6b, 0x7b,
  0x6b, 0x7b, 0x6b, 0x7b, 0x6b, 0x7b, 0x6b, 0x7b, 0x6b, 0x7b, 0x6b, 0x7b,
  0x6b, 0x7b, 0x6b, 0x7b, 0xff, 0xff, 0xff, 0xff, 0xff, 0xff, 0xff, 0xff,
  0xff, 0xff, 0xff, 0xff, 0xff, 0xff, 0xff, 0xff, 0xbb, 0xf7, 0xff, 0xff,
  0x0c, 0x94, 0xce, 0xac, 0xff, 0xff, 0xff, 0xff, 0xb1, 0xc5, 0xdc, 0xff,
  0xff, 0xff, 0xff, 0xff, 0xff, 0xff, 0xff, 0xff, 0xff, 0xff, 0xff, 0xff,
  0xff, 0xff, 0xff, 0xff, 0xff, 0xff, 0xff, 0xff, 0xff, 0xff, 0xff, 0xff,
  0xff, 0xff, 0xff, 0xff, 0xff, 0xff, 0xff, 0xff, 0x6b, 0x7b, 0x6b, 0x7b,
  0x6b, 0x7b, 0x6b, 0x7b, 0xab, 0x83, 0x2c, 0x94, 0x6b, 0x7b, 0x6b, 0x7b,
  0x6b, 0x7b, 0x6b, 0x7b, 0x6b, 0x7b, 0x6b, 0x7b, 0x6b, 0x7b, 0x6b, 0x7b,
  0x6b, 0x7b, 0x6b, 0x7b, 0xce, 0xac, 0xb1, 0xc5, 0x6b, 0x7b, 0xcb, 0x83,
  0x33, 0xd6, 0xba, 0xff, 0x2c, 0x94, 0xae, 0xac, 0x6b, 0x7b, 0x6b, 0x7b,
  0x6b, 0x7b, 0x6b, 0x7b, 0x6b, 0x7b, 0x6b, 0x7b, 0x6b, 0x7b, 0x6b, 0x7b,
  0x5d, 0xdf, 0x5d, 0xdf, 0x9e, 0xe7, 0x9e, 0xe7, 0x5d, 0xdf, 0x5d, 0xdf,
  0x9e, 0xe7, 0x9e, 0xe7, 0xbe, 0xef, 0xbe, 0xef, 0xff, 0xf7, 0xff, 0xf7,
  0xde, 0xef, 0xbe, 0xef, 0xff, 0xf7, 0xff, 0xf7, 0x5d, 0xdf, 0x7d, 0xe7,
  0x9e, 0xef, 0x9e, 0xef, 0x7d, 0xe7, 0x7d, 0xef, 0xbe, 0xef, 0xbd, 0xef,
  0xbe, 0xf7, 0xde, 0xf7, 0xff, 0xff, 0xff, 0xff, 0xde, 0xf7, 0xde, 0xf7,
  0xff, 0xff, 0xfe, 0xff, 0xff, 0xff, 0xff, 0xff, 0xff, 0xff, 0xff, 0xff,
  0xff, 0xff, 0xff, 0xff, 0xff, 0xff, 0xff, 0xff, 0xff, 0xff, 0xff, 0xff,
  0xff, 0xff, 0xff, 0xff, 0xff, 0xff, 0xff, 0xff, 0xff, 0xff, 0xff, 0xff,
  0xff, 0xff, 0xff, 0xff, 0xff, 0xff, 0xff, 0xff, 0xff, 0xff, 0xff, 0xff,
  0xff, 0xff, 0xff, 0xff, 0xff, 0xff, 0xff, 0xff, 0xff, 0xff, 0xff, 0xff,
  0xff, 0xff, 0xff, 0xff, 0xff, 0xff, 0xff, 0xff, 0x9d, 0xef, 0x9c, 0xef,
  0xbd, 0xf7, 0xbd, 0xf7, 0x9c, 0xf7, 0xf9, 0xe6, 0x9c, 0xf7, 0x16, 0xc6,
  0xfe, 0xff, 0xfd, 0xff, 0xfe, 0xff, 0xfe, 0xff, 0xbc, 0xf7, 0x15, 0xce,
  0x39, 0xef, 0xb3, 0xbd, 0x90, 0x9c, 0xb0, 0x9c, 0xd1, 0xa4, 0xd0, 0xa4,
  0xd0, 0xa4, 0xf1, 0xac, 0x11, 0xad, 0x31, 0xb5, 0x32, 0xad, 0x52, 0xb5,
  0x52, 0xb5, 0x93, 0xc5, 0x93, 0xbd, 0x72, 0xbd, 0xb3, 0xc5, 0x92, 0xbd,
  0xff, 0xff, 0xff, 0xff, 0xff, 0xff, 0xff, 0xff, 0xfd, 0xff, 0x96, 0xde,
  0xff, 0xff, 0xdb, 0xff, 0xbb, 0xff, 0x18, 0xef, 0xff, 0xff, 0xff, 0xff,
  0x59, 0xf7, 0xd6, 0xee, 0xfd, 0xff, 0x37, 0xf7, 0xd3, 0xc5, 0xd3, 0xcd,
  0xf3, 0xcd, 0xf3, 0xcd, 0x14, 0xce, 0xf3, 0xcd, 0xf4, 0xcd, 0xf3, 0xcd,
  0x34, 0xd6, 0x13, 0xd6, 0x33, 0xd6, 0x33, 0xd6, 0x34, 0xd6, 0x34, 0xd6,
  0x54, 0xde, 0x95, 0xe6, 0xff, 0xff, 0xff, 0xff, 0xff, 0xff, 0xff, 0xff,
  0xff, 0xff, 0xff, 0xff, 0xff, 0xff, 0xff, 0xff, 0xff, 0xff, 0xff, 0xff,
  0xff, 0xff, 0xff, 0xff, 0xff, 0xff, 0xff, 0xff, 0xff, 0xff, 0xff, 0xff,
  0xff, 0xff, 0xff, 0xff, 0xff, 0xff, 0xff, 0xff, 0xff, 0xff, 0xff, 0xff,
  0xff, 0xff, 0xff, 0xff, 0xff, 0xff, 0xff, 0xff, 0xff, 0xff, 0xff, 0xff,
  0xff, 0xff, 0xff, 0xff, 0xff, 0xff, 0xff, 0xff, 0xff, 0xff, 0xff, 0xff,
  0x4f, 0xbd, 0xd1, 0xcd, 0xff, 0xff, 0xff, 0xff, 0x53, 0xde, 0x94, 0xe6,
  0x6b, 0x7b, 0xab, 0x83, 0x6b, 0x7b, 0x6b, 0x7b, 0x0c, 0x94, 0xae, 0xac,
  0x6b, 0x7b, 0x6b, 0x7b, 0xff, 0xff, 0xff, 0xff, 0x37, 0xf7, 0xfb, 0xff,
  0xff, 0xff, 0xff, 0xff, 0xfe, 0xff, 0xff, 0xff, 0xee, 0xb4, 0x70, 0xc5,
  0x6b, 0x7b, 0x8b, 0x7b, 0xd1, 0xd5, 0x11, 0xd6, 0xab, 0x83, 0xcb, 0x8b,
  0xff, 0xff, 0xff, 0xff, 0xff, 0xff, 0xff, 0xff, 0xff, 0xff, 0xfc, 0xff,
  0xff, 0xff, 0xfc, 0xff, 0xff, 0xff, 0xff, 0xff, 0xff, 0xff, 0xff, 0xff,
  0xfe, 0xff, 0xfa, 0xff, 0xff, 0xff, 0xfe, 0xff, 0xd5, 0xee, 0xb5, 0xee,
  0xb8, 0xff, 0x77, 0xff, 0xd5, 0xee, 0xf6, 0xf6, 0x56, 0xff, 0x36, 0xff,
  0xd9, 0xff, 0xd8, 0xff, 0xfd, 0xff, 0xfd, 0xff, 0xd8, 0xff, 0xd8, 0xff,
  0xfc, 0xff, 0xfc, 0xff, 0xff, 0xff, 0xff, 0xff, 0xff, 0xff, 0xff, 0xff,
  0xff, 0xff, 0xff, 0xff, 0xff, 0xff, 0xff, 0xff, 0x52, 0xde, 0x52, 0xde,
  0xec, 0x8b, 0x2c, 0x9c, 0x52, 0xe6, 0x72, 0xe6, 0x6d, 0xa4, 0x8d, 0xa4,
  0xff, 0xff, 0xff, 0xff, 0xff, 0xff, 0xff, 0xff, 0xff, 0xff, 0xff, 0xff,
  0xff, 0xff, 0xff, 0xff, 0xb4, 0xee, 0x93, 0xee, 0xcd, 0xac, 0xee, 0xb4,
  0x92, 0xee, 0x35, 0xff, 0x2f, 0xbd, 0x0e, 0xb5, 0x68, 0x83, 0xc9, 0x8b,
  0x28, 0x83, 0xa9, 0x8b, 0x68, 0x83, 0xc9, 0x93, 0x89, 0x83, 0xa8, 0x93,
  0x28, 0x83, 0xa9, 0x8b, 0x67, 0x83, 0xa8, 0x8b, 0x68, 0x83, 0xa8, 0x93,
  0x69, 0x7b, 0x88, 0x8b, 0xa8, 0x93, 0x89, 0x83, 0xa8, 0x93, 0x68, 0x83,
  0x87, 0x8b, 0x25, 0x73, 0xa8, 0x8b, 0x26, 0x73, 0xa8, 0x93, 0xa7, 0x8b,
  0x88, 0x8b, 0x48, 0x73, 0x47, 0x7b, 0x07, 0x73, 0x06, 0x6b, 0xc7, 0x62,
  0x68, 0x8b, 0xc8, 0x8b, 0x68, 0x8b, 0xc9, 0x8b, 0x68, 0x7b, 0xa7, 0x8b,
  0x28, 0x73, 0x47, 0x7b, 0x89, 0x8b, 0xe9, 0x8b, 0x69, 0x83, 0xa9, 0x83,
  0x67, 0x7b, 0x66, 0x83, 0x46, 0x73, 0x66, 0x7b, 0x68, 0x8b, 0x67, 0x7b,
  0x88, 0x8b, 0x87, 0x83, 0x06, 0x73, 0xa6, 0x62, 0x06, 0x6b, 0x87, 0x62,
  0x67, 0x8b, 0x47, 0x83, 0x87, 0x83, 0x27, 0x7b, 0x06, 0x73, 0xa7, 0x62,
  0x07, 0x73, 0xa7, 0x62, 0xe6, 0x72, 0x66, 0x5a, 0xc6, 0x6a, 0x46, 0x4a,
  0x86, 0x52, 0x06, 0x73, 0xe6, 0x62, 0x06, 0x73, 0x87, 0x62, 0xa6, 0x5a,
  0x46, 0x52, 0xe6, 0x6a, 0x06, 0x73, 0xc7, 0x72, 0x06, 0x7b, 0x67, 0x62,
  0xa7, 0x72, 0x07, 0x4a, 0x67, 0x5a, 0x26, 0x4a, 0x65, 0x5a, 0x85, 0x52,
  0x86, 0x5a, 0xa5, 0x5a, 0x27, 0x4a, 0x46, 0x52, 0x06, 0x42, 0xa5, 0x5a,
  0xa5, 0x5a, 0x65, 0x5a, 0xa5, 0x62, 0x25, 0x52, 0x86, 0x52, 0x06, 0x6b,
  0xe6, 0x62, 0x06, 0x73, 0xc6, 0x72, 0x07, 0x4a, 0x67, 0x5a, 0x06, 0x4a,
  0x26, 0x73, 0xe7, 0x72, 0xe6, 0x72, 0x87, 0x62, 0x07, 0x4a, 0x86, 0x5a,
  0x26, 0x4a, 0xe5, 0x62, 0x66, 0x52, 0xc5, 0x62, 0xa6, 0x62, 0xa5, 0x62,
  0x65, 0x5a, 0xc5, 0x39, 0xc5, 0x41, 0xa5, 0x31, 0x85, 0x5a, 0x45, 0x52,
  0x85, 0x5a, 0xa5, 0x39, 0xa5, 0x31, 0xc4, 0x31, 0xc5, 0x39, 0x24, 0x42,
  0x29, 0x7b, 0xa9, 0x8b, 0x29, 0x73, 0x69, 0x83, 0x47, 0x7b, 0x25, 0x7b,
  0x46, 0x7b, 0x26, 0x7b, 0x29, 0x73, 0x69, 0x7b, 0x49, 0x7b, 0x49, 0x7b,
  0xc7, 0x8b, 0x26, 0x7b, 0xc8, 0x8b, 0x27, 0x73, 0x46, 0x73, 0x07, 0x73,
  0x07, 0x73, 0xe7, 0x6a, 0xa7, 0x6a, 0x07, 0x73, 0x87, 0x62, 0x27, 0x73,
  0x07, 0x73, 0xe7, 0x6a, 0xe7, 0x6a, 0xe7, 0x6a, 0xa7, 0x62, 0x07, 0x7b,
  0xe7, 0x6a, 0xc7, 0x6a, 0x09, 0x73, 0x09, 0x73, 0x4a, 0x7b, 0xa9, 0x93,
  0x88, 0x8b, 0x08, 0x73, 0x89, 0x8b, 0x28, 0x7b, 0x8b, 0x83, 0xca, 0x93,
  0xcb, 0x8b, 0xcb, 0x93, 0x69, 0x83, 0x08, 0x73, 0x89, 0x83, 0x08, 0x73,
  0xe7, 0x6a, 0xc7, 0x6a, 0xe8, 0x72, 0xa7, 0x62, 0xc7, 0x6a, 0x88, 0x62,
  0xc8, 0x6a, 0xa7, 0x62, 0x87, 0x62, 0xc7, 0x6a, 0xe8, 0x72, 0xc8, 0x6a,
  0xa8, 0x62, 0xa7, 0x62, 0x87, 0x5a, 0x46, 0x4a, 0xe7, 0x72, 0x27, 0x52,
  0xa7, 0x62, 0x87, 0x5a, 0xc6, 0x62, 0xc5, 0x6a, 0xc6, 0x6a, 0x46, 0x52,
  0x47, 0x52, 0xc6, 0x6a, 0x87, 0x5a, 0xe6, 0x6a, 0x86, 0x62, 0xa5, 0x39,
  0xe6, 0x41, 0xe5, 0x39, 0xe5, 0x41, 0xc5, 0x31, 0xa5, 0x31, 0x25, 0x42,
  0x24, 0x42, 0x64, 0x4a, 0x65, 0x4a, 0x44, 0x4a, 0xe5, 0x39, 0x44, 0x4a,
  0x45, 0x4a, 0x85, 0x52, 0x85, 0x52, 0x84, 0x52, 0x85, 0x52, 0x84, 0x52,
  0xa6, 0x62, 0x66, 0x52, 0x86, 0x5a, 0x06, 0x42, 0xe6, 0x39, 0x45, 0x4a,
  0x65, 0x4a, 0x65, 0x4a, 0x26, 0x4a, 0x66, 0x52, 0xa6, 0x5a, 0x45, 0x4a,
  0x85, 0x52, 0xa5, 0x5a, 0xc5, 0x5a, 0xe5, 0x5a, 0x65, 0x4a, 0x85, 0x52,
  0xa5, 0x52, 0xa4, 0x5a, 0xa4, 0x5a, 0x84, 0x52, 0x84, 0x52, 0x84, 0x52,
  0xa5, 0x5a, 0xa5, 0x5a, 0xa5, 0x5a, 0x84, 0x52, 0x64, 0x52, 0x44, 0x4a,
  0x84, 0x52, 0x64, 0x4a, 0x66, 0x62, 0xa5, 0x39, 0x05, 0x4a, 0xc5, 0x39,
  0x05, 0x42, 0x04, 0x42, 0x04, 0x3a, 0xe4, 0x39, 0xc5, 0x39, 0xe4, 0x39,
  0xc5, 0x39, 0xe4, 0x39, 0xe4, 0x39, 0x04, 0x42, 0xe4, 0x39, 0x44, 0x4a,
  0xc4, 0x31, 0xe4, 0x39, 0xe4, 0x39, 0x24, 0x4a, 0x44, 0x4a, 0xe4, 0x39,
  0x24, 0x42, 0x04, 0x3a, 0x24, 0x4a, 0x44, 0x4a, 0x24, 0x42, 0x24, 0x42,
  0x44, 0x4a, 0x64, 0x4a, 0x44, 0x4a, 0x44, 0x4a, 0xc4, 0x31, 0xe4, 0x39,
  0xe4, 0x39, 0x24, 0x42, 0x24, 0x42, 0x24, 0x42, 0x24, 0x42, 0x24, 0x42,
  0x04, 0x3a, 0x24, 0x4a, 0x04, 0x42, 0x24, 0x42, 0x44, 0x42, 0x24, 0x4a,
  0x64, 0x4a, 0x44, 0x4a, 0x04, 0x3a, 0x43, 0x4a, 0x44, 0x4a, 0x43, 0x4a,
  0x64, 0x4a, 0x24, 0x4a, 0x64, 0x4a, 0x64, 0x4a, 0x63, 0x4a, 0x84, 0x52,
  0x64, 0x52, 0x24, 0x42, 0x24, 0x42, 0x64, 0x4a, 0x23, 0x42, 0x23, 0x42,
  0x04, 0x42, 0xa4, 0x5a, 0x23, 0x42, 0x63, 0x4a, 0x64, 0x4a, 0x64, 0x4a,
  0x44, 0x4a, 0x84, 0x52, 0x23, 0x42, 0x43, 0x42, 0x64, 0x5a, 0x84, 0x4a,
  0x44, 0x4a, 0x84, 0x4a, 0x84, 0x52, 0x24, 0x42, 0x64, 0x4a, 0x64, 0x4a,
  0x44, 0x42, 0x64, 0x4a, 0x64, 0x4a, 0x43, 0x42, 0x24, 0x42, 0x03, 0x3a,
  0x64, 0x4a, 0x64, 0x4a, 0x44, 0x42, 0x84, 0x4a, 0x23, 0x42, 0x44, 0x42,
  0x24, 0x42, 0x23, 0x42, 0x04, 0x42, 0x84, 0x4a, 0x44, 0x42, 0x63, 0x4a,
  0x43, 0x42, 0x44, 0x42, 0x44, 0x4a, 0x44, 0x42, 0x84, 0x5a, 0x84, 0x52,
  0x63, 0x4a, 0x23, 0x42, 0x84, 0x52, 0x64, 0x4a, 0x43, 0x42, 0x84, 0x52,
  0x64, 0x4a, 0x04, 0x42, 0x44, 0x4a, 0x03, 0x3a, 0x04, 0x3a, 0x63, 0x4a,
  0x03, 0x42, 0x63, 0x4a, 0x64, 0x52, 0x23, 0x42, 0x84, 0x52, 0xa4, 0x52,
  0x03, 0x3a, 0x24, 0x3a, 0x64, 0x42, 0xe3, 0x39, 0x44, 0x4a, 0x44, 0x4a,
  0x64, 0x4a, 0x44, 0x4a, 0x44, 0x4a, 0x44, 0x42, 0x23, 0x4a, 0xa4, 0x52,
  0x84, 0x52, 0x24, 0x42, 0x64, 0x4a, 0x84, 0x52, 0x43, 0x4a, 0xa4, 0x52,
  0x63, 0x4a, 0x44, 0x4a, 0x64, 0x4a, 0x64, 0x4a, 0x43, 0x4a, 0x44, 0x42,
  0x23, 0x42, 0x43, 0x4a, 0x63, 0x4a, 0x84, 0x4a, 0x43, 0x4a, 0x44, 0x4a,
  0x04, 0x42, 0x64, 0x4a, 0x24, 0x42, 0x44, 0x4a, 0x83, 0x52, 0x84, 0x4a,
  0x24, 0x42, 0xa4, 0x5a, 0x84, 0x52, 0x84, 0x52, 0x64, 0x52, 0x23, 0x42,
  0x64, 0x4a, 0x24, 0x3a, 0x84, 0x52, 0x64, 0x4a, 0x44, 0x42, 0x24, 0x42,
  0x64, 0x4a, 0x44, 0x42, 0x44, 0x42, 0x84, 0x52, 0x24, 0x42, 0x44, 0x42,
  0x04, 0x3a, 0x64, 0x4a, 0x44, 0x4a, 0x24, 0x42, 0x24, 0x42, 0x23, 0x42,
  0x44, 0x42, 0x23, 0x42, 0x03, 0x3a, 0x03, 0x3a, 0xe4, 0x31, 0xe3, 0x39,
  0xe3, 0x31, 0xa3, 0x29, 0x64, 0x4a, 0x43, 0x42, 0x84, 0x52, 0x84, 0x4a,
  0x43, 0x42, 0x64, 0x4a, 0x64, 0x4a, 0x63, 0x4a, 0x84, 0x52, 0xa3, 0x52,
  0x83, 0x4a, 0x63, 0x4a, 0xa4, 0x52, 0x64, 0x4a, 0x64, 0x4a, 0x64, 0x4a,
  0x84, 0x4a, 0x64, 0x4a, 0x84, 0x4a, 0xe3, 0x39, 0x03, 0x32, 0x04, 0x3a,
  0xe4, 0x39, 0x04, 0x3a, 0x44, 0x42, 0xe4, 0x31, 0x04, 0x3a, 0xc4, 0x31,
  0x44, 0x4a, 0x44, 0x4a, 0xc3, 0x31, 0x04, 0x3a, 0x63, 0x4a, 0x44, 0x42,
  0x43, 0x4a, 0x24, 0x42, 0x63, 0x4a, 0x44, 0x4a, 0x44, 0x42, 0x44, 0x42,
  0x83, 0x29, 0x83, 0x29, 0x63, 0x29, 0xa4, 0x31, 0x03, 0x3a, 0x23, 0x42,
  0x04, 0x3a, 0xe3, 0x39, 0x24, 0x42, 0x03, 0x3a, 0x03, 0x42, 0xe3, 0x39,
  0xa3, 0x29, 0x24, 0x42, 0xa3, 0x29, 0xe3, 0x31, 0xe3, 0x39, 0x03, 0x3a,
  0xc4, 0x31, 0x24, 0x42, 0x63, 0x21, 0xe4, 0x31, 0x83, 0x29, 0x03, 0x3a,
  0xec, 0x93, 0xcb, 0x8b, 0xed, 0x8b, 0xeb, 0x93, 0x69, 0x83, 0x08, 0x73,
  0x69, 0x7b, 0x09, 0x73, 0xed, 0x8b, 0x0b, 0x94, 0xac, 0x83, 0xeb, 0x93,
  0x49, 0x73, 0xc9, 0x62, 0x49, 0x7b, 0x09, 0x73, 0xc8, 0x6a, 0x88, 0x5a,
  0x68, 0x52, 0xc7, 0x5a, 0xa6, 0x5a, 0xa6, 0x5a, 0xc6, 0x5a, 0xc6, 0x62,
  0xa7, 0x5a, 0xc7, 0x5a, 0x07, 0x63, 0x07, 0x63, 0xa7, 0x52, 0xe6, 0x62,
  0xa6, 0x5a, 0xe6, 0x62, 0xac, 0x83, 0xaa, 0x8b, 0x8c, 0x7b, 0x8a, 0x83,
  0x29, 0x73, 0x69, 0x7b, 0x49, 0x73, 0x69, 0x7b, 0x8d, 0x7b, 0x6a, 0x83,
  0x8d, 0x73, 0x8a, 0x83, 0x69, 0x7b, 0x89, 0x7b, 0xaa, 0x83, 0x89, 0x83,
  0x27, 0x6b, 0x07, 0x6b, 0x48, 0x73, 0xe7, 0x62, 0xe6, 0x62, 0xc6, 0x62,
  0xc6, 0x62, 0xe6, 0x62, 0x68, 0x7b, 0x07, 0x6b, 0x48, 0x7b, 0xe7, 0x62,
  0xc6, 0x5a, 0xc6, 0x62, 0xe6, 0x62, 0xc6, 0x62, 0xa6, 0x5a, 0xc6, 0x5a,
  0xc6, 0x5a, 0xe6, 0x62, 0xc5, 0x5a, 0x85, 0x52, 0xe5, 0x5a, 0xc5, 0x5a,
  0xe6, 0x62, 0xc6, 0x5a, 0xc6, 0x5a, 0xe5, 0x5a, 0xc5, 0x5a, 0x85, 0x52,
  0xc5, 0x5a, 0xc5, 0x5a, 0x44, 0x4a, 0x65, 0x4a, 0x85, 0x5a, 0x64, 0x4a,
  0x85, 0x52, 0x64, 0x4a, 0x84, 0x4a, 0x84, 0x52, 0xa5, 0x62, 0x84, 0x52,
  0xc5, 0x5a, 0xa4, 0x52, 0x64, 0x4a, 0x24, 0x42, 0x44, 0x42, 0x04, 0x3a,
  0xc6, 0x5a, 0xe5, 0x5a, 0x06, 0x63, 0xe5, 0x5a, 0x05, 0x63, 0xc5, 0x5a,
  0xc5, 0x5a, 0xc5, 0x5a, 0x26, 0x6b, 0xe5, 0x62, 0x06, 0x6b, 0xc5, 0x5a,
  0xa5, 0x52, 0x85, 0x4a, 0x85, 0x52, 0x65, 0x52, 0xa5, 0x5a, 0xa4, 0x52,
  0x85, 0x52, 0x44, 0x42, 0x44, 0x42, 0xe4, 0x31, 0x25, 0x3a, 0x25, 0x3a,
  0x65, 0x52, 0x46, 0x42, 0xc6, 0x62, 0xe6, 0x5a, 0x45, 0x42, 0xc6, 0x5a,
  0xa6, 0x52, 0x85, 0x52, 0x6d, 0x73, 0x8b, 0x83, 0x6c, 0x73, 0xab, 0x8b,
  0x8a, 0x83, 0x89, 0x8b, 0x8a, 0x83, 0x69, 0x7b, 0x4c, 0x73, 0xab, 0x8b,
  0x4c, 0x6b, 0xcb, 0x8b, 0x8a, 0x83, 0xa9, 0x8b, 0x8a, 0x83, 0xca, 0x8b,
  0x88, 0x7b, 0xe7, 0x62, 0x68, 0x73, 0x47, 0x73, 0x07, 0x6b, 0x06, 0x73,
  0x07, 0x63, 0xe6, 0x72, 0x88, 0x7b, 0x47, 0x6b, 0x68, 0x73, 0x67, 0x7b,
  0x07, 0x63, 0x86, 0x5a, 0x06, 0x6b, 0xa6, 0x62, 0x6d, 0x73, 0xcb, 0x8b,
  0x6d, 0x73, 0x0c, 0x9c, 0xaa, 0x83, 0xa9, 0x83, 0xaa, 0x83, 0xa9, 0x83,
  0x4d, 0x6b, 0xec, 0x93, 0x6d, 0x73, 0xed, 0x8b, 0xaa, 0x83, 0x89, 0x7b,
  0xeb, 0x93, 0x89, 0x7b, 0x68, 0x73, 0x47, 0x73, 0x68, 0x6b, 0xc7, 0x5a,
  0xe6, 0x62, 0xe6, 0x6a, 0xc7, 0x5a, 0x27, 0x73, 0x48, 0x6b, 0xe7, 0x5a,
  0x28, 0x6b, 0x08, 0x63, 0x47, 0x73, 0x27, 0x73, 0x07, 0x63, 0x07, 0x73,
  0xe5, 0x6a, 0xa5, 0x5a, 0xe5, 0x6a, 0xa5, 0x5a, 0x86, 0x4a, 0xe6, 0x5a,
  0xc6, 0x5a, 0x06, 0x6b, 0x45, 0x52, 0xc5, 0x62, 0x66, 0x5a, 0xa6, 0x62,
  0x26, 0x6b, 0x26, 0x6b, 0xc5, 0x5a, 0xe6, 0x62, 0x26, 0x6b, 0x06, 0x63,
  0x05, 0x6b, 0x46, 0x73, 0xc6, 0x5a, 0xa5, 0x52, 0x46, 0x6b, 0xc5, 0x5a,
  0x05, 0x73, 0xe5, 0x6a, 0x25, 0x73, 0xe5, 0x6a, 0x66, 0x73, 0x65, 0x73,
  0x25, 0x73, 0xa5, 0x7b, 0xc6, 0x6a, 0xe6, 0x6a, 0x07, 0x73, 0x06, 0x73,
  0x86, 0x5a, 0xa6, 0x62, 0x07, 0x73, 0x06, 0x73, 0x07, 0x73, 0x07, 0x73,
  0x27, 0x73, 0xe6, 0x6a, 0xa6, 0x5a, 0xa5, 0x5a, 0xc6, 0x5a, 0xa5, 0x5a,
  0xe5, 0x6a, 0xc5, 0x62, 0xa5, 0x5a, 0x86, 0x5a, 0x05, 0x73, 0x25, 0x6b,
  0xe5, 0x6a, 0xa5, 0x5a, 0x26, 0x73, 0xe6, 0x72, 0xe6, 0x6a, 0xe6, 0x72,
  0xa5, 0x62, 0x44, 0x4a, 0xc5, 0x6a, 0x85, 0x5a, 0x64, 0x4a, 0x64, 0x4a,
  0x84, 0x52, 0x63, 0x4a, 0x84, 0x4a, 0x64, 0x4a, 0x64, 0x4a, 0x24, 0x42,
  0x64, 0x4a, 0x64, 0x4a, 0x04, 0x3a, 0x24, 0x3a, 0x24, 0x3a, 0x64, 0x42,
  0x04, 0x3a, 0x03, 0x3a, 0xe3, 0x31, 0xc3, 0x31, 0xe4, 0x31, 0xc3, 0x31,
  0xa3, 0x29, 0x04, 0x3a, 0x03, 0x42, 0xe3, 0x39, 0xc3, 0x31, 0x03, 0x3a,
  0x24, 0x42, 0x24, 0x42, 0x04, 0x42, 0xa4, 0x5a, 0xe4, 0x39, 0x24, 0x4a,
  0x05, 0x3a, 0xc4, 0x31, 0x05, 0x3a, 0x85, 0x4a, 0x04, 0x3a, 0xc3, 0x31,
  0x64, 0x4a, 0x24, 0x3a, 0x66, 0x4a, 0x64, 0x4a, 0x44, 0x42, 0x85, 0x4a,
  0x23, 0x42, 0x44, 0x42, 0x64, 0x4a, 0x04, 0x3a, 0x24, 0x42, 0x24, 0x42,
  0x84, 0x52, 0xc4, 0x5a, 0xa3, 0x29, 0x64, 0x52, 0xa4, 0x5a, 0x64, 0x52,
  0x84, 0x4a, 0xa4, 0x5a, 0x64, 0x4a, 0xe5, 0x62, 0xe4, 0x62, 0x84, 0x52,
  0x04, 0x63, 0xe4, 0x5a, 0xa3, 0x31, 0x24, 0x42, 0x24, 0x42, 0xa5, 0x52,
  0x04, 0x3a, 0x24, 0x42, 0xa4, 0x5a, 0x64, 0x4a, 0x83, 0x52, 0x85, 0x52,
  0x84, 0x52, 0x63, 0x52, 0xa4, 0x5a, 0x64, 0x4a, 0x24, 0x42, 0xc3, 0x39,
  0xe4, 0x39, 0x24, 0x42, 0x44, 0x4a, 0x45, 0x4a, 0x24, 0x42, 0xa4, 0x52,
  0xe6, 0x5a, 0xc4, 0x52, 0x24, 0x42, 0x45, 0x4a, 0xc4, 0x31, 0x84, 0x29,
  0x04, 0x42, 0x03, 0x3a, 0xa3, 0x31, 0xa3, 0x31, 0x83, 0x29, 0xe3, 0x39,
  0xc3, 0x31, 0xa3, 0x31, 0x84, 0x52, 0xa5, 0x5a, 0x43, 0x4a, 0xa4, 0x52,
  0x64, 0x4a, 0xa5, 0x52, 0xc4, 0x5a, 0x23, 0x42, 0x04, 0x3a, 0x23, 0x3a,
  0x03, 0x42, 0x04, 0x3a, 0xc3, 0x31, 0xa4, 0x29, 0x85, 0x52, 0x85, 0x52,
  0x04, 0x3a, 0xe3, 0x31, 0xe4, 0x39, 0xe4, 0x39, 0x04, 0x42, 0x04, 0x3a,
  0xa3, 0x29, 0xe4, 0x39, 0x24, 0x42, 0xc3, 0x31, 0x44, 0x4a, 0x24, 0x42,
  0x45, 0x42, 0x44, 0x42, 0xc5, 0x5a, 0xa4, 0x52, 0xe4, 0x5a, 0x63, 0x4a,
  0xc4, 0x5a, 0xa3, 0x52, 0x65, 0x73, 0x24, 0x6b, 0xa5, 0x7b, 0x64, 0x73,
  0x63, 0x73, 0xe3, 0x5a, 0x63, 0x73, 0x04, 0x63, 0x64, 0x4a, 0x44, 0x4a,
  0x63, 0x4a, 0x84, 0x4a, 0x64, 0x4a, 0x44, 0x42, 0xc4, 0x52, 0x44, 0x42,
  0xe4, 0x5a, 0xa3, 0x52, 0xe4, 0x62, 0x65, 0x6b, 0x04, 0x5b, 0xc5, 0x52,
  0xe5, 0x5a, 0xc5, 0x52, 0x45, 0x73, 0x64, 0x73, 0xa4, 0x52, 0x84, 0x52,
  0x44, 0x73, 0x45, 0x73, 0xe5, 0x62, 0x45, 0x73, 0x85, 0x4a, 0x44, 0x4a,
  0xa5, 0x52, 0x24, 0x42, 0x24, 0x42, 0xa5, 0x52, 0xc4, 0x31, 0x25, 0x42,
  0x05, 0x6b, 0x65, 0x4a, 0x05, 0x63, 0x84, 0x52, 0xa5, 0x52, 0x05, 0x63,
  0x84, 0x52, 0x05, 0x63, 0x65, 0x4a, 0xe5, 0x62, 0x24, 0x42, 0x24, 0x42,
  0xe5, 0x62, 0x45, 0x6b, 0x85, 0x52, 0x26, 0x6b, 0xe5, 0x5a, 0xa4, 0x4a,
  0xa5, 0x5a, 0xc5, 0x5a, 0x63, 0x4a, 0x44, 0x4a, 0x44, 0x4a, 0xa4, 0x52,
  0x44, 0x42, 0x04, 0x3a, 0x65, 0x4a, 0xc5, 0x5a, 0x45, 0x4a, 0x44, 0x4a,
  0x44, 0x4a, 0x45, 0x6b, 0x04, 0x3a, 0xc3, 0x31, 0x24, 0x42, 0x84, 0x4a,
  0xa5, 0x52, 0x24, 0x42, 0xc4, 0x52, 0x84, 0x52, 0x27, 0x6b, 0xc4, 0x5a,
  0xe5, 0x5a, 0xe4, 0x5a, 0x24, 0x3a, 0x63, 0x4a, 0xe4, 0x5a, 0x04, 0x63,
  0xe5, 0x5a, 0xe5, 0x62, 0x25, 0x6b, 0x45, 0x73, 0xc4, 0x5a, 0x65, 0x73,
  0xe4, 0x62, 0xe4, 0x62, 0x04, 0x63, 0xe4, 0x62, 0xc4, 0x5a, 0x45, 0x4a,
  0x05, 0x63, 0xc5, 0x62, 0x64, 0x4a, 0x04, 0x42, 0x04, 0x63, 0xe3, 0x5a,
  0x84, 0x52, 0xa5, 0x52, 0x04, 0x63, 0x05, 0x63, 0xc5, 0x5a, 0xa5, 0x5a,
  0xa5, 0x5a, 0x25, 0x42, 0xc4, 0x39, 0x83, 0x31, 0xe4, 0x39, 0x45, 0x52,
  0xa3, 0x31, 0xc4, 0x31, 0x64, 0x4a, 0x84, 0x4a, 0x23, 0x42, 0x23, 0x3a,
  0xa4, 0x52, 0x83, 0x4a, 0x83, 0x4a, 0x84, 0x4a, 0x64, 0x4a, 0xc4, 0x52,
  0xa4, 0x52, 0x84, 0x52, 0x64, 0x4a, 0x44, 0x4a, 0x64, 0x52, 0x64, 0x52,
  0x44, 0x42, 0x23, 0x3a, 0x44, 0x42, 0x64, 0x4a, 0x63, 0x4a, 0x43, 0x42,
  0x64, 0x42, 0x64, 0x42, 0xe4, 0x31, 0x64, 0x4a, 0xe3, 0x39, 0x44, 0x42,
  0x24, 0x3a, 0xe4, 0x39, 0xe3, 0x31, 0x03, 0x3a, 0x84, 0x4a, 0x44, 0x42,
  0x44, 0x42, 0x44, 0x42, 0x64, 0x4a, 0x04, 0x42, 0xa5, 0x5a, 0x03, 0x3a,
  0x24, 0x42, 0xa4, 0x5a, 0x03, 0x3a, 0x23, 0x42, 0x44, 0x4a, 0x23, 0x42,
  0x44, 0x4a, 0x84, 0x52, 0x64, 0x4a, 0x24, 0x42, 0x03, 0x3a, 0x64, 0x4a,
  0xe3, 0x31, 0xa2, 0x31, 0x83, 0x29, 0xa3, 0x29, 0x43, 0x4a, 0x24, 0x42,
  0xa3, 0x52, 0x23, 0x42, 0x83, 0x29, 0xa3, 0x29, 0x23, 0x3a, 0x03, 0x3a,
  0x43, 0x42, 0x63, 0x4a, 0x24, 0x42, 0x23, 0x42, 0x43, 0x42, 0x63, 0x4a,
  0x84, 0x52, 0x63, 0x4a, 0x44, 0x4a, 0x02, 0x3a, 0x63, 0x4a, 0x43, 0x4a,
  0x84, 0x5a, 0x43, 0x4a, 0x43, 0x4a, 0x63, 0x4a, 0xe3, 0x5a, 0x83, 0x4a,
  0xc3, 0x5a, 0x43, 0x4a, 0xe3, 0x39, 0xc3, 0x31, 0x24, 0x42, 0xc3, 0x39,
  0x24, 0x4a, 0x04, 0x42, 0x23, 0x42, 0x44, 0x4a, 0x24, 0x42, 0x03, 0x42,
  0xe3, 0x39, 0x84, 0x5a, 0x03, 0x3a, 0x43, 0x4a, 0xc3, 0x31, 0xe4, 0x39,
  0x43, 0x42, 0x04, 0x42, 0x24, 0x42, 0x23, 0x42, 0xe3, 0x31, 0x04, 0x3a,
  0xc3, 0x31, 0xa3, 0x29, 0x44, 0x4a, 0x04, 0x3a, 0x04, 0x3a, 0xc3, 0x31,
  0x44, 0x4a, 0xe4, 0x39, 0x43, 0x42, 0xe4, 0x39, 0x04, 0x42, 0x85, 0x5a,
  0x04, 0x42, 0x65, 0x52, 0xe4, 0x39, 0xa4, 0x31, 0xe3, 0x39, 0x04, 0x42,
  0x04, 0x42, 0x23, 0x4a, 0x24, 0x42, 0x23, 0x42, 0x64, 0x4a, 0x64, 0x4a,
  0x84, 0x52, 0x64, 0x4a, 0x24, 0x42, 0x43, 0x42, 0x24, 0x3a, 0xe3, 0x39,
  0x64, 0x42, 0x04, 0x3a, 0x44, 0x42, 0x64, 0x4a, 0x24, 0x42, 0xe3, 0x39,
  0x04, 0x3a, 0x24, 0x4a, 0x23, 0x3a, 0x23, 0x42, 0xc3, 0x31, 0xa3, 0x29,
  0x43, 0x42, 0xc3, 0x29, 0x03, 0x3a, 0xc3, 0x31, 0x83, 0x29, 0x63, 0x29,
  0x44, 0x42, 0xe3, 0x31, 0xc3, 0x31, 0xc3, 0x31, 0xc3, 0x31, 0x23, 0x42,
  0xc3, 0x31, 0x04, 0x3a, 0x03, 0x3a, 0xe4, 0x31, 0xa3, 0x29, 0x23, 0x42,
  0xa3, 0x29, 0xe3, 0x31, 0xc3, 0x31, 0x64, 0x21, 0xc3, 0x31, 0xc4, 0x31,
  0x43, 0x21, 0x03, 0x3a, 0xe2, 0x31, 0xa3, 0x29, 0x63, 0x4a, 0x03, 0x3a,
  0x03, 0x3a, 0x23, 0x42, 0x23, 0x42, 0x23, 0x42, 0x23, 0x42, 0x44, 0x42,
  0x83, 0x29, 0xe3, 0x41, 0x83, 0x29, 0x03, 0x3a, 0x63, 0x4a, 0xc3, 0x39,
  0xe4, 0x39, 0x85, 0x5a, 0xe3, 0x31, 0xa3, 0x31, 0xa2, 0x29, 0xa3, 0x29,
  0xe4, 0x31, 0xa3, 0x31, 0xa4, 0x31, 0x63, 0x29, 0xc3, 0x31, 0xa3, 0x29,
  0x23, 0x42, 0xc3, 0x31, 0x83, 0x29, 0x83, 0x29, 0x42, 0x21, 0xc3, 0x31,
  0xc3, 0x31, 0xa3, 0x29, 0x04, 0x3a, 0x03, 0x42, 0xc3, 0x39, 0xc2, 0x39,
  0x82, 0x29, 0x63, 0x52, 0x23, 0x42, 0x82, 0x29, 0xe2, 0x39, 0x83, 0x29,
  0xa3, 0x31, 0x23, 0x42, 0x23, 0x42, 0x43, 0x4a, 0x23, 0x42, 0x42, 0x21,
  0x03, 0x42, 0xa3, 0x31, 0xc3, 0x31, 0x83, 0x29, 0xc3, 0x31, 0x82, 0x29,
  0xc3, 0x31, 0x23, 0x42, 0x03, 0x3a, 0x03, 0x42, 0x83, 0x29, 0x42, 0x21,
  0x83, 0x29, 0xa2, 0x31, 0x62, 0x21, 0xa3, 0x31, 0xa2, 0x31, 0x23, 0x42,
  0xa3, 0x5a, 0x23, 0x4a, 0x63, 0x52, 0x03, 0x42, 0xa2, 0x31, 0x22, 0x42,
  0x22, 0x4a, 0x62, 0x4a, 0x02, 0x42, 0x03, 0x42, 0x43, 0x4a, 0x02, 0x4a,
  0x44, 0x52, 0x43, 0x4a, 0x43, 0x52, 0x23, 0x42, 0x42, 0x52, 0x83, 0x5a,
  0x83, 0x5a, 0xc2, 0x5a, 0x23, 0x52, 0x63, 0x52, 0x64, 0x52, 0x83, 0x52,
  0x83, 0x5a, 0x82, 0x5a, 0xa4, 0x5a, 0xa2, 0x62, 0xc4, 0x62, 0x43, 0x52,
  0xe4, 0x6a, 0x42, 0x5a, 0x63, 0x83, 0x44, 0x7b, 0x23, 0x7b, 0xc4, 0x6a,
  0x83, 0x5a, 0xc3, 0x6a, 0xc3, 0x62, 0xc3, 0x62, 0x24, 0x7b, 0xa4, 0x62,
  0xe4, 0x6a, 0x84, 0x5a, 0x43, 0x52, 0xa3, 0x5a, 0x23, 0x52, 0xa3, 0x6a,
  0x63, 0x5a, 0xc3, 0x6a, 0x64, 0x5a, 0xc3, 0x6a, 0x43, 0x52, 0xa4, 0x6a,
  0x83, 0x62, 0x23, 0x4a, 0x63, 0x5a, 0xa3, 0x62, 0x63, 0x52, 0xa3, 0x6a,
  0x83, 0x5a, 0x02, 0x6b, 0x42, 0x4a, 0x23, 0x73, 0x04, 0x6b, 0x45, 0x4a,
  0xa3, 0x5a, 0x04, 0x42, 0x62, 0x52, 0x04, 0x6b, 0x83, 0x5a, 0xa4, 0x5a,
  0xc4, 0x62, 0xe4, 0x39, 0x63, 0x52, 0xe4, 0x41, 0x83, 0x62, 0xe4, 0x62,
  0x83, 0x5a, 0xa3, 0x5a, 0x05, 0x6b, 0x83, 0x5a, 0xa4, 0x5a, 0xa4, 0x62,
  0xa4, 0x5a, 0x04, 0x63, 0x64, 0x52, 0xc5, 0x62, 0x83, 0x5a, 0xa4, 0x5a,
  0x84, 0x5a, 0x84, 0x5a, 0xa4, 0x5a, 0x05, 0x6b, 0x04, 0x63, 0x44, 0x6b,
  0x66, 0x7b, 0x29, 0x94, 0x46, 0x73, 0x29, 0x94, 0x64, 0x52, 0x44, 0x73,
  0x84, 0x52, 0x65, 0x73, 0x26, 0x6b, 0x29, 0x94, 0xe6, 0x62, 0xa9, 0x83,
  0x65, 0x52, 0xa4, 0x62, 0x45, 0x52, 0x84, 0x52, 0xa4, 0x62, 0xa5, 0x5a,
  0xc4, 0x62, 0x24, 0x4a, 0xe4, 0x41, 0x83, 0x52, 0xa3, 0x31, 0x63, 0x52,
  0xe6, 0x6a, 0x24, 0x42, 0xa5, 0x62, 0x24, 0x42, 0x84, 0x52, 0x25, 0x6b,
  0x85, 0x52, 0x66, 0x73, 0x26, 0x6b, 0x2a, 0x94, 0x67, 0x7b, 0x0a, 0x8c,
  0x24, 0x4a, 0x26, 0x73, 0x45, 0x4a, 0x47, 0x73, 0x47, 0x73, 0xea, 0x8b,
  0xa8, 0x83, 0xea, 0x8b, 0x63, 0x5a, 0x83, 0x5a, 0x43, 0x4a, 0x63, 0x5a,
  0x83, 0x5a, 0xe3, 0x72, 0x83, 0x62, 0x84, 0x62, 0x23, 0x4a, 0xa3, 0x62,
  0x43, 0x52, 0x83, 0x62, 0x43, 0x5a, 0x64, 0x5a, 0x23, 0x52, 0xa3, 0x6a,
  0xc3, 0x62, 0x84, 0x5a, 0x63, 0x52, 0x64, 0x5a, 0x64, 0x52, 0xe4, 0x41,
  0xc4, 0x62, 0x44, 0x4a, 0xc4, 0x62, 0xe4, 0x6a, 0x25, 0x73, 0x84, 0x52,
  0xa5, 0x62, 0xe4, 0x41, 0x24, 0x52, 0xa3, 0x31, 0x22, 0x4a, 0x63, 0x5a,
  0xc2, 0x5a, 0x84, 0x62, 0x44, 0x5a, 0xc2, 0x62, 0x83, 0x62, 0x03, 0x6b,
  0x22, 0x4a, 0xa3, 0x62, 0x02, 0x4a, 0xc2, 0x62, 0x43, 0x7b, 0xc4, 0x62,
  0x24, 0x73, 0x64, 0x52, 0x04, 0x63, 0x84, 0x5a, 0x65, 0x52, 0x04, 0x42,
  0xe4, 0x41, 0xc3, 0x41, 0xa3, 0x31, 0x43, 0x52, 0x04, 0x42, 0xa3, 0x39,
  0xc3, 0x39, 0xe3, 0x39, 0x04, 0x42, 0xc3, 0x6a, 0x64, 0x52, 0x44, 0x7b,
  0xa3, 0x31, 0xe4, 0x62, 0x03, 0x42, 0xc5, 0x62, 0xa5, 0x62, 0x65, 0x4a,
  0x65, 0x52, 0x44, 0x4a, 0x44, 0x52, 0xc5, 0x62, 0x84, 0x5a, 0x85, 0x5a,
  0x04, 0x42, 0x45, 0x4a, 0xe5, 0x39, 0x64, 0x4a, 0x65, 0x52, 0xc6, 0x62,
  0xc5, 0x62, 0x07, 0x63, 0xe8, 0x8b, 0xaa, 0x83, 0x28, 0x94, 0xab, 0x83,
  0x05, 0x63, 0x06, 0x63, 0xe5, 0x62, 0x26, 0x6b, 0x09, 0x94, 0x6a, 0x7b,
  0xe9, 0x8b, 0x6b, 0x7b, 0xe5, 0x6a, 0x25, 0x4a, 0xe4, 0x72, 0x05, 0x42,
  0xc3, 0x31, 0x65, 0x52, 0x04, 0x42, 0x05, 0x63, 0xc5, 0x6a, 0xe4, 0x39,
  0x65, 0x52, 0xe4, 0x39, 0x45, 0x4a, 0x25, 0x6b, 0x45, 0x4a, 0x45, 0x6b,
  0xe6, 0x62, 0x67, 0x73, 0x06, 0x6b, 0xa7, 0x83, 0xea, 0x8b, 0x6b, 0x7b,
  0xea, 0x8b, 0x6b, 0x7b, 0x06, 0x63, 0x08, 0x8c, 0x87, 0x7b, 0x09, 0x94,
  0xab, 0x83, 0x6b, 0x7b, 0x6b, 0x7b, 0x6b, 0x7b, 0x64, 0x4a, 0x44, 0x42,
  0x23, 0x42, 0xa4, 0x52, 0x43, 0x42, 0xe4, 0x39, 0x64, 0x4a, 0x85, 0x52,
  0x84, 0x4a, 0x64, 0x4a, 0xe4, 0x39, 0x04, 0x3a, 0x64, 0x4a, 0xc4, 0x5a,
  0x84, 0x4a, 0x84, 0x52, 0x65, 0x4a, 0x23, 0x42, 0xa5, 0x52, 0x23, 0x4a,
  0x03, 0x3a, 0x43, 0x4a, 0x23, 0x4a, 0x04, 0x42, 0x23, 0x42, 0xa3, 0x5a,
  0xc3, 0x5a, 0x04, 0x63, 0x63, 0x52, 0x43, 0x4a, 0xa3, 0x52, 0xa5, 0x52,
  0x83, 0x29, 0xc3, 0x31, 0x83, 0x29, 0x63, 0x21, 0x04, 0x3a, 0x44, 0x42,
  0xc3, 0x39, 0x64, 0x4a, 0xa3, 0x31, 0x83, 0x29, 0x04, 0x42, 0x45, 0x4a,
  0x04, 0x3a, 0x44, 0x4a, 0x03, 0x3a, 0xc3, 0x39, 0xe3, 0x62, 0xc4, 0x5a,
  0xe4, 0x62, 0x43, 0x4a, 0x84, 0x52, 0x64, 0x52, 0x64, 0x52, 0x44, 0x52,
  0x23, 0x4a, 0x64, 0x52, 0x44, 0x4a, 0xc4, 0x5a, 0x44, 0x52, 0x84, 0x5a,
  0x63, 0x52, 0xc4, 0x62, 0xe3, 0x39, 0x04, 0x42, 0xe4, 0x41, 0x03, 0x42,
  0xc2, 0x31, 0xc2, 0x39, 0xa2, 0x31, 0x03, 0x42, 0x44, 0x4a, 0xe3, 0x39,
  0x44, 0x4a, 0x43, 0x4a, 0xe3, 0x41, 0xe3, 0x5a, 0xc4, 0x62, 0x02, 0x63,
  0x62, 0x52, 0x42, 0x4a, 0xe3, 0x62, 0x83, 0x52, 0x62, 0x4a, 0x42, 0x4a,
  0x03, 0x42, 0xa4, 0x5a, 0xc2, 0x5a, 0x63, 0x52, 0xa2, 0x5a, 0x03, 0x42,
  0xe3, 0x39, 0xe2, 0x62, 0x63, 0x52, 0x02, 0x63, 0x44, 0x4a, 0x04, 0x6b,
  0x03, 0x42, 0xa4, 0x5a, 0xe4, 0x62, 0x22, 0x6b, 0xc3, 0x5a, 0x42, 0x6b,
  0xc4, 0x5a, 0xc4, 0x5a, 0x25, 0x63, 0x24, 0x6b, 0xc4, 0x5a, 0xc4, 0x5a,
  0xc3, 0x62, 0x62, 0x52, 0xe2, 0x6a, 0x64, 0x5a, 0xa4, 0x62, 0xc4, 0x62,
  0x03, 0x6b, 0x22, 0x6b, 0x23, 0x73, 0xc2, 0x5a, 0x84, 0x5a, 0xe2, 0x62,
  0xa2, 0x5a, 0xa2, 0x7b, 0x22, 0x6b, 0x43, 0x73, 0x43, 0x73, 0x24, 0x6b,
  0x85, 0x4a, 0xa4, 0x52, 0xc5, 0x5a, 0x24, 0x63, 0x64, 0x4a, 0x44, 0x42,
  0x83, 0x4a, 0x63, 0x4a, 0xe3, 0x5a, 0x24, 0x6b, 0x23, 0x63, 0x43, 0x6b,
  0xe3, 0x5a, 0xe4, 0x5a, 0x45, 0x73, 0x24, 0x6b, 0xc4, 0x5a, 0xa4, 0x5a,
  0xa4, 0x5a, 0x64, 0x52, 0x84, 0x5a, 0xc4, 0x62, 0x84, 0x52, 0x44, 0x73,
  0xe4, 0x62, 0x64, 0x4a, 0xa4, 0x5a, 0x84, 0x4a, 0x45, 0x6b, 0x25, 0x73,
  0xe6, 0x62, 0xa5, 0x5a, 0x04, 0x63, 0x85, 0x5a, 0x85, 0x5a, 0x45, 0x52,
  0xa5, 0x5a, 0x04, 0x42, 0x05, 0x3a, 0x05, 0x42, 0x64, 0x52, 0x83, 0x29,
  0xc4, 0x39, 0xc3, 0x39, 0x63, 0x29, 0x84, 0x29, 0xc4, 0x31, 0xa4, 0x31,
  0x66, 0x52, 0x86, 0x52, 0xa5, 0x31, 0x05, 0x42, 0x25, 0x42, 0x65, 0x52,
  0xa4, 0x31, 0xc4, 0x31, 0x63, 0x29, 0xe5, 0x39, 0x83, 0x31, 0xa4, 0x31,
  0xa4, 0x31, 0x84, 0x29, 0x04, 0x3a, 0xe4, 0x39, 0x04, 0x6b, 0x43, 0x6b,
  0x84, 0x7b, 0xa5, 0x7b, 0x03, 0x63, 0x62, 0x73, 0xc5, 0x83, 0xc5, 0x8b,
  0x85, 0x7b, 0x25, 0x73, 0x05, 0x6b, 0x65, 0x52, 0x45, 0x7b, 0x26, 0x73,
  0xa5, 0x62, 0x86, 0x52, 0x62, 0x7b, 0xc3, 0x83, 0xa5, 0x83, 0xa4, 0x62,
  0x44, 0x73, 0xc4, 0x62, 0x64, 0x52, 0xe4, 0x62, 0xc5, 0x62, 0xa4, 0x5a,
  0xa5, 0x5a, 0xa4, 0x5a, 0x84, 0x52, 0xa3, 0x52, 0xa3, 0x52, 0x84, 0x52,
  0xc4, 0x39, 0x05, 0x42, 0x26, 0x42, 0x25, 0x4a, 0x66, 0x5a, 0x06, 0x6b,
  0x85, 0x52, 0xa5, 0x5a, 0xc4, 0x39, 0xe4, 0x39, 0xc4, 0x39, 0x65, 0x4a,
  0x04, 0x42, 0x04, 0x42, 0xa5, 0x5a, 0x24, 0x42, 0xc5, 0x5a, 0xe5, 0x62,
  0x85, 0x5a, 0xc5, 0x62, 0x85, 0x52, 0x45, 0x4a, 0x85, 0x52, 0xe4, 0x41,
  0x25, 0x42, 0x65, 0x52, 0x85, 0x52, 0x05, 0x42, 0x04, 0x42, 0xc5, 0x5a,
  0x44, 0x4a, 0x04, 0x6b, 0x82, 0x52, 0xe3, 0x6a, 0xc3, 0x5a, 0xe4, 0x6a,
  0x84, 0x5a, 0x45, 0x52, 0x24, 0x52, 0xc3, 0x39, 0xc3, 0x5a, 0x43, 0x4a,
  0x03, 0x63, 0x23, 0x4a, 0xa3, 0x39, 0x04, 0x4a, 0xc3, 0x39, 0x44, 0x4a,
  0xc3, 0x39, 0x03, 0x42, 0x04, 0x4a, 0x84, 0x5a, 0xe4, 0x6a, 0x45, 0x7b,
  0x65, 0x83, 0xa5, 0x5a, 0x64, 0x5a, 0xe4, 0x6a, 0xa4, 0x62, 0x45, 0x7b,
  0x65, 0x7b, 0x45, 0x4a, 0xc6, 0x62, 0xe5, 0x39, 0xc3, 0x62, 0xe2, 0x39,
  0x63, 0x52, 0xa3, 0x52, 0x23, 0x4a, 0x63, 0x5a, 0xc4, 0x62, 0x04, 0x73,
  0xa4, 0x5a, 0x24, 0x6b, 0xe4, 0x62, 0x83, 0x52, 0xa5, 0x62, 0x04, 0x73,
  0x64, 0x5a, 0xc5, 0x6a, 0x04, 0x73, 0x05, 0x6b, 0xe5, 0x6a, 0x85, 0x52,
  0x25, 0x42, 0xa4, 0x31, 0xe4, 0x39, 0xa4, 0x31, 0x85, 0x52, 0x25, 0x42,
  0x24, 0x42, 0x25, 0x42, 0xe4, 0x39, 0xe5, 0x39, 0xe4, 0x39, 0xa5, 0x52,
  0x25, 0x42, 0x45, 0x4a, 0x25, 0x42, 0x04, 0x42, 0x64, 0x4a, 0x05, 0x6b,
  0x05, 0x63, 0xe6, 0x62, 0xe4, 0x39, 0x45, 0x4a, 0xe4, 0x39, 0xa5, 0x5a,
  0x06, 0x6b, 0x46, 0x73, 0x06, 0x63, 0xa7, 0x83, 0xa7, 0x83, 0x0a, 0x94,
  0xe7, 0x8b, 0xca, 0x8b, 0x6b, 0x7b, 0x6b, 0x7b, 0x6b, 0x7b, 0x6b, 0x7b,
  0x08, 0x94, 0xab, 0x83, 0x29, 0x94, 0x6b, 0x7b, 0x6b, 0x7b, 0x6b, 0x7b,
  0x6b, 0x7b, 0x6b, 0x7b, 0x04, 0x42, 0x05, 0x6b, 0xa5, 0x52, 0x06, 0x6b,
  0x26, 0x6b, 0xe8, 0x8b, 0x66, 0x73, 0x28, 0x94, 0x05, 0x6b, 0xe6, 0x62,
  0x26, 0x6b, 0x26, 0x6b, 0xc7, 0x83, 0x4a, 0x9c, 0x48, 0x9c, 0xea, 0x8b,
  0x0a, 0x94, 0x6b, 0x7b, 0xab, 0x83, 0x6b, 0x7b, 0x6b, 0x7b, 0x6b, 0x7b,
  0x6b, 0x7b, 0x6b, 0x7b, 0x6b, 0x7b, 0x6b, 0x7b, 0x6b, 0x7b, 0x6b, 0x7b,
  0x6b, 0x7b, 0x6b, 0x7b, 0x6b, 0x7b, 0x6b, 0x7b, 0xe4, 0x62, 0x84, 0x5a,
  0x04, 0x6b, 0x64, 0x52, 0x64, 0x52, 0x45, 0x52, 0x64, 0x4a, 0x44, 0x4a,
  0xa5, 0x62, 0x24, 0x42, 0x25, 0x4a, 0x44, 0x4a, 0x64, 0x52, 0xa4, 0x5a,
  0xc4, 0x62, 0x44, 0x4a, 0x85, 0x52, 0x04, 0x3a, 0xe4, 0x39, 0x25, 0x42,
  0x05, 0x42, 0xe5, 0x62, 0x85, 0x52, 0x05, 0x6b, 0xe4, 0x39, 0x65, 0x4a,
  0x25, 0x42, 0x05, 0x6b, 0x45, 0x6b, 0x46, 0x73, 0x26, 0x73, 0x67, 0x7b,
  0x44, 0x4a, 0x24, 0x6b, 0x04, 0x6b, 0xe4, 0x62, 0xc4, 0x5a, 0x24, 0x42,
  0x65, 0x52, 0xa4, 0x5a, 0x25, 0x6b, 0x84, 0x52, 0xc5, 0x5a, 0xe5, 0x62,
  0xa4, 0x5a, 0x05, 0x6b, 0x65, 0x7b, 0xa6, 0x5a, 0xe5, 0x62, 0x25, 0x73,
  0x46, 0x73, 0x06, 0x6b, 0x26, 0x6b, 0xe7, 0x8b, 0x66, 0x73, 0x68, 0x9c,
  0x06, 0x6b, 0x87, 0x7b, 0x26, 0x73, 0xc6, 0x83, 0x28, 0x94, 0x69, 0xa4,
  0x49, 0x9c, 0x0a, 0x94, 0x06, 0x63, 0xe7, 0x8b, 0x46, 0x73, 0x48, 0x9c,
  0x69, 0x9c, 0x6b, 0x7b, 0x0a, 0x94, 0x6b, 0x7b, 0xe7, 0x8b, 0x69, 0xa4,
  0x48, 0x9c, 0x4b, 0x9c, 0xab, 0x83, 0x6b, 0x7b, 0x6b, 0x7b, 0x6b, 0x7b,
  0x6b, 0x7b, 0x6b, 0x7b, 0x6b, 0x7b, 0x6b, 0x7b, 0x6b, 0x7b, 0x6b, 0x7b,
  0x6b, 0x7b, 0x6b, 0x7b, 0x6b, 0x7b, 0x6b, 0x7b, 0x6b, 0x7b, 0x6b, 0x7b,
  0x6b, 0x7b, 0x6b, 0x7b, 0x6b, 0x7b, 0x6b, 0x7b, 0x89, 0xa4, 0xab, 0x83,
  0x2a, 0x9c, 0x6b, 0x7b, 0x6b, 0x7b, 0x6b, 0x7b, 0x6b, 0x7b, 0x6b, 0x7b,
  0xab, 0x83, 0x6b, 0x7b, 0x6b, 0x7b, 0x6b, 0x7b, 0x6b, 0x7b, 0x6b, 0x7b,
  0x6b, 0x7b, 0x6b, 0x7b, 0x6b, 0x7b, 0x6b, 0x7b, 0x6b, 0x7b, 0x6b, 0x7b,
  0x6b, 0x7b, 0x6b, 0x7b, 0x6b, 0x7b, 0x6b, 0x7b, 0x6b, 0x7b, 0x6b, 0x7b,
  0x6b, 0x7b, 0x6b, 0x7b, 0x6b, 0x7b, 0x6b, 0x7b, 0x6b, 0x7b, 0x6b, 0x7b,
  0x8c, 0x7b, 0xcd, 0x83, 0x6c, 0x73, 0xed, 0x83, 0x0b, 0x94, 0x89, 0x7b,
  0x2b, 0x94, 0x89, 0x7b, 0x8d, 0x73, 0xed, 0x83, 0x4c, 0x6b, 0xcd, 0x83,
  0xeb, 0x8b, 0x89, 0x7b, 0x0c, 0x94, 0x8a, 0x83, 0x89, 0x7b, 0x08, 0x63,
  0xa9, 0x7b, 0x28, 0x6b, 0xe7, 0x5a, 0x48, 0x73, 0x28, 0x63, 0xc7, 0x5a,
  0xa9, 0x83, 0x48, 0x6b, 0xc9, 0x83, 0xa9, 0x7b, 0x08, 0x63, 0x87, 0x4a,
  0x28, 0x63, 0xc8, 0x5a, 0x8d, 0x7b, 0xed, 0x83, 0xad, 0x7b, 0xed, 0x83,
  0x0c, 0x94, 0xaa, 0x83, 0x2d, 0x94, 0xca, 0x8b, 0x8d, 0x7b, 0x0e, 0x8c,
  0xad, 0x7b, 0x0e, 0x8c, 0x2d, 0x94, 0x2b, 0x9c, 0x2d, 0x94, 0x4c, 0x9c,
  0xe9, 0x8b, 0xc9, 0x83, 0xc9, 0x8b, 0xe8, 0x8b, 0x48, 0x6b, 0xe8, 0x5a,
  0xc7, 0x83, 0x07, 0x63, 0xc9, 0x83, 0xa9, 0x7b, 0xc9, 0x83, 0x09, 0x8c,
  0xe9, 0x8b, 0xa8, 0x83, 0xe9, 0x8b, 0x08, 0x94, 0x27, 0x73, 0x06, 0x6b,
  0x07, 0x6b, 0x07, 0x6b, 0x06, 0x63, 0x06, 0x63, 0x27, 0x6b, 0x06, 0x6b,
  0xa7, 0x52, 0x27, 0x73, 0xa7, 0x52, 0x27, 0x6b, 0xa7, 0x5a, 0xe7, 0x62,
  0x06, 0x6b, 0xa6, 0x5a, 0xe6, 0x62, 0xe6, 0x72, 0xe7, 0x62, 0xc5, 0x62,
  0xa5, 0x6a, 0xa5, 0x62, 0x06, 0x73, 0xc5, 0x6a, 0x07, 0x6b, 0xa6, 0x5a,
  0xe6, 0x62, 0x06, 0x6b, 0xe5, 0x6a, 0xe6, 0x72, 0xc6, 0x6a, 0xe6, 0x72,
  0x87, 0x52, 0xa7, 0x52, 0xa7, 0x52, 0x66, 0x4a, 0x07, 0x6b, 0xe7, 0x62,
  0xa7, 0x52, 0xe7, 0x62, 0x47, 0x6b, 0x07, 0x63, 0x67, 0x73, 0x67, 0x73,
  0x66, 0x4a, 0x87, 0x4a, 0x87, 0x4a, 0x67, 0x4a, 0xe6, 0x6a, 0xc6, 0x6a,
  0x47, 0x73, 0xe7, 0x62, 0xe6, 0x72, 0xe6, 0x72, 0xe6, 0x6a, 0xe6, 0x72,
  0x27, 0x6b, 0xe6, 0x62, 0xe7, 0x62, 0x06, 0x63, 0x06, 0x6b, 0xc6, 0x62,
  0x06, 0x6b, 0x26, 0x73, 0xce, 0x7b, 0xed, 0x83, 0xcd, 0x7b, 0x0e, 0x8c,
  0x4d, 0x9c, 0x4c, 0xa4, 0x6e, 0x9c, 0x6d, 0xa4, 0xcd, 0x7b, 0x0e, 0x84,
  0xcd, 0x7b, 0xee, 0x83, 0x8e, 0xa4, 0xad, 0xac, 0x8e, 0x9c, 0xad, 0xac,
  0xea, 0x8b, 0x09, 0x8c, 0x0b, 0x94, 0x2a, 0x94, 0xe8, 0x8b, 0x49, 0x9c,
  0xc8, 0x83, 0xc9, 0x8b, 0x2b, 0x9c, 0x2a, 0x94, 0x2b, 0x9c, 0xea, 0x8b,
  0xe9, 0x83, 0xe9, 0x8b, 0x49, 0x94, 0xe8, 0x8b, 0xad, 0x7b, 0xcd, 0x83,
  0xac, 0x7b, 0xcd, 0x83, 0xae, 0xa4, 0xae, 0xac, 0xaf, 0xa4, 0xce, 0xac,
  0xcc, 0x83, 0xed, 0x83, 0x8f, 0x9c, 0x2e, 0x94, 0xcf, 0xac, 0xcf, 0xac,
  0xf0, 0xac, 0xef, 0xac, 0x6c, 0xa4, 0xea, 0x8b, 0x8c, 0xa4, 0x2a, 0x94,
  0x09, 0x8c, 0xe8, 0x8b, 0x2a, 0x94, 0x29, 0x94, 0x8d, 0xac, 0x4b, 0x9c,
  0xad, 0xac, 0x4b, 0x9c, 0x4a, 0x9c, 0x09, 0x8c, 0x4a, 0x9c, 0x4a, 0x94,
  0x48, 0x9c, 0x67, 0x73, 0x68, 0x7b, 0xe8, 0x8b, 0xa7, 0x52, 0x46, 0x42,
  0xc7, 0x5a, 0x66, 0x4a, 0x68, 0x73, 0xa7, 0x83, 0x28, 0x94, 0x07, 0x63,
  0xe6, 0x8b, 0x26, 0x6b, 0xe7, 0x8b, 0xe6, 0x8b, 0xc7, 0x5a, 0xa6, 0x5a,
  0xc6, 0x5a, 0xe6, 0x5a, 0xe6, 0x62, 0x46, 0x73, 0xc7, 0x62, 0x27, 0x73,
  0x07, 0x63, 0x47, 0x73, 0x87, 0x7b, 0x67, 0x7b, 0xa6, 0x5a, 0xc7, 0x5a,
  0xe7, 0x62, 0xa6, 0x5a, 0x28, 0x94, 0xc8, 0x83, 0x08, 0x8c, 0xa8, 0xac,
  0xa8, 0x83, 0x87, 0x7b, 0x48, 0x9c, 0xe8, 0x8b, 0xc8, 0x83, 0x08, 0x8c,
  0xc9, 0x83, 0x09, 0x8c, 0x68, 0x9c, 0xe8, 0x8b, 0x09, 0x94, 0xc8, 0x83,
  0xe8, 0x8b, 0x07, 0x6b, 0xe8, 0x93, 0xa7, 0x5a, 0xe7, 0x62, 0xa6, 0x52,
  0xe7, 0x5a, 0xc7, 0x5a, 0x49, 0x9c, 0x48, 0x73, 0x69, 0x9c, 0x07, 0x8c,
  0x27, 0x6b, 0xe6, 0x5a, 0xe7, 0x8b, 0x47, 0x73, 0x85, 0x52, 0x65, 0x4a,
  0xa5, 0x62, 0x65, 0x52, 0x25, 0x42, 0x45, 0x4a, 0x64, 0x52, 0x04, 0x42,
  0xe6, 0x6a, 0x85, 0x5a, 0xc6, 0x62, 0xa5, 0x62, 0x85, 0x5a, 0x25, 0x42,
  0xc5, 0x6a, 0xc5, 0x6a, 0xa5, 0x5a, 0x44, 0x4a, 0x84, 0x5a, 0x85, 0x5a,
  0x45, 0x4a, 0xa5, 0x5a, 0xe4, 0x41, 0x65, 0x52, 0x24, 0x42, 0x65, 0x52,
  0x44, 0x52, 0x85, 0x5a, 0x24, 0x4a, 0x44, 0x4a, 0x44, 0x52, 0x44, 0x52,
  0x06, 0x73, 0xe5, 0x72, 0x06, 0x7b, 0xe6, 0x6a, 0xe5, 0x6a, 0x05, 0x6b,
  0xe6, 0x62, 0xe5, 0x62, 0x06, 0x73, 0xc6, 0x6a, 0xe6, 0x6a, 0xc6, 0x72,
  0xc6, 0x6a, 0xa5, 0x62, 0xe5, 0x6a, 0xc5, 0x62, 0xe5, 0x6a, 0xc5, 0x5a,
  0x05, 0x6b, 0x25, 0x6b, 0x44, 0x4a, 0x04, 0x42, 0x25, 0x6b, 0xe4, 0x62,
  0xc5, 0x5a, 0x46, 0x73, 0xe5, 0x62, 0x26, 0x6b, 0x05, 0x63, 0xc5, 0x5a,
  0xc5, 0x5a, 0xc6, 0x5a, 0xe5, 0x62, 0xa4, 0x5a, 0xe5, 0x62, 0xe4, 0x5a,
  0xe5, 0x62, 0xc4, 0x5a, 0x24, 0x6b, 0x64, 0x73, 0x04, 0x6b, 0x24, 0x42,
  0x84, 0x52, 0x24, 0x42, 0x64, 0x4a, 0x85, 0x52, 0xc5, 0x5a, 0xe5, 0x62,
  0x83, 0x52, 0x04, 0x42, 0x04, 0x63, 0x24, 0x6b, 0x84, 0x52, 0x64, 0x4a,
  0x43, 0x6b, 0x04, 0x5b, 0x04, 0x63, 0xa5, 0x5a, 0xc4, 0x5a, 0x84, 0x52,
  0x45, 0x6b, 0x04, 0x63, 0xc5, 0x5a, 0xe4, 0x5a, 0xc5, 0x62, 0x64, 0x4a,
  0x85, 0x7b, 0x65, 0x73, 0x24, 0x42, 0x64, 0x4a, 0x44, 0x6b, 0x45, 0x73,
  0x84, 0x52, 0x05, 0x6b, 0xe5, 0x62, 0x65, 0x7b, 0x04, 0x6b, 0xe4, 0x5a,
  0xc6, 0x83, 0xc5, 0x83, 0xa4, 0x52, 0x45, 0x6b, 0x24, 0x63, 0xa4, 0x5a,
  0xc4, 0x5a, 0xa4, 0x52, 0x25, 0x6b, 0xc5, 0x5a, 0xa4, 0x52, 0x64, 0x73,
  0xe5, 0x83, 0x06, 0x8c, 0x45, 0x73, 0x45, 0x73, 0xe6, 0x8b, 0xe5, 0x83,
  0x46, 0x73, 0x66, 0x83, 0x66, 0x7b, 0x87, 0x83, 0x06, 0x73, 0xc6, 0x6a,
  0x46, 0x7b, 0x06, 0x7b, 0x47, 0x73, 0x67, 0x7b, 0xc7, 0x5a, 0x67, 0x7b,
  0x46, 0x73, 0x26, 0x73, 0xe6, 0x62, 0x26, 0x6b, 0xa5, 0x5a, 0xe6, 0x62,
  0xe6, 0x72, 0xc6, 0x6a, 0x26, 0x6b, 0x46, 0x6b, 0x27, 0x73, 0xe5, 0x6a,
  0x46, 0x7b, 0xe6, 0x6a, 0x67, 0x7b, 0x26, 0x73, 0xa6, 0x5a, 0xc6, 0x62,
  0xe5, 0x62, 0xa5, 0x5a, 0xc6, 0x5a, 0xc6, 0x5a, 0x07, 0x6b, 0x67, 0x7b,
  0x86, 0x52, 0x06, 0x6b, 0x65, 0x52, 0xc6, 0x5a, 0xc6, 0x5a, 0x27, 0x73,
  0xa6, 0x5a, 0xc6, 0x5a, 0x47, 0x7b, 0xe6, 0x62, 0x06, 0x6b, 0x07, 0x73,
  0x67, 0x7b, 0xa6, 0x52, 0xa7, 0x83, 0x46, 0x6b, 0xa6, 0x5a, 0x46, 0x4a,
  0x47, 0x6b, 0xe7, 0x62, 0x47, 0x73, 0x47, 0x73, 0x67, 0x7b, 0x08, 0x94,
  0x67, 0x73, 0x67, 0x7b, 0x87, 0x7b, 0xe8, 0x8b, 0x46, 0x73, 0xe5, 0x62,
  0xe5, 0x62, 0xc5, 0x62, 0x26, 0x73, 0x65, 0x7b, 0x85, 0x5a, 0x85, 0x5a,
  0x86, 0x5a, 0xa6, 0x5a, 0x25, 0x4a, 0x25, 0x4a, 0xc6, 0x6a, 0xa6, 0x5a,
  0x66, 0x52, 0x25, 0x4a, 0x46, 0x73, 0x06, 0x6b, 0xa6, 0x62, 0xa6, 0x5a,
  0xe6, 0x83, 0x07, 0x94, 0xc5, 0x62, 0x06, 0x6b, 0x65, 0x52, 0x46, 0x4a,
  0x05, 0x42, 0x05, 0x42, 0x66, 0x52, 0xc6, 0x62, 0x25, 0x42, 0x25, 0x42,
  0x05, 0x3a, 0x46, 0x42, 0x66, 0x4a, 0x86, 0x52, 0x46, 0x4a, 0x66, 0x4a,
  0xc7, 0x5a, 0x86, 0x52, 0x67, 0x73, 0x47, 0x73, 0xa7, 0x7b, 0x47, 0x73,
  0x67, 0x7b, 0xe6, 0x62, 0xa7, 0x83, 0x67, 0x73, 0x25, 0x42, 0x25, 0x4a,
  0x86, 0x5a, 0x86, 0x52, 0x05, 0x3a, 0x26, 0x42, 0xa6, 0x52, 0xe7, 0x62,
  0xe6, 0x62, 0x07, 0x6b, 0xa8, 0x83, 0x08, 0x8c, 0x47, 0x73, 0x47, 0x6b,
  0xe8, 0x8b, 0x67, 0x7b, 0x6f, 0x9c, 0x4e, 0x94, 0xd0, 0xa4, 0xaf, 0xa4,
  0xf0, 0xac, 0xcf, 0xac, 0x10, 0xb5, 0x10, 0xb5, 0x11, 0xad, 0xf0, 0xac,
  0x52, 0xb5, 0x72, 0xbd, 0x71, 0xbd, 0x30, 0xb5, 0x92, 0xc5, 0x51, 0xbd,
  0x2e, 0xbd, 0x8c, 0xa4, 0x2f, 0xbd, 0x2d, 0xbd, 0x0a, 0x94, 0x6a, 0x9c,
  0x2a, 0x94, 0xab, 0xa4, 0x50, 0xbd, 0x4e, 0xbd, 0x70, 0xc5, 0x2e, 0xbd,
  0x8b, 0xa4, 0xab, 0xa4, 0xcc, 0xac, 0xab, 0xac, 0xb3, 0xc5, 0x92, 0xc5,
  0xf3, 0xcd, 0xf3, 0xcd, 0xb2, 0xc5, 0x91, 0xc5, 0xf3, 0xd5, 0xd2, 0xcd,
  0x54, 0xde, 0x74, 0xe6, 0x95, 0xe6, 0x95, 0xe6, 0x54, 0xde, 0x33, 0xd6,
  0x74, 0xe6, 0x94, 0xe6, 0x90, 0xc5, 0x4f, 0xc5, 0xf2, 0xd5, 0xb0, 0xcd,
  0x0d, 0xb5, 0x2d, 0xbd, 0x4e, 0xbd, 0x6d, 0xc5, 0x32, 0xde, 0xf1, 0xd5,
  0x73, 0xe6, 0x73, 0xe6, 0x6e, 0xc5, 0x4d, 0xc5, 0xd0, 0xd5, 0x6e, 0xc5,
  0xe9, 0x8b, 0x09, 0x94, 0x6a, 0x9c, 0x49, 0x94, 0x09, 0x8c, 0x29, 0x94,
  0x09, 0x94, 0x49, 0x94, 0x6a, 0x9c, 0x6a, 0x9c, 0xab, 0xac, 0xeb, 0xb4,
  0x29, 0x94, 0x29, 0x94, 0xcb, 0xac, 0x6a, 0xa4, 0x89, 0xa4, 0xc9, 0xac,
  0x29, 0x94, 0x49, 0x9c, 0x89, 0xa4, 0x48, 0x9c, 0x89, 0xa4, 0x88, 0x7b,
  0x49, 0x9c, 0xe8, 0x8b, 0x6a, 0x9c, 0x49, 0x9c, 0x49, 0x9c, 0xa9, 0xac,
  0x49, 0x9c, 0x69, 0xa4, 0xcc, 0xac, 0x2c, 0xbd, 0xcc, 0xb4, 0xec, 0xb4,
  0xcb, 0xac, 0x8a, 0xa4, 0xcc, 0xac, 0xeb, 0xb4, 0x8d, 0xc5, 0x2d, 0xbd,
  0xce, 0xcd, 0xce, 0xd5, 0x6d, 0xc5, 0x6d, 0xc5, 0x6d, 0xc5, 0x4d, 0xc5,
  0x8a, 0xa4, 0x09, 0x94, 0xcb, 0xac, 0xca, 0xac, 0xeb, 0xb4, 0x6a, 0xa4,
  0x8a, 0xa4, 0x0b, 0xbd, 0x0c, 0xb5, 0xeb, 0xb4, 0x4c, 0xbd, 0xec, 0xb4,
  0xeb, 0xb4, 0x6c, 0xc5, 0x0c, 0xbd, 0x6c, 0xc5, 0xd6, 0xee, 0xf6, 0xee,
  0x57, 0xff, 0x77, 0xff, 0xf6, 0xf6, 0x15, 0xf7, 0x77, 0xff, 0x56, 0xff,
  0xf9, 0xff, 0xf9, 0xff, 0xfb, 0xff, 0xfb, 0xff, 0x76, 0xff, 0x15, 0xff,
  0xfa, 0xff, 0xf9, 0xff, 0xb3, 0xee, 0x73, 0xe6, 0xd4, 0xf6, 0x72, 0xee,
  0x11, 0xde, 0xaf, 0xcd, 0x72, 0xe6, 0x31, 0xde, 0xf4, 0xf6, 0x15, 0xff,
  0xf9, 0xff, 0xf9, 0xff, 0x55, 0xff, 0x34, 0xff, 0xf8, 0xff, 0xf8, 0xff,
  0xff, 0xff, 0xff, 0xff, 0xff, 0xff, 0xff, 0xff, 0xfe, 0xff, 0xfc, 0xff,
  0xfd, 0xff, 0xfb, 0xff, 0x76, 0xff, 0x97, 0xff, 0xee, 0xb4, 0xce, 0xb4,
  0x15, 0xff, 0x93, 0xee, 0xcd, 0xac, 0x8d, 0xa4, 0xfb, 0xff, 0xfa, 0xff,
  0xf9, 0xff, 0xb7, 0xff, 0xff, 0xff, 0xf9, 0xff, 0x76, 0xff, 0x14, 0xff,
  0x32, 0xe6, 0xf0, 0xd5, 0x6d, 0xa4, 0x4c, 0x9c, 0xb0, 0xcd, 0x6f, 0xc5,
  0x0c, 0x94, 0xcb, 0x8b, 0xae, 0xcd, 0xce, 0xd5, 0x30, 0xde, 0x30, 0xde,
  0x8e, 0xcd, 0xae, 0xcd, 0xcf, 0xd5, 0xef, 0xd5, 0x34, 0xff, 0xf3, 0xf6,
  0xb6, 0xff, 0x75, 0xff, 0xf3, 0xf6, 0xb2, 0xee, 0x54, 0xff, 0x34, 0xff,
  0x6d, 0xc5, 0x8e, 0xc5, 0x30, 0xde, 0x10, 0xde, 0x8e, 0xcd, 0xae, 0xcd,
  0x30, 0xde, 0x30, 0xde, 0x92, 0xee, 0x92, 0xe6, 0xf2, 0xf6, 0xb1, 0xee,
  0x51, 0xe6, 0x30, 0xde, 0x70, 0xe6, 0x51, 0xe6, 0xd7, 0xff, 0x75, 0xff,
  0xd3, 0xf6, 0x92, 0xee, 0x34, 0xff, 0xf3, 0xf6, 0x52, 0xe6, 0x11, 0xde,
  0x4f, 0xc5, 0x0e, 0xbd, 0xab, 0x83, 0x8b, 0x7b, 0xcd, 0xb4, 0x8d, 0xa4,
  0x6b, 0x7b, 0x6b, 0x7b, 0xb2, 0xee, 0x91, 0xee, 0xd0, 0xd5, 0x90, 0xcd,
  0x71, 0xe6, 0x51, 0xe6, 0x2f, 0xbd, 0xcd, 0xac, 0x2c, 0x94, 0xcb, 0x8b,
  0x6b, 0x7b, 0x6b, 0x7b, 0x8b, 0x7b, 0x6b, 0x7b, 0x6b, 0x7b, 0x6b, 0x7b,
  0x87, 0x7b, 0x47, 0x73, 0xc8, 0x8b, 0x08, 0x94, 0xe7, 0x62, 0xe7, 0x62,
  0x28, 0x94, 0x68, 0x7b, 0x08, 0x94, 0x29, 0x94, 0x89, 0xa4, 0x49, 0x9c,
  0x29, 0x9c, 0x08, 0x8c, 0x29, 0x94, 0x29, 0x9c, 0x67, 0x7b, 0x28, 0x94,
  0x67, 0x7b, 0x88, 0x83, 0x28, 0x94, 0x28, 0x94, 0xc8, 0x8b, 0x08, 0x9c,
  0xa8, 0x7b, 0x88, 0x7b, 0x09, 0x94, 0xa8, 0x83, 0x09, 0x94, 0x08, 0x9c,
  0xc9, 0x8b, 0x09, 0x94, 0xe9, 0x8b, 0xc9, 0x8b, 0x0b, 0xbd, 0xaa, 0xa4,
  0xa9, 0x83, 0x48, 0x73, 0xe9, 0x8b, 0x89, 0x7b, 0x4b, 0xc5, 0x8c, 0xcd,
  0x8d, 0xcd, 0x8d, 0xcd, 0xac, 0xcd, 0x4b, 0xbd, 0x6d, 0xc5, 0x0c, 0xbd,
  0xe9, 0x8b, 0xc9, 0x8b, 0x69, 0x7b, 0xa9, 0x83, 0x09, 0x94, 0xe9, 0x93,
  0x29, 0x94, 0x49, 0x94, 0xeb, 0xb4, 0x0b, 0xb5, 0xcc, 0xac, 0x0c, 0xb5,
  0x4c, 0xc5, 0x4c, 0xbd, 0x8d, 0xc5, 0x4c, 0xbd, 0x48, 0x9c, 0x08, 0x94,
  0x48, 0x9c, 0x48, 0x9c, 0x08, 0x94, 0x08, 0x94, 0x48, 0x9c, 0x48, 0x9c,
  0x49, 0x9c, 0x49, 0x9c, 0x09, 0x94, 0x6a, 0x9c, 0x48, 0x9c, 0x69, 0xa4,
  0xaa, 0xac, 0x8a, 0xac, 0x48, 0x9c, 0x08, 0x94, 0x28, 0x94, 0x48, 0x9c,
  0xe8, 0x8b, 0x87, 0x7b, 0x48, 0x9c, 0xa8, 0xac, 0xa9, 0xac, 0x69, 0xa4,
  0x29, 0x9c, 0xe9, 0x8b, 0x29, 0x9c, 0x49, 0x9c, 0x69, 0x9c, 0x0a, 0xbd,
  0xc9, 0x8b, 0x6a, 0xa4, 0x8a, 0xa4, 0xeb, 0xac, 0xcb, 0xac, 0xea, 0xac,
  0xeb, 0xb4, 0xaa, 0xac, 0x0b, 0xb5, 0xcb, 0xac, 0x0c, 0xbd, 0x2c, 0xbd,
  0xeb, 0xb4, 0xeb, 0xb4, 0x2c, 0xbd, 0x2c, 0xbd, 0x0a, 0xb5, 0xaa, 0xac,
  0x8a, 0xa4, 0xcb, 0xb4, 0x0b, 0xb5, 0xeb, 0xb4, 0x0b, 0xb5, 0xeb, 0xb4,
  0xeb, 0xb4, 0xeb, 0xb4, 0x0c, 0xb5, 0x0c, 0xbd, 0xeb, 0xb4, 0xec, 0xb4,
  0x0d, 0xbd, 0x2c, 0x9c, 0xce, 0xd5, 0x2f, 0xde, 0x10, 0xde, 0xef, 0xd5,
  0x2f, 0xde, 0xee, 0xd5, 0xee, 0xd5, 0x8e, 0xcd, 0x10, 0xde, 0x8e, 0xcd,
  0x51, 0xe6, 0x30, 0xde, 0xae, 0xcd, 0xae, 0xcd, 0x30, 0xde, 0xf0, 0xdd,
  0xae, 0xcd, 0xad, 0xcd, 0xad, 0xcd, 0x8d, 0xcd, 0x4d, 0xbd, 0x4d, 0xbd,
  0x4d, 0xbd, 0x2d, 0xbd, 0x8e, 0xcd, 0x8e, 0xcd, 0xb0, 0xcd, 0x4f, 0xc5,
  0xcf, 0xd5, 0x8f, 0xcd, 0x8d, 0xa4, 0xcb, 0x83, 0x10, 0xde, 0xd0, 0xcd,
  0x4c, 0x9c, 0xcb, 0x8b, 0x2e, 0xbd, 0x8d, 0xa4, 0x8b, 0x7b, 0x6b, 0x7b,
  0x6b, 0x7b, 0x6b, 0x7b, 0x6b, 0x7b, 0x6b, 0x7b, 0x6b, 0x7b, 0x6b, 0x7b,
  0x6b, 0x7b, 0x6b, 0x7b, 0xeb, 0x8b, 0x8b, 0x7b, 0x6b, 0x7b, 0x6b, 0x7b,
  0x6b, 0x7b, 0x6b, 0x7b, 0x6b, 0x7b, 0x6b, 0x7b, 0x6b, 0x7b, 0x6b, 0x7b,
  0x6b, 0x7b, 0x6b, 0x7b, 0x6b, 0x7b, 0x6b, 0x7b, 0x6b, 0x7b, 0x6b, 0x7b,
  0x4d, 0xc5, 0x0c, 0xbd, 0x4d, 0xc5, 0x8e, 0xcd, 0x2d, 0xbd, 0x4d, 0xc5,
  0x2e, 0xbd, 0x4c, 0x9c, 0x0e, 0xbd, 0x2c, 0x94, 0x6b, 0x7b, 0x6b, 0x7b,
  0x8b, 0x7b, 0x6b, 0x7b, 0x6b, 0x7b, 0x6b, 0x7b, 0x2e, 0xbd, 0x6c, 0xa4,
  0x8b, 0x7b, 0x6b, 0x7b, 0x8b, 0x7b, 0x6b, 0x7b, 0x6b, 0x7b, 0x6b, 0x7b,
  0x6b, 0x7b, 0x6b, 0x7b, 0x6b, 0x7b, 0x6b, 0x7b, 0x6b, 0x7b, 0x6b, 0x7b,
  0x6b, 0x7b, 0x6b, 0x7b, 0x6b, 0x7b, 0x6b, 0x7b, 0x6b, 0x7b, 0x6b, 0x7b,
  0x6b, 0x7b, 0x6b, 0x7b, 0x6b, 0x7b, 0x6b, 0x7b, 0x6b, 0x7b, 0x6b, 0x7b,
  0x6b, 0x7b, 0x6b, 0x7b, 0x6b, 0x7b, 0x6b, 0x7b, 0x6b, 0x7b, 0x6b, 0x7b,
  0x6b, 0x7b, 0x6b, 0x7b, 0x6b, 0x7b, 0x6b, 0x7b, 0x6b, 0x7b, 0x6b, 0x7b,
  0x6b, 0x7b, 0x6b, 0x7b, 0x6b, 0x7b, 0x6b, 0x7b, 0x6b, 0x7b, 0x6b, 0x7b,
  0x6b, 0x7b, 0x6b, 0x7b, 0x6b, 0x7b, 0x6b, 0x7b, 0x83, 0x29, 0x04, 0x42,
  0xc5, 0x62, 0x64, 0x52, 0x04, 0x42, 0xc4, 0x39, 0x24, 0x42, 0x65, 0x4a,
  0x24, 0x6b, 0x84, 0x52, 0xa5, 0x52, 0xe5, 0x5a, 0xe5, 0x62, 0x84, 0x52,
  0x85, 0x52, 0x84, 0x52, 0xa4, 0x31, 0x63, 0x29, 0x45, 0x42, 0x44, 0x4a,
  0x04, 0x3a, 0x24, 0x42, 0xc4, 0x5a, 0x05, 0x6b, 0xa4, 0x52, 0x25, 0x6b,
  0x45, 0x6b, 0x84, 0x52, 0xc4, 0x5a, 0x25, 0x63, 0x25, 0x63, 0x84, 0x52,
  0x65, 0x52, 0xa4, 0x52, 0x84, 0x52, 0x24, 0x6b, 0x44, 0x6b, 0x84, 0x7b,
  0x45, 0x73, 0xa5, 0x5a, 0x04, 0x63, 0x64, 0x73, 0xe4, 0x83, 0xa5, 0x7b,
  0x24, 0x6b, 0x24, 0x6b, 0x64, 0x7b, 0xc5, 0x83, 0x45, 0x73, 0x84, 0x52,
  0xc5, 0x5a, 0x85, 0x52, 0xe4, 0x39, 0x03, 0x42, 0xe4, 0x62, 0xc4, 0x83,
  0xc4, 0x5a, 0x64, 0x73, 0x05, 0x8c, 0x06, 0x8c, 0x26, 0x94, 0xc5, 0x83,
  0x26, 0x73, 0xe6, 0x62, 0x64, 0x4a, 0xa5, 0x5a, 0x04, 0x63, 0x84, 0x52,
  0x85, 0x52, 0xe4, 0x62, 0xe5, 0x6a, 0x64, 0x52, 0xa4, 0x52, 0xa4, 0x52,
  0x64, 0x4a, 0x04, 0x42, 0x24, 0x4a, 0x04, 0x42, 0xc5, 0x62, 0x05, 0x6b,
  0x04, 0x42, 0x44, 0x4a, 0x24, 0x4a, 0x23, 0x6b, 0x04, 0x63, 0xe4, 0x62,
  0x65, 0x73, 0x85, 0x52, 0x24, 0x6b, 0x65, 0x7b, 0xa6, 0x83, 0x25, 0x6b,
  0xe5, 0x62, 0x45, 0x4a, 0x85, 0x52, 0x45, 0x52, 0x04, 0x63, 0x45, 0x73,
  0x64, 0x73, 0x44, 0x73, 0x44, 0x73, 0x85, 0x7b, 0xa5, 0x83, 0xe5, 0x62,
  0xc5, 0x83, 0x65, 0x7b, 0x85, 0x52, 0x45, 0x4a, 0x86, 0x5a, 0x65, 0x52,
  0x45, 0x4a, 0x65, 0x4a, 0x26, 0x73, 0xa6, 0x62, 0xc5, 0x62, 0xa6, 0x62,
  0xa6, 0x5a, 0xa6, 0x5a, 0xc7, 0x5a, 0x47, 0x7b, 0x85, 0x52, 0x86, 0x52,
  0x66, 0x52, 0x27, 0x73, 0x67, 0x7b, 0xc7, 0x8b, 0xc7, 0x83, 0xc7, 0x8b,
  0xa7, 0x83, 0xa6, 0x83, 0x06, 0x6b, 0x88, 0x83, 0xa7, 0x83, 0x28, 0x94,
  0xe6, 0x62, 0x46, 0x4a, 0xa6, 0x5a, 0xc6, 0x62, 0x45, 0x4a, 0x25, 0x42,
  0x25, 0x42, 0x25, 0x4a, 0x46, 0x4a, 0x86, 0x52, 0xa6, 0x7b, 0xc6, 0x62,
  0x25, 0x42, 0x45, 0x4a, 0x66, 0x52, 0x25, 0x42, 0x66, 0x52, 0x25, 0x42,
  0x25, 0x42, 0x66, 0x4a, 0x86, 0x52, 0x45, 0x4a, 0x46, 0x4a, 0x46, 0x4a,
  0x86, 0x52, 0xe6, 0x62, 0x26, 0x42, 0x46, 0x4a, 0xe7, 0x5a, 0xe6, 0x62,
  0xa6, 0x5a, 0xc6, 0x5a, 0xe6, 0x62, 0x46, 0x73, 0x67, 0x73, 0x67, 0x73,
  0xa7, 0x83, 0xa7, 0x83, 0xe7, 0x8b, 0xa7, 0x83, 0x67, 0x7b, 0xc8, 0x83,
  0x86, 0x52, 0xe7, 0x62, 0x87, 0x7b, 0x27, 0x6b, 0xe7, 0x62, 0x07, 0x6b,
  0xa7, 0x83, 0x28, 0x94, 0x88, 0x7b, 0x08, 0x94, 0x08, 0x94, 0x08, 0x94,
  0x48, 0x9c, 0x29, 0x94, 0x08, 0x94, 0xa9, 0xac, 0x25, 0x42, 0x25, 0x42,
  0x26, 0x42, 0x26, 0x42, 0x46, 0x4a, 0x86, 0x52, 0x66, 0x52, 0xe7, 0x62,
  0x86, 0x52, 0x86, 0x52, 0xa6, 0x5a, 0xe8, 0x8b, 0x47, 0x73, 0xe7, 0x8b,
  0x48, 0x9c, 0x28, 0x9c, 0x07, 0x6b, 0xa7, 0x83, 0xa8, 0x83, 0xe8, 0x8b,
  0x07, 0x8c, 0x89, 0xa4, 0xa9, 0xac, 0x8a, 0xac, 0x08, 0x94, 0x89, 0xa4,
  0x68, 0xa4, 0x8a, 0xa4, 0xaa, 0xac, 0x4b, 0x9c, 0x4b, 0x9c, 0x6b, 0x7b,
  0xc7, 0x83, 0x48, 0x9c, 0x28, 0x9c, 0xa8, 0x83, 0xe8, 0x8b, 0x89, 0xa4,
  0xa9, 0xac, 0x6a, 0xa4, 0x28, 0x94, 0xca, 0xb4, 0xea, 0xb4, 0x6a, 0xa4,
  0x6a, 0xa4, 0x6b, 0xa4, 0x2b, 0x94, 0x6b, 0x7b, 0x69, 0xa4, 0x4b, 0x9c,
  0x6b, 0xa4, 0x8b, 0x7b, 0x8b, 0x7b, 0x6b, 0x7b, 0x6b, 0x7b, 0x6b, 0x7b,
  0x6b, 0x7b, 0x6b, 0x7b, 0x6b, 0x7b, 0x6b, 0x7b, 0x6b, 0x7b, 0x6b, 0x7b,
  0x6b, 0x7b, 0x6b, 0x7b, 0xe5, 0x62, 0x45, 0x73, 0xa5, 0x62, 0x46, 0x73,
  0x26, 0x73, 0x06, 0x6b, 0x06, 0x6b, 0x86, 0x7b, 0xc6, 0x62, 0xe6, 0x62,
  0xc6, 0x62, 0x86, 0x7b, 0xa6, 0x83, 0xc7, 0x8b, 0xc7, 0x8b, 0x48, 0x9c,
  0xa7, 0x83, 0x48, 0x9c, 0x28, 0x94, 0x89, 0xa4, 0x49, 0x9c, 0x8b, 0x7b,
  0xeb, 0x8b, 0x6b, 0x7b, 0x68, 0xa4, 0x2a, 0x9c, 0x69, 0xa4, 0x8b, 0x83,
  0x6a, 0x7b, 0x6b, 0x7b, 0x6b, 0x7b, 0x6b, 0x7b, 0x46, 0x73, 0xa7, 0x83,
  0xc7, 0x8b, 0x48, 0x9c, 0x48, 0x9c, 0x69, 0xa4, 0x69, 0xa4, 0x4b, 0x9c,
  0x28, 0x94, 0xa9, 0xac, 0x89, 0xa4, 0x6a, 0xa4, 0x6a, 0xa4, 0x8b, 0x7b,
  0xab, 0x83, 0x6b, 0x7b, 0x0b, 0x94, 0x6b, 0x7b, 0x6b, 0x7b, 0x6b, 0x7b,
  0x6b, 0x7b, 0x6b, 0x7b, 0x6b, 0x7b, 0x6b, 0x7b, 0x6b, 0x7b, 0x6b, 0x7b,
  0x6b, 0x7b, 0x6b, 0x7b, 0x6b, 0x7b, 0x6b, 0x7b, 0x6b, 0x7b, 0x6b, 0x7b,
  0x6b, 0x7b, 0x6b, 0x7b, 0x6b, 0x7b, 0x6b, 0x7b, 0x6b, 0x7b, 0x6b, 0x7b,
  0x6b, 0x7b, 0x6b, 0x7b, 0x6b, 0x7b, 0x6b, 0x7b, 0x6b, 0x7b, 0x6b, 0x7b,
  0x6b, 0x7b, 0x6b, 0x7b, 0x6b, 0x7b, 0x6b, 0x7b, 0x6b, 0x7b, 0x6b, 0x7b,
  0x6b, 0x7b, 0x6b, 0x7b, 0x6b, 0x7b, 0x6b, 0x7b, 0x6b, 0x7b, 0x6b, 0x7b,
  0x6b, 0x7b, 0x6b, 0x7b, 0x6b, 0x7b, 0x6b, 0x7b, 0x6b, 0x7b, 0x6b, 0x7b,
  0x6b, 0x7b, 0x6b, 0x7b, 0x6b, 0x7b, 0x6b, 0x7b, 0x6b, 0x7b, 0x6b, 0x7b,
  0x6b, 0x7b, 0x6b, 0x7b, 0x6b, 0x7b, 0x6b, 0x7b, 0x6b, 0x7b, 0x6b, 0x7b,
  0x6b, 0x7b, 0x6b, 0x7b, 0x6b, 0x7b, 0x6b, 0x7b, 0x6b, 0x7b, 0x6b, 0x7b,
  0x6b, 0x7b, 0x6b, 0x7b, 0x6b, 0x7b, 0x6b, 0x7b, 0x6b, 0x7b, 0x6b, 0x7b,
  0x6b, 0x7b, 0x6b, 0x7b, 0x6b, 0x7b, 0x6b, 0x7b, 0x6b, 0x7b, 0x6b, 0x7b,
  0x6b, 0x7b, 0x6b, 0x7b, 0x6b, 0x7b, 0x6b, 0x7b, 0x8a, 0xa4, 0xeb, 0x8b,
  0x0b, 0x94, 0x6b, 0x7b, 0x6b, 0x7b, 0x6b, 0x7b, 0x6b, 0x7b, 0x6b, 0x7b,
  0x6b, 0x7b, 0x6b, 0x7b, 0x6b, 0x7b, 0x6b, 0x7b, 0x6b, 0x7b, 0x6b, 0x7b,
  0x6b, 0x7b, 0x6b, 0x7b, 0x6b, 0x7b, 0x6b, 0x7b, 0x6b, 0x7b, 0x6b, 0x7b,
  0x6b, 0x7b, 0x6b, 0x7b, 0x6b, 0x7b, 0x6b, 0x7b, 0x6b, 0x7b, 0x6b, 0x7b,
  0x6b, 0x7b, 0x6b, 0x7b, 0x6b, 0x7b, 0x6b, 0x7b, 0x6b, 0x7b, 0x6b, 0x7b,
  0x6b, 0x7b, 0x6b, 0x7b, 0x6b, 0x7b, 0x6b, 0x7b, 0x6b, 0x7b, 0x6b, 0x7b,
  0x6b, 0x7b, 0x6b, 0x7b, 0x6b, 0x7b, 0x6b, 0x7b, 0x6b, 0x7b, 0x6b, 0x7b,
  0x6b, 0x7b, 0x6b, 0x7b, 0x6b, 0x7b, 0x6b, 0x7b, 0x6b, 0x7b, 0x6b, 0x7b,
  0x6b, 0x7b, 0x6b, 0x7b, 0x6b, 0x7b, 0x6b, 0x7b, 0x6b, 0x7b, 0x6b, 0x7b,
  0x6b, 0x7b, 0x6b, 0x7b, 0x6b, 0x7b, 0x6b, 0x7b, 0x6b, 0x7b, 0x6b, 0x7b,
  0x6b, 0x7b, 0x6b, 0x7b, 0x6b, 0x7b, 0x6b, 0x7b, 0x6b, 0x7b, 0x6b, 0x7b,
  0x6b, 0x7b, 0x6b, 0x7b, 0x6b, 0x7b, 0x6b, 0x7b, 0x6b, 0x7b, 0x6b, 0x7b,
  0x6b, 0x7b, 0x6b, 0x7b, 0x6b, 0x7b, 0x6b, 0x7b, 0x6b, 0x7b, 0x6b, 0x7b,
  0x6b, 0x7b, 0x6b, 0x7b, 0x6b, 0x7b, 0x6b, 0x7b, 0x6b, 0x7b, 0x6b, 0x7b,
  0x6b, 0x7b, 0x6b, 0x7b, 0x6b, 0x7b, 0x6b, 0x7b, 0x6b, 0x7b, 0x6b, 0x7b,
  0x6b, 0x7b, 0x6b, 0x7b, 0x6b, 0x7b, 0x6b, 0x7b, 0x6b, 0x7b, 0x6b, 0x7b,
  0x6b, 0x7b, 0x6b, 0x7b, 0x6b, 0x7b, 0x6b, 0x7b, 0x6b, 0x7b, 0x6b, 0x7b,
  0x6b, 0x7b, 0x6b, 0x7b, 0x6b, 0x7b, 0x6b, 0x7b, 0x6b, 0x7b, 0x6b, 0x7b,
  0x6b, 0x7b, 0x6b, 0x7b, 0x6b, 0x7b, 0x6b, 0x7b, 0x6b, 0x7b, 0x6b, 0x7b,
  0x6b, 0x7b, 0x6b, 0x7b, 0x6b, 0x7b, 0x6b, 0x7b, 0x6b, 0x7b, 0x6b, 0x7b,
  0x6b, 0x7b, 0x6b, 0x7b, 0x6b, 0x7b, 0x6b, 0x7b, 0x6b, 0x7b, 0x6b, 0x7b,
  0xa7, 0x83, 0x07, 0x94, 0xa9, 0xac, 0x89, 0xa4, 0x68, 0x9c, 0x08, 0x94,
  0x69, 0x9c, 0x89, 0xac, 0x69, 0x9c, 0xaa, 0xac, 0x4b, 0xc5, 0x0a, 0xbd,
  0x0a, 0xbd, 0x0a, 0xbd, 0x6a, 0xa4, 0x8a, 0xa4, 0x29, 0x94, 0xa9, 0xac,
  0x2a, 0xc5, 0xca, 0xb4, 0x0a, 0xbd, 0x8a, 0xac, 0x8a, 0xa4, 0x8b, 0xac,
  0x8a, 0xa4, 0x8a, 0xa4, 0xab, 0xac, 0x6c, 0xa4, 0x8c, 0xac, 0xab, 0x83,
  0x8b, 0x7b, 0x6b, 0x7b, 0xaa, 0xac, 0x8a, 0xa4, 0xab, 0xac, 0xcc, 0xb4,
  0xab, 0xac, 0xac, 0xac, 0x8c, 0xa4, 0x8b, 0x7b, 0xcd, 0xb4, 0xeb, 0x8b,
  0x6b, 0x7b, 0x6b, 0x7b, 0x6b, 0x7b, 0x6b, 0x7b, 0x6b, 0x7b, 0x6b, 0x7b,
  0xeb, 0x93, 0x6b, 0x7b, 0x6b, 0x7b, 0x6b, 0x7b, 0x6b, 0x7b, 0x6b, 0x7b,
  0x6b, 0x7b, 0x6b, 0x7b, 0x6b, 0x7b, 0x6b, 0x7b, 0x6b, 0x7b, 0x6b, 0x7b,
  0x6b, 0x7b, 0x6b, 0x7b, 0x6b, 0x7b, 0x6b, 0x7b, 0x8b, 0xa4, 0x2b, 0x94,
  0xeb, 0x8b, 0x6b, 0x7b, 0x6a, 0x7b, 0x6b, 0x7b, 0x6b, 0x7b, 0x6b, 0x7b,
  0x6b, 0x7b, 0x6b, 0x7b, 0x6b, 0x7b, 0x6b, 0x7b, 0x6b, 0x7b, 0x6b, 0x7b,
  0x6b, 0x7b, 0x6b, 0x7b, 0x6b, 0x7b, 0x6b, 0x7b, 0x6b, 0x7b, 0x6b, 0x7b,
  0x6b, 0x7b, 0x6b, 0x7b, 0x6b, 0x7b, 0x6b, 0x7b, 0x6b, 0x7b, 0x6b, 0x7b,
  0x6b, 0x7b, 0x6b, 0x7b, 0x6b, 0x7b, 0x6b, 0x7b, 0x6b, 0x7b, 0x6b, 0x7b,
  0x6b, 0x7b, 0x6b, 0x7b, 0x6b, 0x7b, 0x6b, 0x7b, 0x6b, 0x7b, 0x6b, 0x7b,
  0x6b, 0x7b, 0x6b, 0x7b, 0x6b, 0x7b, 0x6b, 0x7b, 0x6b, 0x7b, 0x6b, 0x7b,
  0x6b, 0x7b, 0x6b, 0x7b, 0x6b, 0x7b, 0x6b, 0x7b, 0x6b, 0x7b, 0x6b, 0x7b,
  0x6b, 0x7b, 0x6b, 0x7b, 0x6b, 0x7b, 0x6b, 0x7b, 0x6b, 0x7b, 0x6b, 0x7b,
  0x6b, 0x7b, 0x6b, 0x7b, 0x6b, 0x7b, 0x6b, 0x7b, 0x6b, 0x7b, 0x6b, 0x7b,
  0x6b, 0x7b, 0x6b, 0x7b, 0x6b, 0x7b, 0x6b, 0x7b, 0x6b, 0x7b, 0x6b, 0x7b,
  0x6b, 0x7b, 0x6b, 0x7b, 0x6b, 0x7b, 0x6b, 0x7b, 0x6b, 0x7b, 0x6b, 0x7b,
  0x6b, 0x7b, 0x6b, 0x7b, 0x6b, 0x7b, 0x6b, 0x7b, 0x6b, 0x7b, 0x6b, 0x7b,
  0x6b, 0x7b, 0x6b, 0x7b, 0x6b, 0x7b, 0x6b, 0x7b, 0x6b, 0x7b, 0x6b, 0x7b,
  0x6b, 0x7b, 0x6b, 0x7b, 0x6b, 0x7b, 0x6b, 0x7b, 0x6b, 0x7b, 0x6b, 0x7b,
  0x6b, 0x7b, 0x6b, 0x7b, 0x6b, 0x7b, 0x6b, 0x7b, 0x6b, 0x7b, 0x6b, 0x7b,
  0x6b, 0x7b, 0x6b, 0x7b, 0x6b, 0x7b, 0x6b, 0x7b, 0x6b, 0x7b, 0x6b, 0x7b,
  0x6b, 0x7b, 0x6b, 0x7b, 0x6b, 0x7b, 0x6b, 0x7b, 0x6b, 0x7b, 0x6b, 0x7b,
  0x6b, 0x7b, 0x6b, 0x7b, 0x6b, 0x7b, 0x6b, 0x7b, 0x6b, 0x7b, 0x6b, 0x7b,
  0x6b, 0x7b, 0x6b, 0x7b, 0x6b, 0x7b, 0x6b, 0x7b, 0x6b, 0x7b, 0x6b, 0x7b,
  0x6b, 0x7b, 0x6b, 0x7b, 0x6b, 0x7b, 0x6b, 0x7b, 0x6b, 0x7b, 0x6b, 0x7b,
  0x6b, 0x7b, 0x6b, 0x7b, 0x6b, 0x7b, 0x6b, 0x7b, 0x6b, 0x7b, 0x6b, 0x7b,
  0x6b, 0x7b, 0x6b, 0x7b, 0x6b, 0x7b, 0x6b, 0x7b, 0x6b, 0x7b, 0x6b, 0x7b,
  0x6b, 0x7b, 0x6b, 0x7b, 0x6b, 0x7b, 0x6b, 0x7b, 0x6b, 0x7b, 0x6b, 0x7b,
  0x6b, 0x7b, 0x6b, 0x7b, 0x6b, 0x7b, 0x6b, 0x7b, 0x6b, 0x7b, 0x6b, 0x7b,
  0x6b, 0x7b, 0x6b, 0x7b, 0x6b, 0x7b, 0x6b, 0x7b, 0x6b, 0x7b, 0x6b, 0x7b,
  0x6b, 0x7b, 0x6b, 0x7b, 0x6b, 0x7b, 0x6b, 0x7b, 0x6b, 0x7b, 0x6b, 0x7b,
  0x6b, 0x7b, 0x6b, 0x7b, 0x6b, 0x7b, 0x6b, 0x7b, 0x6b, 0x7b, 0x6b, 0x7b,
  0x6b, 0x7b, 0x6b, 0x7b, 0x6b, 0x7b, 0x6b, 0x7b, 0x6b, 0x7b, 0x6b, 0x7b,
  0x6b, 0x7b, 0x6b, 0x7b, 0x6b, 0x7b, 0x6b, 0x7b, 0x6b, 0x7b, 0x6b, 0x7b,
  0x6b, 0x7b, 0x6b, 0x7b, 0x6b, 0x7b, 0x6b, 0x7b, 0x6b, 0x7b, 0x6b, 0x7b,
  0x6b, 0x7b, 0x6b, 0x7b, 0x6b, 0x7b, 0x6b, 0x7b, 0x6b, 0x7b, 0x6b, 0x7b,
  0x6b, 0x7b, 0x6b, 0x7b, 0x6b, 0x7b, 0x6b, 0x7b, 0x6b, 0x7b, 0x6b, 0x7b,
  0x6b, 0x7b, 0x6b, 0x7b, 0x6b, 0x7b, 0x6b, 0x7b, 0x6b, 0x7b, 0x6b, 0x7b,
  0x6b, 0x7b, 0x6b, 0x7b, 0x6b, 0x7b, 0x6b, 0x7b, 0x6b, 0x7b, 0x6b, 0x7b,
  0x6b, 0x7b, 0x6b, 0x7b, 0x6b, 0x7b, 0x6b, 0x7b, 0x6b, 0x7b, 0x6b, 0x7b,
  0x6b, 0x7b, 0x6b, 0x7b, 0x6b, 0x7b, 0x6b, 0x7b, 0x6b, 0x7b, 0x6b, 0x7b,
  0x6b, 0x7b, 0x6b, 0x7b, 0x6b, 0x7b, 0x6b, 0x7b, 0x6b, 0x7b, 0x6b, 0x7b,
  0x6b, 0x7b, 0x6b, 0x7b, 0x6b, 0x7b, 0x6b, 0x7b, 0x6b, 0x7b, 0x6b, 0x7b,
  0x6b, 0x7b, 0x6b, 0x7b, 0x6b, 0x7b, 0x6b, 0x7b, 0x6b, 0x7b, 0x6b, 0x7b,
  0x6b, 0x7b, 0x6b, 0x7b, 0x6b, 0x7b, 0x6b, 0x7b, 0x6b, 0x7b, 0x6b, 0x7b,
  0x6b, 0x7b, 0x6b, 0x7b, 0x6b, 0x7b, 0x6b, 0x7b, 0x6b, 0x7b, 0x6b, 0x7b,
  0x6b, 0x7b, 0x6b, 0x7b, 0x6b, 0x7b, 0x6b, 0x7b, 0x6b, 0x7b, 0x6b, 0x7b,
  0x6b, 0x7b, 0x6b, 0x7b, 0x6b, 0x7b, 0x6b, 0x7b, 0x6b, 0x7b, 0x6b, 0x7b,
  0x6b, 0x7b, 0x6b, 0x7b, 0x6b, 0x7b, 0x6b, 0x7b, 0x6b, 0x7b, 0x6b, 0x7b,
  0x6b, 0x7b, 0x6b, 0x7b, 0x6b, 0x7b, 0x6b, 0x7b, 0x6b, 0x7b, 0x6b, 0x7b,
  0x6b, 0x7b, 0x6b, 0x7b, 0x6b, 0x7b, 0x6b, 0x7b, 0x6b, 0x7b, 0x6b, 0x7b,
  0x6b, 0x7b, 0x6b, 0x7b, 0x6b, 0x7b, 0x6b, 0x7b, 0x6b, 0x7b, 0x6b, 0x7b,
  0x6b, 0x7b, 0x6b, 0x7b, 0x6b, 0x7b, 0x6b, 0x7b, 0x6b, 0x7b, 0x6b, 0x7b,
  0x6b, 0x7b, 0x6b, 0x7b, 0x6b, 0x7b, 0x6b, 0x7b, 0x6b, 0x7b, 0x6b, 0x7b,
  0x6b, 0x7b, 0x6b, 0x7b, 0x6b, 0x7b, 0x6b, 0x7b, 0x6b, 0x7b, 0x6b, 0x7b,
  0x6b, 0x7b, 0x6b, 0x7b, 0x6b, 0x7b, 0x6b, 0x7b, 0x6b, 0x7b, 0x6b, 0x7b,
  0x6b, 0x7b, 0x6b, 0x7b, 0x6b, 0x7b, 0x6b, 0x7b, 0x6b, 0x7b, 0x6b, 0x7b,
  0x6b, 0x7b, 0x6b, 0x7b, 0x6b, 0x7b, 0x6b, 0x7b, 0x6b, 0x7b, 0x6b, 0x7b,
  0x6b, 0x7b, 0x6b, 0x7b, 0x6b, 0x7b, 0x6b, 0x7b, 0x6b, 0x7b, 0x6b, 0x7b,
  0x6b, 0x7b, 0x6b, 0x7b, 0x6b, 0x7b, 0x6b, 0x7b, 0x6b, 0x7b, 0x6b, 0x7b,
  0x6b, 0x7b, 0x6b, 0x7b, 0x6b, 0x7b, 0x6b, 0x7b, 0x6b, 0x7b, 0x6b, 0x7b,
  0x6b, 0x7b, 0x6b, 0x7b, 0x6b, 0x7b, 0x6b, 0x7b, 0x6b, 0x7b, 0x6b, 0x7b,
  0x6b, 0x7b, 0x6b, 0x7b, 0x6b, 0x7b, 0x6b, 0x7b, 0x6b, 0x7b, 0x6b, 0x7b,
  0x6b, 0x7b, 0x6b, 0x7b, 0x6b, 0x7b, 0x6b, 0x7b, 0x6b, 0x7b, 0x6b, 0x7b,
  0x6b, 0x7b, 0x6b, 0x7b, 0x6b, 0x7b, 0x6b, 0x7b, 0x6b, 0x7b, 0x6b, 0x7b,
  0x6b, 0x7b, 0x6b, 0x7b, 0x6b, 0x7b, 0x6b, 0x7b, 0x6b, 0x7b, 0x6b, 0x7b,
  0x6b, 0x7b, 0x6b, 0x7b, 0x6b, 0x7b, 0x6b, 0x7b, 0x6b, 0x7b, 0x6b, 0x7b,
  0x6b, 0x7b, 0x6b, 0x7b, 0x6b, 0x7b, 0x6b, 0x7b, 0x6b, 0x7b, 0x6b, 0x7b,
  0x6b, 0x7b, 0x6b, 0x7b, 0x6b, 0x7b, 0x6b, 0x7b, 0x6b, 0x7b, 0x6b, 0x7b,
  0x6b, 0x7b, 0x6b, 0x7b, 0x6b, 0x7b, 0x6b, 0x7b, 0x6b, 0x7b, 0x6b, 0x7b,
  0x6b, 0x7b, 0x6b, 0x7b, 0x6b, 0x7b, 0x6b, 0x7b, 0x6b, 0x7b, 0x6b, 0x7b,
  0x6b, 0x7b, 0x6b, 0x7b, 0x6b, 0x7b, 0x6b, 0x7b, 0x6b, 0x7b, 0x6b, 0x7b,
  0x6b, 0x7b, 0x6b, 0x7b, 0x6b, 0x7b, 0x6b, 0x7b, 0x6b, 0x7b, 0x6b, 0x7b,
  0x6b, 0x7b, 0x6b, 0x7b, 0x6b, 0x7b, 0x6b, 0x7b, 0x6b, 0x7b, 0x6b, 0x7b,
  0x6b, 0x7b, 0x6b, 0x7b, 0x6b, 0x7b, 0x6b, 0x7b, 0x6b, 0x7b, 0x6b, 0x7b,
  0x6b, 0x7b, 0x6b, 0x7b, 0x6b, 0x7b, 0x6b, 0x7b, 0x6b, 0x7b, 0x6b, 0x7b,
  0x6b, 0x7b, 0x6b, 0x7b, 0x6b, 0x7b, 0x6b, 0x7b, 0x6b, 0x7b, 0x6b, 0x7b,
  0x6b, 0x7b, 0x6b, 0x7b, 0x6b, 0x7b, 0x6b, 0x7b, 0x6b, 0x7b, 0x6b, 0x7b,
  0x6b, 0x7b, 0x6b, 0x7b
};
